ISO-10303-21;
HEADER;
FILE_DESCRIPTION (( 'STEP AP214' ),
    '1' );
FILE_NAME ('HDR-TH_03P-P2.54-H-M-W10.4-N.STEP',
    '2022-03-02T03:04:15',
    ( 'PC' ),
    ( 'Microsoft' ),
    'SwSTEP 2.0',
    'SolidWorks 2020',
    '' );
FILE_SCHEMA (( 'AUTOMOTIVE_DESIGN' ));
ENDSEC;

DATA;
#1 = SURFACE_SIDE_STYLE ('',( #1147 ) ) ;
#2 = CARTESIAN_POINT ( 'NONE',  ( 0.7629973064254100823, 2.254140144503266718, 3.551000000000011703 ) ) ;
#3 = EDGE_LOOP ( 'NONE', ( #7393, #6458, #6159, #6954 ) ) ;
#4 = EDGE_CURVE ( 'NONE', #6898, #8272, #1994, .T. ) ;
#5 = ORIENTED_EDGE ( 'NONE', *, *, #109, .T. ) ;
#6 = SURFACE_STYLE_USAGE ( .BOTH. , #4542 ) ;
#7 = DIRECTION ( 'NONE',  ( -0.0000000000000000000, 3.491481338843133355E-15, -1.000000000000000000 ) ) ;
#8 = SURFACE_SIDE_STYLE ('',( #5841 ) ) ;
#9 =( NAMED_UNIT ( * ) SI_UNIT ( $, .STERADIAN. ) SOLID_ANGLE_UNIT ( ) );
#10 = CARTESIAN_POINT ( 'NONE',  ( 3.560000000000000497, 3.299999999999992273, 5.800000000000012257 ) ) ;
#11 =( LENGTH_UNIT ( ) NAMED_UNIT ( * ) SI_UNIT ( .MILLI., .METRE. ) );
#12 = PRESENTATION_STYLE_ASSIGNMENT (( #1890 ) ) ;
#13 = UNCERTAINTY_MEASURE_WITH_UNIT (LENGTH_MEASURE( 1.000000000000000082E-05 ), #4259, 'distance_accuracy_value', 'NONE');
#14 = VERTEX_POINT ( 'NONE', #2504 ) ;
#15 = CARTESIAN_POINT ( 'NONE',  ( 0.6529268292682929298, 1.512137957317073456, 3.551000000000006374 ) ) ;
#16 = FILL_AREA_STYLE_COLOUR ( '', #5839 ) ;
#17 = SURFACE_SIDE_STYLE ('',( #6465 ) ) ;
#18 = EDGE_CURVE ( 'NONE', #2071, #2723, #964, .T. ) ;
#19 =( NAMED_UNIT ( * ) PLANE_ANGLE_UNIT ( ) SI_UNIT ( $, .RADIAN. ) );
#20 =( LENGTH_UNIT ( ) NAMED_UNIT ( * ) SI_UNIT ( .MILLI., .METRE. ) );
#21 = CARTESIAN_POINT ( 'NONE',  ( 1.769999999999999796, 0.7999999999999910516, 6.050000000000003375 ) ) ;
#22 = ORIENTED_EDGE ( 'NONE', *, *, #4835, .F. ) ;
#23 = CARTESIAN_POINT ( 'NONE',  ( 0.5029268292682927965, 1.918292682926829418, 3.550000000000009148 ) ) ;
#24 = CARTESIAN_POINT ( 'NONE',  ( -2.220000000000000195, 3.879999999999999005, 3.800000000000013589 ) ) ;
#25 = ORIENTED_EDGE ( 'NONE', *, *, #3246, .T. ) ;
#26 = DIRECTION ( 'NONE',  ( 0.7071067811865472397, 2.468850131082266921E-15, -0.7071067811865479058 ) ) ;
#27 = CARTESIAN_POINT ( 'NONE',  ( 0.5029268292682927965, 1.874047256097561176, 3.550000000000007372 ) ) ;
#28 = EDGE_CURVE ( 'NONE', #7762, #1187, #6840, .T. ) ;
#29 = FACE_OUTER_BOUND ( 'NONE', #6171, .T. ) ;
#30 = CARTESIAN_POINT ( 'NONE',  ( 0.7389231114320462535, 2.336052725124666996, 3.550000000000010481 ) ) ;
#31 = SURFACE_STYLE_FILL_AREA ( #3258 ) ;
#32 = PRESENTATION_STYLE_ASSIGNMENT (( #3773 ) ) ;
#33 = MECHANICAL_DESIGN_GEOMETRIC_PRESENTATION_REPRESENTATION (  '', ( #3820 ), #1249 ) ;
#34 = CARTESIAN_POINT ( 'NONE',  ( 2.220000000000000195, -5.200000000000006395, 5.119999999999982343 ) ) ;
#35 = ORIENTED_EDGE ( 'NONE', *, *, #1454, .T. ) ;
#36 = DIRECTION ( 'NONE',  ( 0.0000000000000000000, -3.491481338843133355E-15, 1.000000000000000000 ) ) ;
#37 = VECTOR ( 'NONE', #4643, 1000.000000000000000 ) ;
#38 = PLANE ( 'NONE',  #541 ) ;
#39 = PLANE ( 'NONE',  #3709 ) ;
#40 = PRESENTATION_STYLE_ASSIGNMENT (( #8384 ) ) ;
#41 = ORIENTED_EDGE ( 'NONE', *, *, #7538, .F. ) ;
#42 = LINE ( 'NONE', #1966, #7144 ) ;
#43 = AXIS2_PLACEMENT_3D ( 'NONE', #5181, #3897, #572 ) ;
#44 = ORIENTED_EDGE ( 'NONE', *, *, #5782, .T. ) ;
#45 = FACE_OUTER_BOUND ( 'NONE', #3934, .T. ) ;
#46 = ADVANCED_FACE ( 'NONE', ( #4433 ), #1508, .T. ) ;
#47 = SURFACE_SIDE_STYLE ('',( #5879 ) ) ;
#48 = CARTESIAN_POINT ( 'NONE',  ( 0.6198228588349938839, 2.459624815614104065, 3.551000000000010814 ) ) ;
#49 = EDGE_LOOP ( 'NONE', ( #6293, #6679, #7179, #6662 ) ) ;
#50 = LINE ( 'NONE', #7113, #7202 ) ;
#51 = DIRECTION ( 'NONE',  ( -0.0000000000000000000, 1.000000000000000000, 3.491481338843133355E-15 ) ) ;
#52 = SURFACE_STYLE_USAGE ( .BOTH. , #7924 ) ;
#53 = DIRECTION ( 'NONE',  ( -0.0000000000000000000, 3.491481338843133355E-15, -1.000000000000000000 ) ) ;
#54 = SURFACE_STYLE_FILL_AREA ( #2830 ) ;
#55 = PRESENTATION_STYLE_ASSIGNMENT (( #7881 ) ) ;
#56 = SURFACE_STYLE_FILL_AREA ( #3165 ) ;
#57 =( GEOMETRIC_REPRESENTATION_CONTEXT ( 3 ) GLOBAL_UNCERTAINTY_ASSIGNED_CONTEXT ( ( #1706 ) ) GLOBAL_UNIT_ASSIGNED_CONTEXT ( ( #4758, #798, #7397 ) ) REPRESENTATION_CONTEXT ( 'NONE', 'WORKASPACE' ) );
#58 = ORIENTED_EDGE ( 'NONE', *, *, #6164, .F. ) ;
#59 = ORIENTED_EDGE ( 'NONE', *, *, #5930, .T. ) ;
#60 = ORIENTED_EDGE ( 'NONE', *, *, #3339, .T. ) ;
#61 = B_SPLINE_SURFACE_WITH_KNOTS ( 'NONE', 3, 1, ( 
 ( #191, #1495 ),
 ( #6070, #8048 ),
 ( #2191, #1540 ),
 ( #4120, #6756 ),
 ( #6109, #2998 ),
 ( #2390, #8211 ),
 ( #3589, #4904 ),
 ( #3076, #3036 ),
 ( #5076, #3750 ),
 ( #5627, #2431 ),
 ( #1045, #7629 ),
 ( #1760, #5034 ),
 ( #1801, #1681 ),
 ( #4288, #4251 ),
 ( #6322, #7704 ),
 ( #2952, #410 ),
 ( #5588, #4363 ),
 ( #1160, #6368 ),
 ( #533, #2479 ) ),
 .UNSPECIFIED., .F., .F., .F.,
 ( 4, 1, 1, 1, 1, 1, 1, 1, 1, 1, 1, 1, 1, 1, 1, 1, 4 ),
 ( 2, 2 ),
 ( 0.0000000000000000000, 0.06807022544602438219, 0.1334304311243610652, 0.1961504414953039455, 0.2571279473187741971, 0.3168673125347747366, 0.3761731906999614683, 0.4359476605849032516, 0.4965239232888284948, 0.5574553990935474657, 0.6176782722867171227, 0.6779364036295147944, 0.7387994153869107405, 0.8009448638132559140, 0.8648116296622979648, 0.9310232311067554445, 1.000000000000000000 ),
 ( 0.0000000000000000000, 1.000000000000000000 ),
 .UNSPECIFIED. ) ;
#62 = EDGE_CURVE ( 'NONE', #5724, #2342, #4071, .T. ) ;
#63 = CARTESIAN_POINT ( 'NONE',  ( -2.860000000000000320, 5.199999999999997513, 3.800000000000018474 ) ) ;
#64 = COLOUR_RGB ( '',0.7529411764705882248, 0.7529411764705882248, 0.7529411764705882248 ) ;
#65 = VECTOR ( 'NONE', #7505, 1000.000000000000000 ) ;
#66 = SURFACE_STYLE_USAGE ( .BOTH. , #3371 ) ;
#67 = ORIENTED_EDGE ( 'NONE', *, *, #7821, .T. ) ;
#68 = DIRECTION ( 'NONE',  ( -1.000000000000000000, -0.0000000000000000000, 0.0000000000000000000 ) ) ;
#69 = LINE ( 'NONE', #1458, #7175 ) ;
#70 = DIRECTION ( 'NONE',  ( 0.9353882635801357148, 0.3536223923290754967, 0.0000000000000000000 ) ) ;
#71 = EDGE_LOOP ( 'NONE', ( #2738, #114, #1271, #5365 ) ) ;
#72 = LINE ( 'NONE', #5210, #2671 ) ;
#73 = STYLED_ITEM ( 'NONE', ( #3690 ), #5199 ) ;
#74 = AXIS2_PLACEMENT_3D ( 'NONE', #8005, #1594, #1645 ) ;
#75 = CARTESIAN_POINT ( 'NONE',  ( 0.5065853658536587645, 1.562900152439024692, 3.550000000000006928 ) ) ;
#76 = LINE ( 'NONE', #7259, #2181 ) ;
#77 = SURFACE_SIDE_STYLE ('',( #3968 ) ) ;
#78 = DIRECTION ( 'NONE',  ( 0.3236155771181811747, 0.8891264907159892594, 0.3236155771181855600 ) ) ;
#79 =( LENGTH_UNIT ( ) NAMED_UNIT ( * ) SI_UNIT ( .MILLI., .METRE. ) );
#80 = VERTEX_POINT ( 'NONE', #4260 ) ;
#81 = CARTESIAN_POINT ( 'NONE',  ( 0.7194878093368789473, 1.805713007352365285, 3.550000000000008260 ) ) ;
#82 = CARTESIAN_POINT ( 'NONE',  ( 0.4700000000000000844, 1.873875762195122308, 3.551000000000007706 ) ) ;
#83 = MECHANICAL_DESIGN_GEOMETRIC_PRESENTATION_REPRESENTATION (  '', ( #1566 ), #1428 ) ;
#84 = VECTOR ( 'NONE', #5472, 1000.000000000000000 ) ;
#85 = CARTESIAN_POINT ( 'NONE',  ( 0.7370731707317075276, 2.017073170731706888, 3.550000000000007816 ) ) ;
#86 = STYLED_ITEM ( 'NONE', ( #2794 ), #2775 ) ;
#87 = EDGE_CURVE ( 'NONE', #1549, #5375, #6822, .T. ) ;
#88 = UNCERTAINTY_MEASURE_WITH_UNIT (LENGTH_MEASURE( 1.000000000000000082E-05 ), #3314, 'distance_accuracy_value', 'NONE');
#89 = ORIENTED_EDGE ( 'NONE', *, *, #3776, .F. ) ;
#90 = ORIENTED_EDGE ( 'NONE', *, *, #2984, .F. ) ;
#91 = LINE ( 'NONE', #5918, #3430 ) ;
#92 = CARTESIAN_POINT ( 'NONE',  ( 0.3200000000000000067, -5.200000000000004619, 4.661985117133083278 ) ) ;
#93 = VECTOR ( 'NONE', #8262, 1000.000000000000000 ) ;
#94 = SURFACE_STYLE_FILL_AREA ( #5961 ) ;
#95 = FILL_AREA_STYLE_COLOUR ( '', #3374 ) ;
#96 = CARTESIAN_POINT ( 'NONE',  ( 3.310000000000000497, 0.7999999999999910516, 6.050000000000003375 ) ) ;
#97 = UNCERTAINTY_MEASURE_WITH_UNIT (LENGTH_MEASURE( 1.000000000000000082E-05 ), #7142, 'distance_accuracy_value', 'NONE');
#98 = CARTESIAN_POINT ( 'NONE',  ( 0.4700000000000000844, 1.873875762195122308, 3.550000000000008704 ) ) ;
#99 = ORIENTED_EDGE ( 'NONE', *, *, #7572, .T. ) ;
#100 = STYLED_ITEM ( 'NONE', ( #4437 ), #6931 ) ;
#101 = ADVANCED_FACE ( 'NONE', ( #4999 ), #4706, .T. ) ;
#102 = PLANE ( 'NONE',  #5008 ) ;
#103 = FILL_AREA_STYLE ('',( #3997 ) ) ;
#104 = CARTESIAN_POINT ( 'NONE',  ( 0.5065853658536588755, 1.561928353658537105, 3.551000000000007262 ) ) ;
#105 = DIRECTION ( 'NONE',  ( 0.0000000000000000000, 0.0000000000000000000, -1.000000000000000000 ) ) ;
#106 = DIRECTION ( 'NONE',  ( 1.000000000000000000, 0.0000000000000000000, -0.0000000000000000000 ) ) ;
#107 = VECTOR ( 'NONE', #7936, 1000.000000000000000 ) ;
#108 = DIRECTION ( 'NONE',  ( -0.0000000000000000000, 3.491481338843133355E-15, -1.000000000000000000 ) ) ;
#109 = EDGE_CURVE ( 'NONE', #4041, #4192, #8067, .T. ) ;
#110 = DIRECTION ( 'NONE',  ( 0.0000000000000000000, 3.491481338843133355E-15, -1.000000000000000000 ) ) ;
#111 = CARTESIAN_POINT ( 'NONE',  ( 0.6084003709846657060, 2.459367883913083030, 3.551000000000009926 ) ) ;
#112 = LINE ( 'NONE', #2679, #5093 ) ;
#113 = VECTOR ( 'NONE', #218, 1000.000000000000000 ) ;
#114 = ORIENTED_EDGE ( 'NONE', *, *, #6375, .F. ) ;
#115 = CARTESIAN_POINT ( 'NONE',  ( 0.6716096714431731840, 2.412418524713659362, 3.550000000000010481 ) ) ;
#116 = STYLED_ITEM ( 'NONE', ( #4646 ), #4713 ) ;
#117 = EDGE_CURVE ( 'NONE', #6444, #4902, #2809, .T. ) ;
#118 = MECHANICAL_DESIGN_GEOMETRIC_PRESENTATION_REPRESENTATION (  '', ( #1460 ), #1201 ) ;
#119 = CARTESIAN_POINT ( 'NONE',  ( -1.020000000000000462, 3.299999999999998934, 3.800000000000012701 ) ) ;
#120 = VECTOR ( 'NONE', #6463, 1000.000000000000000 ) ;
#121 = VERTEX_POINT ( 'NONE', #6393 ) ;
#122 = EDGE_CURVE ( 'NONE', #4658, #6095, #1021, .T. ) ;
#123 = CARTESIAN_POINT ( 'NONE',  ( -1.769999999999999796, 0.7999999999999910516, 6.050000000000003375 ) ) ;
#124 = VECTOR ( 'NONE', #4306, 1000.000000000000000 ) ;
#125 = VECTOR ( 'NONE', #3930, 999.9999999999998863 ) ;
#126 = LINE ( 'NONE', #5177, #5085 ) ;
#127 = MECHANICAL_DESIGN_GEOMETRIC_PRESENTATION_REPRESENTATION (  '', ( #555 ), #6122 ) ;
#128 = CARTESIAN_POINT ( 'NONE',  ( 0.7427192734002383556, 2.411701756578742639, 3.550000000000010481 ) ) ;
#129 = PLANE ( 'NONE',  #3465 ) ;
#130 = EDGE_LOOP ( 'NONE', ( #2731, #7613, #2967, #3279 ) ) ;
#131 = CARTESIAN_POINT ( 'NONE',  ( 0.5029268292682927965, 1.874047256097561176, 3.551000000000007706 ) ) ;
#132 = VECTOR ( 'NONE', #143, 1000.000000000000000 ) ;
#133 = ORIENTED_EDGE ( 'NONE', *, *, #6539, .T. ) ;
#134 = ADVANCED_FACE ( 'NONE', ( #7658 ), #1066, .T. ) ;
#135 = COLOUR_RGB ( '',0.7529411764705882248, 0.7529411764705882248, 0.7529411764705882248 ) ;
#136 = LINE ( 'NONE', #6701, #8108 ) ;
#137 = VECTOR ( 'NONE', #7116, 1000.000000000000000 ) ;
#138 = CARTESIAN_POINT ( 'NONE',  ( 0.5509474138852877845, 2.402017836307531073, 3.550000000000010481 ) ) ;
#139 = ORIENTED_EDGE ( 'NONE', *, *, #6525, .T. ) ;
#140 = CARTESIAN_POINT ( 'NONE',  ( 0.6719740476100178883, 2.454645683392973954, 3.551000000000009038 ) ) ;
#141 = ORIENTED_EDGE ( 'NONE', *, *, #5797, .T. ) ;
#142 =( NAMED_UNIT ( * ) SI_UNIT ( $, .STERADIAN. ) SOLID_ANGLE_UNIT ( ) );
#143 = DIRECTION ( 'NONE',  ( 0.0000000000000000000, -1.000000000000000000, -3.491481338843133355E-15 ) ) ;
#144 = SURFACE_SIDE_STYLE ('',( #768 ) ) ;
#145 = DIRECTION ( 'NONE',  ( 1.000000000000000000, 0.0000000000000000000, 0.0000000000000000000 ) ) ;
#146 = EDGE_LOOP ( 'NONE', ( #5167, #3489, #682, #5591 ) ) ;
#147 = CARTESIAN_POINT ( 'NONE',  ( -0.3200000000000000067, -4.699999999999995737, 3.799999999999983391 ) ) ;
#148 = VECTOR ( 'NONE', #2411, 1000.000000000000114 ) ;
#149 = DIRECTION ( 'NONE',  ( 0.0000000000000000000, -3.491481338843133355E-15, 1.000000000000000000 ) ) ;
#150 = ORIENTED_EDGE ( 'NONE', *, *, #7369, .F. ) ;
#151 = CARTESIAN_POINT ( 'NONE',  ( 0.6256592987804878714, 2.459756097560975352, 3.551000000000009926 ) ) ;
#152 = SURFACE_STYLE_FILL_AREA ( #3375 ) ;
#153 = DIRECTION ( 'NONE',  ( 0.0000000000000000000, -1.000000000000000000, -3.614007241618350743E-15 ) ) ;
#154 = ORIENTED_EDGE ( 'NONE', *, *, #355, .T. ) ;
#155 = EDGE_CURVE ( 'NONE', #1196, #629, #8414, .T. ) ;
#156 = SURFACE_STYLE_FILL_AREA ( #8093 ) ;
#157 = CARTESIAN_POINT ( 'NONE',  ( -2.540000000000000036, 3.099999999999996536, 4.480000000000011084 ) ) ;
#158 = UNCERTAINTY_MEASURE_WITH_UNIT (LENGTH_MEASURE( 1.000000000000000082E-05 ), #3089, 'distance_accuracy_value', 'NONE');
#159 = CARTESIAN_POINT ( 'NONE',  ( 0.3200000000000000067, -5.200000000000002842, 4.479999999999982663 ) ) ;
#160 = CARTESIAN_POINT ( 'NONE',  ( 0.6232012195121952036, 2.419512195121951148, 3.551000000000009482 ) ) ;
#161 = CARTESIAN_POINT ( 'NONE',  ( -1.769999999999999796, 0.7999999999999910516, 6.050000000000003375 ) ) ;
#162 = CARTESIAN_POINT ( 'NONE',  ( -0.1817603048853352332, -5.079810440799836790, 4.981760304885317403 ) ) ;
#163 = PRESENTATION_STYLE_ASSIGNMENT (( #4623 ) ) ;
#164 = LINE ( 'NONE', #4577, #5912 ) ;
#165 = EDGE_CURVE ( 'NONE', #261, #6777, #5590, .T. ) ;
#166 = ORIENTED_EDGE ( 'NONE', *, *, #1987, .F. ) ;
#167 = VECTOR ( 'NONE', #6271, 1000.000000000000000 ) ;
#168 = SURFACE_STYLE_USAGE ( .BOTH. , #949 ) ;
#169 = DIRECTION ( 'NONE',  ( -0.0000000000000000000, 1.000000000000000000, 3.491481338843133355E-15 ) ) ;
#170 = DIRECTION ( 'NONE',  ( 1.000000000000000000, 0.0000000000000000000, -0.0000000000000000000 ) ) ;
#171 = EDGE_CURVE ( 'NONE', #2853, #7517, #320, .T. ) ;
#172 = ORIENTED_EDGE ( 'NONE', *, *, #7272, .T. ) ;
#173 = FILL_AREA_STYLE_COLOUR ( '', #2079 ) ;
#174 = ORIENTED_EDGE ( 'NONE', *, *, #1294, .T. ) ;
#175 = COLOUR_RGB ( '',0.7529411764705882248, 0.7529411764705882248, 0.7529411764705882248 ) ;
#176 = CARTESIAN_POINT ( 'NONE',  ( -2.220000000000000195, 3.879999999999999005, 3.800000000000013589 ) ) ;
#177 = PLANE ( 'NONE',  #7767 ) ;
#178 = VECTOR ( 'NONE', #3198, 1000.000000000000000 ) ;
#179 = CARTESIAN_POINT ( 'NONE',  ( 0.3200000000000000067, 0.7999999999999967137, 4.480000000000003091 ) ) ;
#180 = UNCERTAINTY_MEASURE_WITH_UNIT (LENGTH_MEASURE( 1.000000000000000082E-05 ), #6670, 'distance_accuracy_value', 'NONE');
#181 = CARTESIAN_POINT ( 'NONE',  ( 0.6185673922293498661, 2.419408300778118193, 3.550000000000011369 ) ) ;
#182 = STYLED_ITEM ( 'NONE', ( #6794 ), #7263 ) ;
#183 = CARTESIAN_POINT ( 'NONE',  ( 0.7370731707317075276, 2.485365853658537016, 3.550000000000009592 ) ) ;
#184 =( NAMED_UNIT ( * ) PLANE_ANGLE_UNIT ( ) SI_UNIT ( $, .RADIAN. ) );
#185 = ORIENTED_EDGE ( 'NONE', *, *, #1477, .F. ) ;
#186 = SURFACE_STYLE_FILL_AREA ( #2621 ) ;
#187 = COLOUR_RGB ( '',0.2509803921568627416, 0.2509803921568627416, 0.2509803921568627416 ) ;
#188 = LINE ( 'NONE', #2781, #2583 ) ;
#189 = SURFACE_STYLE_FILL_AREA ( #729 ) ;
#190 = LINE ( 'NONE', #4286, #6246 ) ;
#191 = CARTESIAN_POINT ( 'NONE',  ( 0.6162271341463415597, 1.717073170731707510, 3.551000000000007262 ) ) ;
#192 =( NAMED_UNIT ( * ) SI_UNIT ( $, .STERADIAN. ) SOLID_ANGLE_UNIT ( ) );
#193 = VERTEX_POINT ( 'NONE', #282 ) ;
#194 = ORIENTED_EDGE ( 'NONE', *, *, #946, .T. ) ;
#195 = FACE_OUTER_BOUND ( 'NONE', #2468, .T. ) ;
#196 =( NAMED_UNIT ( * ) PLANE_ANGLE_UNIT ( ) SI_UNIT ( $, .RADIAN. ) );
#197 = CARTESIAN_POINT ( 'NONE',  ( 0.7700000000000000178, 1.876962652439024604, 3.551000000000007706 ) ) ;
#198 = ORIENTED_EDGE ( 'NONE', *, *, #1406, .F. ) ;
#199 = LINE ( 'NONE', #865, #7782 ) ;
#200 = PRESENTATION_LAYER_ASSIGNMENT (  '', '', ( #1541 ) ) ;
#201 = CARTESIAN_POINT ( 'NONE',  ( 0.7370731707317075276, 2.598780487804878359, 3.551000000000010370 ) ) ;
#202 = FILL_AREA_STYLE_COLOUR ( '', #4191 ) ;
#203 = CARTESIAN_POINT ( 'NONE',  ( 0.5065853658536587645, 1.562900152439024692, 3.551000000000006818 ) ) ;
#204 = VERTEX_POINT ( 'NONE', #1803 ) ;
#205 = FACE_OUTER_BOUND ( 'NONE', #2834, .T. ) ;
#206 = VECTOR ( 'NONE', #7737, 1000.000000000000000 ) ;
#207 = PRESENTATION_LAYER_ASSIGNMENT (  '', '', ( #7428 ) ) ;
#208 = PRESENTATION_STYLE_ASSIGNMENT (( #4136 ) ) ;
#209 = EDGE_LOOP ( 'NONE', ( #6674, #2587, #488, #4137 ) ) ;
#210 = EDGE_CURVE ( 'NONE', #8202, #2163, #8259, .T. ) ;
#211 = B_SPLINE_SURFACE_WITH_KNOTS ( 'NONE', 3, 1, ( 
 ( #6837, #6221 ),
 ( #6780, #7349 ),
 ( #6697, #6140 ),
 ( #932, #840 ),
 ( #3527, #3434 ),
 ( #6048, #224 ),
 ( #5399, #6736 ) ),
 .UNSPECIFIED., .F., .F., .F.,
 ( 4, 1, 1, 1, 4 ),
 ( 2, 2 ),
 ( 0.0000000000000000000, 0.1744817153170496182, 0.3982857591281089849, 0.6738978473986669826, 1.000000000000000000 ),
 ( 0.0000000000000000000, 1.000000000000000000 ),
 .UNSPECIFIED. ) ;
#212 = AXIS2_PLACEMENT_3D ( 'NONE', #3431, #36, #6644 ) ;
#213 = COLOUR_RGB ( '',0.7529411764705882248, 0.7529411764705882248, 0.7529411764705882248 ) ;
#214 = VECTOR ( 'NONE', #581, 1000.000000000000000 ) ;
#215 =( NAMED_UNIT ( * ) SI_UNIT ( $, .STERADIAN. ) SOLID_ANGLE_UNIT ( ) );
#216 = DIRECTION ( 'NONE',  ( 1.000000000000000000, 0.0000000000000000000, 0.0000000000000000000 ) ) ;
#217 = CARTESIAN_POINT ( 'NONE',  ( -0.1817603048853352332, 5.061760304885345008, 0.6701895592001851920 ) ) ;
#218 = DIRECTION ( 'NONE',  ( -1.000000000000000000, -0.0000000000000000000, 0.0000000000000000000 ) ) ;
#219 = VERTEX_POINT ( 'NONE', #7827 ) ;
#220 = MECHANICAL_DESIGN_GEOMETRIC_PRESENTATION_REPRESENTATION (  '', ( #5513 ), #5919 ) ;
#221 = STYLED_ITEM ( 'NONE', ( #7270 ), #2438 ) ;
#222 = CARTESIAN_POINT ( 'NONE',  ( -0.7700000000000002398, 0.7999999999999910516, 6.050000000000003375 ) ) ;
#223 =( LENGTH_UNIT ( ) NAMED_UNIT ( * ) SI_UNIT ( .MILLI., .METRE. ) );
#224 = CARTESIAN_POINT ( 'NONE',  ( 0.5088915780449567716, 1.561512344857818313, 3.550000000000006484 ) ) ;
#225 = ORIENTED_EDGE ( 'NONE', *, *, #7153, .F. ) ;
#226 = EDGE_CURVE ( 'NONE', #2455, #7592, #1323, .T. ) ;
#227 = ORIENTED_EDGE ( 'NONE', *, *, #6906, .F. ) ;
#228 = FACE_OUTER_BOUND ( 'NONE', #1989, .T. ) ;
#229 = FACE_OUTER_BOUND ( 'NONE', #2913, .T. ) ;
#230 = AXIS2_PLACEMENT_3D ( 'NONE', #265, #2098, #4761 ) ;
#231 = VECTOR ( 'NONE', #5437, 1000.000000000000000 ) ;
#232 = CARTESIAN_POINT ( 'NONE',  ( 1.270000000000000684, 3.099999999999997868, 4.050000000000012257 ) ) ;
#233 = CARTESIAN_POINT ( 'NONE',  ( 0.5963628385421508860, 2.417780838733138538, 3.551000000000008594 ) ) ;
#234 = EDGE_LOOP ( 'NONE', ( #4884, #8428, #3926, #2627 ) ) ;
#235 = CARTESIAN_POINT ( 'NONE',  ( 0.7226653564850946676, 2.430601477675555344, 3.551000000000009926 ) ) ;
#236 = VECTOR ( 'NONE', #1462, 1000.000000000000000 ) ;
#237 = VECTOR ( 'NONE', #6857, 1000.000000000000114 ) ;
#238 = CARTESIAN_POINT ( 'NONE',  ( -1.020000000000000462, 3.299999999999992273, 5.800000000000012257 ) ) ;
#239 = PRESENTATION_STYLE_ASSIGNMENT (( #2106 ) ) ;
#240 = CARTESIAN_POINT ( 'NONE',  ( -3.560000000000000497, 1.084435562925354368, 5.800000000000005151 ) ) ;
#241 = VERTEX_POINT ( 'NONE', #5067 ) ;
#242 = ADVANCED_FACE ( 'NONE', ( #1715 ), #4351, .T. ) ;
#243 = PRESENTATION_STYLE_ASSIGNMENT (( #2111 ) ) ;
#244 = SURFACE_SIDE_STYLE ('',( #3367 ) ) ;
#245 = ORIENTED_EDGE ( 'NONE', *, *, #3151, .T. ) ;
#246 = LINE ( 'NONE', #5898, #684 ) ;
#247 =( LENGTH_UNIT ( ) NAMED_UNIT ( * ) SI_UNIT ( .MILLI., .METRE. ) );
#248 = DIRECTION ( 'NONE',  ( 0.0000000000000000000, -1.000000000000000000, -3.491481338843133355E-15 ) ) ;
#249 = STYLED_ITEM ( 'NONE', ( #5321 ), #6722 ) ;
#250 = EDGE_CURVE ( 'NONE', #204, #7840, #6671, .T. ) ;
#251 = DIRECTION ( 'NONE',  ( 0.0000000000000000000, 0.0000000000000000000, -1.000000000000000000 ) ) ;
#252 = VECTOR ( 'NONE', #423, 999.9999999999998863 ) ;
#253 =( NAMED_UNIT ( * ) SI_UNIT ( $, .STERADIAN. ) SOLID_ANGLE_UNIT ( ) );
#254 = DIRECTION ( 'NONE',  ( 0.0000000000000000000, -1.000000000000000000, -3.491481338843133355E-15 ) ) ;
#255 = ORIENTED_EDGE ( 'NONE', *, *, #2718, .F. ) ;
#256 = ADVANCED_FACE ( 'NONE', ( #769 ), #5292, .T. ) ;
#257 = VECTOR ( 'NONE', #7348, 1000.000000000000000 ) ;
#258 = COLOUR_RGB ( '',0.7529411764705882248, 0.7529411764705882248, 0.7529411764705882248 ) ;
#259 = ORIENTED_EDGE ( 'NONE', *, *, #4166, .T. ) ;
#260 = SURFACE_STYLE_USAGE ( .BOTH. , #7310 ) ;
#261 = VERTEX_POINT ( 'NONE', #6938 ) ;
#262 = AXIS2_PLACEMENT_3D ( 'NONE', #1636, #319, #6235 ) ;
#263 = CARTESIAN_POINT ( 'NONE',  ( 0.3200000000000000067, -5.200000000000006395, 5.119999999999982343 ) ) ;
#264 = SURFACE_STYLE_FILL_AREA ( #8198 ) ;
#265 = CARTESIAN_POINT ( 'NONE',  ( 0.7700000000000001288, 2.017073170731706888, 3.551000000000008150 ) ) ;
#266 = VECTOR ( 'NONE', #6319, 1000.000000000000000 ) ;
#267 = EDGE_CURVE ( 'NONE', #5680, #3953, #7625, .T. ) ;
#268 = UNCERTAINTY_MEASURE_WITH_UNIT (LENGTH_MEASURE( 1.000000000000000082E-05 ), #7206, 'distance_accuracy_value', 'NONE');
#269 = CARTESIAN_POINT ( 'NONE',  ( 0.5310904246644593263, 1.742055521533522278, 3.551000000000007262 ) ) ;
#270 = DIRECTION ( 'NONE',  ( -2.409338161078886953E-15, -9.878286460423457847E-15, 1.000000000000000000 ) ) ;
#271 = PRESENTATION_LAYER_ASSIGNMENT (  '', '', ( #6787 ) ) ;
#272 = VECTOR ( 'NONE', #6102, 1000.000000000000000 ) ;
#273 = LINE ( 'NONE', #8076, #1032 ) ;
#274 = SURFACE_STYLE_USAGE ( .BOTH. , #8078 ) ;
#275 = MECHANICAL_DESIGN_GEOMETRIC_PRESENTATION_REPRESENTATION (  '', ( #4605 ), #7095 ) ;
#276 = SURFACE_STYLE_USAGE ( .BOTH. , #4159 ) ;
#277 = DIRECTION ( 'NONE',  ( 0.0000000000000000000, -1.000000000000000000, -3.491481338843133355E-15 ) ) ;
#278 = VECTOR ( 'NONE', #7054, 1000.000000000000000 ) ;
#279 = FACE_OUTER_BOUND ( 'NONE', #5458, .T. ) ;
#280 = VECTOR ( 'NONE', #2082, 1000.000000000000000 ) ;
#281 = DIRECTION ( 'NONE',  ( 1.000000000000000000, 0.0000000000000000000, 0.0000000000000000000 ) ) ;
#282 = CARTESIAN_POINT ( 'NONE',  ( 0.4700000000000001954, 2.598780487804878359, 3.551000000000010370 ) ) ;
#283 = CARTESIAN_POINT ( 'NONE',  ( 0.7709999999970638118, 0.7999999999999957145, 3.550999999997067391 ) ) ;
#284 = DIRECTION ( 'NONE',  ( -0.7071067811865477948, 2.468850131082264949E-15, -0.7071067811865473507 ) ) ;
#285 = CARTESIAN_POINT ( 'NONE',  ( 0.7700000000000001288, 2.485365853658537016, 3.550000000000009592 ) ) ;
#286 = EDGE_CURVE ( 'NONE', #2089, #1126, #573, .T. ) ;
#287 = DIRECTION ( 'NONE',  ( -0.9353882635801357148, -0.3536223923290754967, -1.352199983321369435E-15 ) ) ;
#288 = CARTESIAN_POINT ( 'NONE',  ( 0.5212863612842847383, 2.426943346981026650, 3.550000000000010925 ) ) ;
#289 = DIRECTION ( 'NONE',  ( 0.0000000000000000000, -1.000000000000000000, -3.491481338843133355E-15 ) ) ;
#290 = CARTESIAN_POINT ( 'NONE',  ( 0.4708473264982486195, 2.259679599107410120, 3.551000000000011259 ) ) ;
#291 = EDGE_LOOP ( 'NONE', ( #3087, #1587, #2206, #841 ) ) ;
#292 =( LENGTH_UNIT ( ) NAMED_UNIT ( * ) SI_UNIT ( .MILLI., .METRE. ) );
#293 = DIRECTION ( 'NONE',  ( -0.0000000000000000000, 3.491481338843133355E-15, -1.000000000000000000 ) ) ;
#294 = CARTESIAN_POINT ( 'NONE',  ( 0.7700000000000001288, 2.485365853658537016, 3.551000000000009926 ) ) ;
#295 = FILL_AREA_STYLE ('',( #6127 ) ) ;
#296 = EDGE_CURVE ( 'NONE', #4894, #5036, #719, .T. ) ;
#297 = ORIENTED_EDGE ( 'NONE', *, *, #3259, .T. ) ;
#298 = LINE ( 'NONE', #1778, #2446 ) ;
#299 = LINE ( 'NONE', #2890, #84 ) ;
#300 = VECTOR ( 'NONE', #2736, 1000.000000000000000 ) ;
#301 = CARTESIAN_POINT ( 'NONE',  ( 0.7706937267337387043, 2.352005539043330096, 3.550693726733747724 ) ) ;
#302 = SURFACE_SIDE_STYLE ('',( #2256 ) ) ;
#303 = ORIENTED_EDGE ( 'NONE', *, *, #7538, .T. ) ;
#304 = CARTESIAN_POINT ( 'NONE',  ( 0.6310956849050530781, 2.459662203055562824, 3.550000000000010036 ) ) ;
#305 = ORIENTED_EDGE ( 'NONE', *, *, #6615, .F. ) ;
#306 = LINE ( 'NONE', #2898, #6714 ) ;
#307 = FILL_AREA_STYLE_COLOUR ( '', #6252 ) ;
#308 = FILL_AREA_STYLE_COLOUR ( '', #2374 ) ;
#309 = FACE_OUTER_BOUND ( 'NONE', #6546, .T. ) ;
#310 = CARTESIAN_POINT ( 'NONE',  ( 2.220000000000000195, 3.879999999999999005, 3.800000000000013589 ) ) ;
#311 = EDGE_LOOP ( 'NONE', ( #4757, #8109, #7073, #2414 ) ) ;
#312 = B_SPLINE_CURVE_WITH_KNOTS ( 'NONE', 3,
 ( #1371, #1252, #4562, #6587, #4473, #2069, #7212, #4607, #4654, #7252, #7288, #3837, #3799, #6430, #3172, #5127, #7759, #6470, #6114 ),
 .UNSPECIFIED., .F., .F.,
 ( 4, 1, 1, 1, 1, 1, 1, 1, 1, 1, 1, 1, 1, 1, 1, 1, 4 ),
 ( 0.0000000000000000000, 0.07429619169027838754, 0.1443788321467839031, 0.2104779521626760075, 0.2735146103050155042, 0.3337905786993325963, 0.3923332665120532470, 0.4498851578508359372, 0.5076124060056994569, 0.5652508075195166182, 0.6231872918394520955, 0.6813298109894397880, 0.7409400148196153557, 0.8018760316168771496, 0.8652550298431297415, 0.9309487249441322776, 1.000000000000000000 ),
 .UNSPECIFIED. ) ;
#313 = CYLINDRICAL_SURFACE ( 'NONE', #7010, 0.6799999999999991607 ) ;
#314 = PRESENTATION_LAYER_ASSIGNMENT (  '', '', ( #3820 ) ) ;
#315 = DIRECTION ( 'NONE',  ( 0.0000000000000000000, 3.891802140991627604E-15, -1.000000000000000000 ) ) ;
#316 = ADVANCED_FACE ( 'NONE', ( #4501 ), #3345, .T. ) ;
#317 = CARTESIAN_POINT ( 'NONE',  ( 0.5570082263873828987, 1.769661341597603021, 3.550000000000010036 ) ) ;
#318 = VECTOR ( 'NONE', #7312, 1000.000000000000000 ) ;
#319 = DIRECTION ( 'NONE',  ( -0.3222024856061133091, 0.9466707760722533616, 3.305283348684418766E-15 ) ) ;
#320 = LINE ( 'NONE', #3498, #6557 ) ;
#321 = ORIENTED_EDGE ( 'NONE', *, *, #4383, .F. ) ;
#322 = PRESENTATION_LAYER_ASSIGNMENT (  '', '', ( #1814 ) ) ;
#323 = LINE ( 'NONE', #7413, #6623 ) ;
#324 = LINE ( 'NONE', #1545, #4956 ) ;
#325 = CARTESIAN_POINT ( 'NONE',  ( 0.4700000000000001954, 2.639024390243903007, 3.551000000000010370 ) ) ;
#326 =( NAMED_UNIT ( * ) PLANE_ANGLE_UNIT ( ) SI_UNIT ( $, .RADIAN. ) );
#327 = ORIENTED_EDGE ( 'NONE', *, *, #7998, .F. ) ;
#328 = CARTESIAN_POINT ( 'NONE',  ( 0.5184756097560976329, 2.236585365853658303, 3.550000000000008704 ) ) ;
#329 = EDGE_CURVE ( 'NONE', #3312, #7268, #1436, .T. ) ;
#330 = CARTESIAN_POINT ( 'NONE',  ( 0.4664675309246843482, 2.312602042100615929, 3.551000000000009926 ) ) ;
#331 = STYLED_ITEM ( 'NONE', ( #2946 ), #7332 ) ;
#332 = PLANE ( 'NONE',  #745 ) ;
#333 =( LENGTH_UNIT ( ) NAMED_UNIT ( * ) SI_UNIT ( .MILLI., .METRE. ) );
#334 = ORIENTED_EDGE ( 'NONE', *, *, #1499, .T. ) ;
#335 = EDGE_CURVE ( 'NONE', #1707, #858, #6963, .T. ) ;
#336 = MECHANICAL_DESIGN_GEOMETRIC_PRESENTATION_REPRESENTATION (  '', ( #5480 ), #6043 ) ;
#337 = CARTESIAN_POINT ( 'NONE',  ( -2.540000000000000036, 0.7999999999999940492, 5.120000000000002771 ) ) ;
#338 = CARTESIAN_POINT ( 'NONE',  ( 2.860000000000000320, 5.199999999999997513, 3.800000000000018474 ) ) ;
#339 = ORIENTED_EDGE ( 'NONE', *, *, #7194, .F. ) ;
#340 = DIRECTION ( 'NONE',  ( 1.000000000000000000, 0.0000000000000000000, 0.0000000000000000000 ) ) ;
#341 = SURFACE_SIDE_STYLE ('',( #829 ) ) ;
#342 = CARTESIAN_POINT ( 'NONE',  ( 0.7364782883880025555, 2.346557666218005433, 3.551000000000009482 ) ) ;
#343 = FACE_OUTER_BOUND ( 'NONE', #5965, .T. ) ;
#344 = ORIENTED_EDGE ( 'NONE', *, *, #1933, .F. ) ;
#345 = ORIENTED_EDGE ( 'NONE', *, *, #6784, .T. ) ;
#346 = DIRECTION ( 'NONE',  ( -1.000000000000000000, 0.0000000000000000000, 0.0000000000000000000 ) ) ;
#347 =( NAMED_UNIT ( * ) SI_UNIT ( $, .STERADIAN. ) SOLID_ANGLE_UNIT ( ) );
#348 = CARTESIAN_POINT ( 'NONE',  ( -2.860000000000000320, 3.880000000000008331, 1.050000000000018474 ) ) ;
#349 = SURFACE_SIDE_STYLE ('',( #5574 ) ) ;
#350 = FILL_AREA_STYLE ('',( #3656 ) ) ;
#351 = PRESENTATION_LAYER_ASSIGNMENT (  '', '', ( #6894 ) ) ;
#352 =( GEOMETRIC_REPRESENTATION_CONTEXT ( 3 ) GLOBAL_UNCERTAINTY_ASSIGNED_CONTEXT ( ( #2293 ) ) GLOBAL_UNIT_ASSIGNED_CONTEXT ( ( #6591, #5338, #1374 ) ) REPRESENTATION_CONTEXT ( 'NONE', 'WORKASPACE' ) );
#353 =( GEOMETRIC_REPRESENTATION_CONTEXT ( 3 ) GLOBAL_UNCERTAINTY_ASSIGNED_CONTEXT ( ( #6994 ) ) GLOBAL_UNIT_ASSIGNED_CONTEXT ( ( #4540, #2193, #912 ) ) REPRESENTATION_CONTEXT ( 'NONE', 'WORKASPACE' ) );
#354 = ORIENTED_EDGE ( 'NONE', *, *, #5685, .F. ) ;
#355 = EDGE_CURVE ( 'NONE', #7492, #6444, #2095, .T. ) ;
#356 = UNCERTAINTY_MEASURE_WITH_UNIT (LENGTH_MEASURE( 1.000000000000000082E-05 ), #7140, 'distance_accuracy_value', 'NONE');
#357 = STYLED_ITEM ( 'NONE', ( #2640 ), #2515 ) ;
#358 = CARTESIAN_POINT ( 'NONE',  ( 0.7544512195121951814, 2.236585365853658303, 3.551000000000009926 ) ) ;
#359 =( GEOMETRIC_REPRESENTATION_CONTEXT ( 3 ) GLOBAL_UNCERTAINTY_ASSIGNED_CONTEXT ( ( #6217 ) ) GLOBAL_UNIT_ASSIGNED_CONTEXT ( ( #7792, #2445, #1134 ) ) REPRESENTATION_CONTEXT ( 'NONE', 'WORKASPACE' ) );
#360 = AXIS2_PLACEMENT_3D ( 'NONE', #7607, #3680, #1779 ) ;
#361 = DIRECTION ( 'NONE',  ( -0.0000000000000000000, 3.491481338843133355E-15, -1.000000000000000000 ) ) ;
#362 = VERTEX_POINT ( 'NONE', #1781 ) ;
#363 =( NAMED_UNIT ( * ) SI_UNIT ( $, .STERADIAN. ) SOLID_ANGLE_UNIT ( ) );
#364 = VERTEX_POINT ( 'NONE', #668 ) ;
#365 = EDGE_CURVE ( 'NONE', #1044, #1684, #7084, .T. ) ;
#366 = CARTESIAN_POINT ( 'NONE',  ( 0.3200000000000000067, -5.200000000000006395, 5.119999999999982343 ) ) ;
#367 = CARTESIAN_POINT ( 'NONE',  ( 0.5029268292682927965, 1.874047256097561176, 3.550000000000007372 ) ) ;
#369 = FILL_AREA_STYLE ('',( #3505 ) ) ;
#368 = VECTOR ( 'NONE', #2192, 1000.000000000000000 ) ;
#370 = ORIENTED_EDGE ( 'NONE', *, *, #2301, .F. ) ;
#371 = CARTESIAN_POINT ( 'NONE',  ( 0.7406323778919081668, 2.317440130552145039, 3.551000000000009038 ) ) ;
#372 = CARTESIAN_POINT ( 'NONE',  ( 0.4688292222822681432, 2.338813285354460980, 3.550000000000010925 ) ) ;
#373 = CARTESIAN_POINT ( 'NONE',  ( 0.5065853658536587645, 1.561928353658536883, 3.550000000000006928 ) ) ;
#374 = CARTESIAN_POINT ( 'NONE',  ( 0.7328434151274620945, 1.837419171218074743, 3.550000000000007372 ) ) ;
#375 = VECTOR ( 'NONE', #5197, 1000.000000000000000 ) ;
#376 = ORIENTED_EDGE ( 'NONE', *, *, #6853, .T. ) ;
#377 = CARTESIAN_POINT ( 'NONE',  ( 0.5031862336824908244, 1.861439610117724186, 3.551000000000008150 ) ) ;
#378 = CARTESIAN_POINT ( 'NONE',  ( 0.5846516763340824374, 1.719614414072799580, 3.551000000000006818 ) ) ;
#379 = EDGE_CURVE ( 'NONE', #4824, #7748, #514, .T. ) ;
#380 = CARTESIAN_POINT ( 'NONE',  ( 0.4993161548618285095, 2.303675062306684840, 3.551000000000009038 ) ) ;
#381 = CARTESIAN_POINT ( 'NONE',  ( -0.3200000000000000067, 0.7999999999999944933, 4.480000000000003091 ) ) ;
#382 = LINE ( 'NONE', #2970, #3032 ) ;
#383 = LINE ( 'NONE', #8187, #6257 ) ;
#384 = VERTEX_POINT ( 'NONE', #2458 ) ;
#385 = CARTESIAN_POINT ( 'NONE',  ( 0.6858536585365855309, 1.498647103658536928, 3.551000000000006374 ) ) ;
#386 = CARTESIAN_POINT ( 'NONE',  ( 0.6604793620892958073, 2.415602227222972243, 3.550000000000009148 ) ) ;
#387 = LINE ( 'NONE', #4834, #2380 ) ;
#388 = VERTEX_POINT ( 'NONE', #7048 ) ;
#389 = ADVANCED_FACE ( 'NONE', ( #1912 ), #3096, .T. ) ;
#390 = CARTESIAN_POINT ( 'NONE',  ( 0.6858536585365855309, 1.498647103658536928, 3.550000000000006484 ) ) ;
#391 = CARTESIAN_POINT ( 'NONE',  ( 0.6858917144096858820, 2.450482110555392889, 3.550000000000011813 ) ) ;
#392 = SURFACE_STYLE_USAGE ( .BOTH. , #7483 ) ;
#393 = EDGE_CURVE ( 'NONE', #6446, #5083, #5209, .T. ) ;
#394 = DIRECTION ( 'NONE',  ( 0.7071067811865474617, 2.468850131082265738E-15, -0.7071067811865474617 ) ) ;
#395 = CARTESIAN_POINT ( 'NONE',  ( 0.7369755389680172630, 1.871184723703091191, 3.551000000000008594 ) ) ;
#396 = MECHANICAL_DESIGN_GEOMETRIC_PRESENTATION_REPRESENTATION (  '', ( #2974 ), #6379 ) ;
#397 = DIRECTION ( 'NONE',  ( -1.000000000000000000, 0.0000000000000000000, 0.0000000000000000000 ) ) ;
#398 = FILL_AREA_STYLE ('',( #4244 ) ) ;
#399 = MECHANICAL_DESIGN_GEOMETRIC_PRESENTATION_REPRESENTATION (  '', ( #6105 ), #4311 ) ;
#400 = CARTESIAN_POINT ( 'NONE',  ( 0.5184756097560976329, 2.236585365853658303, 3.551000000000009038 ) ) ;
#401 = CARTESIAN_POINT ( 'NONE',  ( 0.7700000000000000178, 2.178048780487804592, 3.550000000000008260 ) ) ;
#402 = LINE ( 'NONE', #5666, #5474 ) ;
#403 = PRESENTATION_LAYER_ASSIGNMENT (  '', '', ( #4719 ) ) ;
#404 =( NAMED_UNIT ( * ) SI_UNIT ( $, .STERADIAN. ) SOLID_ANGLE_UNIT ( ) );
#405 = AXIS2_PLACEMENT_3D ( 'NONE', #4594, #7245, #2780 ) ;
#406 = CARTESIAN_POINT ( 'NONE',  ( 1.020000000000000462, 3.099999999999998757, 3.800000000000011813 ) ) ;
#407 = PRESENTATION_LAYER_ASSIGNMENT (  '', '', ( #1471 ) ) ;
#408 = LINE ( 'NONE', #2996, #2290 ) ;
#409 = ORIENTED_EDGE ( 'NONE', *, *, #7998, .T. ) ;
#410 = CARTESIAN_POINT ( 'NONE',  ( 0.7675989643470630952, 1.843508785323452415, 3.550000000000007816 ) ) ;
#411 = CARTESIAN_POINT ( 'NONE',  ( 0.4700000000000000844, 1.873875762195122308, 3.551000000000007706 ) ) ;
#412 = VECTOR ( 'NONE', #3850, 999.9999999999998863 ) ;
#413 = VERTEX_POINT ( 'NONE', #2963 ) ;
#414 = VERTEX_POINT ( 'NONE', #2921 ) ;
#415 = CARTESIAN_POINT ( 'NONE',  ( 0.5326804695512503685, 2.388298410274139805, 3.550000000000009148 ) ) ;
#416 = CARTESIAN_POINT ( 'NONE',  ( -2.860000000000000320, 0.7999999999999944933, 4.480000000000003091 ) ) ;
#417 =( GEOMETRIC_REPRESENTATION_CONTEXT ( 3 ) GLOBAL_UNCERTAINTY_ASSIGNED_CONTEXT ( ( #7841 ) ) GLOBAL_UNIT_ASSIGNED_CONTEXT ( ( #8434, #7237, #3269 ) ) REPRESENTATION_CONTEXT ( 'NONE', 'WORKASPACE' ) );
#418 = CARTESIAN_POINT ( 'NONE',  ( 0.4700000000000001954, 1.541463414634146600, 3.550000000000006484 ) ) ;
#419 = VECTOR ( 'NONE', #749, 1000.000000000000000 ) ;
#420 = PLANE ( 'NONE',  #4372 ) ;
#421 = ORIENTED_EDGE ( 'NONE', *, *, #2083, .F. ) ;
#422 = CARTESIAN_POINT ( 'NONE',  ( 0.4994109318979134682, 2.297406441020362511, 3.551000000000009926 ) ) ;
#423 = DIRECTION ( 'NONE',  ( -0.7071067811865479058, 2.468850131082264949E-15, -0.7071067811865472397 ) ) ;
#424 = SURFACE_STYLE_USAGE ( .BOTH. , #3560 ) ;
#425 = CARTESIAN_POINT ( 'NONE',  ( 0.7700000000000000178, 3.299999999999999822, 3.550000000000012257 ) ) ;
#426 = ORIENTED_EDGE ( 'NONE', *, *, #3387, .T. ) ;
#427 = CARTESIAN_POINT ( 'NONE',  ( 0.6361540421590479166, 2.419266076482944783, 3.551000000000009482 ) ) ;
#428 = EDGE_CURVE ( 'NONE', #219, #3312, #4576, .T. ) ;
#429 = CARTESIAN_POINT ( 'NONE',  ( 1.770000000000000018, 0.7999999999999997113, 3.550000000000003819 ) ) ;
#430 = VERTEX_POINT ( 'NONE', #7512 ) ;
#431 = CARTESIAN_POINT ( 'NONE',  ( 1.769999999999999796, 0.7999999999999910516, 6.050000000000003375 ) ) ;
#432 = PLANE ( 'NONE',  #7488 ) ;
#433 = UNCERTAINTY_MEASURE_WITH_UNIT (LENGTH_MEASURE( 1.000000000000000082E-05 ), #3376, 'distance_accuracy_value', 'NONE');
#434 = ORIENTED_EDGE ( 'NONE', *, *, #4193, .T. ) ;
#435 = CARTESIAN_POINT ( 'NONE',  ( 0.7112312225487014139, 2.438425512497220282, 3.550000000000010481 ) ) ;
#436 = EDGE_LOOP ( 'NONE', ( #6282, #832, #4374, #1647 ) ) ;
#437 = VECTOR ( 'NONE', #3222, 1000.000000000000000 ) ;
#438 = VERTEX_POINT ( 'NONE', #1600 ) ;
#439 = CARTESIAN_POINT ( 'NONE',  ( 0.5029268292682927965, 2.024390243902438602, 3.551000000000008150 ) ) ;
#440 = EDGE_CURVE ( 'NONE', #5314, #14, #5511, .T. ) ;
#441 = ORIENTED_EDGE ( 'NONE', *, *, #2476, .F. ) ;
#442 = CARTESIAN_POINT ( 'NONE',  ( -2.220000000000000195, 5.200000000000009948, 0.5500000000000192513 ) ) ;
#443 = SURFACE_STYLE_USAGE ( .BOTH. , #1079 ) ;
#444 = CARTESIAN_POINT ( 'NONE',  ( 0.5045225916976507907, 1.849241557259418300, 3.550000000000010036 ) ) ;
#445 = PLANE ( 'NONE',  #262 ) ;
#446 = CARTESIAN_POINT ( 'NONE',  ( 0.4921655835545581947, 1.785436343859475361, 3.550000000000006928 ) ) ;
#447 = ORIENTED_EDGE ( 'NONE', *, *, #6130, .T. ) ;
#448 =( NAMED_UNIT ( * ) PLANE_ANGLE_UNIT ( ) SI_UNIT ( $, .RADIAN. ) );
#449 = ORIENTED_EDGE ( 'NONE', *, *, #1198, .F. ) ;
#450 = ORIENTED_EDGE ( 'NONE', *, *, #5469, .T. ) ;
#451 =( LENGTH_UNIT ( ) NAMED_UNIT ( * ) SI_UNIT ( .MILLI., .METRE. ) );
#452 = CARTESIAN_POINT ( 'NONE',  ( 0.7194878093368789473, 1.805713007352365285, 3.550000000000007816 ) ) ;
#453 = MECHANICAL_DESIGN_GEOMETRIC_PRESENTATION_REPRESENTATION (  '', ( #2897 ), #1524 ) ;
#454 = ORIENTED_EDGE ( 'NONE', *, *, #5090, .F. ) ;
#455 =( LENGTH_UNIT ( ) NAMED_UNIT ( * ) SI_UNIT ( .MILLI., .METRE. ) );
#456 = ORIENTED_EDGE ( 'NONE', *, *, #3716, .T. ) ;
#457 = SURFACE_SIDE_STYLE ('',( #3088 ) ) ;
#458 = DIRECTION ( 'NONE',  ( 0.0000000000000000000, 3.491481338843133355E-15, -1.000000000000000000 ) ) ;
#459 = DIRECTION ( 'NONE',  ( 0.0000000000000000000, 3.891802140991627604E-15, -1.000000000000000000 ) ) ;
#460 = VERTEX_POINT ( 'NONE', #8445 ) ;
#461 = CARTESIAN_POINT ( 'NONE',  ( 0.7130434264851827075, 1.796686258761218680, 3.550000000000007372 ) ) ;
#462 = CARTESIAN_POINT ( 'NONE',  ( 0.7329908408300706002, 2.356470571933711788, 3.551000000000009482 ) ) ;
#463 = ORIENTED_EDGE ( 'NONE', *, *, #5843, .T. ) ;
#464 = STYLED_ITEM ( 'NONE', ( #4996 ), #3002 ) ;
#465 = ORIENTED_EDGE ( 'NONE', *, *, #4003, .T. ) ;
#466 = ADVANCED_FACE ( 'NONE', ( #3045 ), #5637, .T. ) ;
#467 = CARTESIAN_POINT ( 'NONE',  ( 0.7427192734002383556, 2.411701756578742639, 3.550000000000010481 ) ) ;
#468 = CARTESIAN_POINT ( 'NONE',  ( 0.1380148828668992245, 4.741985117133110883, 0.5500000000000174749 ) ) ;
#469 = VERTEX_POINT ( 'NONE', #659 ) ;
#470 = LINE ( 'NONE', #8295, #6805 ) ;
#471 = VECTOR ( 'NONE', #6855, 1000.000000000000000 ) ;
#472 = CARTESIAN_POINT ( 'NONE',  ( 0.7696924900297661409, 1.859966203254106887, 3.551000000000007706 ) ) ;
#473 = CARTESIAN_POINT ( 'NONE',  ( 1.269999999999999352, 3.299999999999993161, 5.550000000000012257 ) ) ;
#474 = CARTESIAN_POINT ( 'NONE',  ( 0.7700000000000000178, 1.876962652439024604, 3.551000000000007706 ) ) ;
#475 =( LENGTH_UNIT ( ) NAMED_UNIT ( * ) SI_UNIT ( .MILLI., .METRE. ) );
#476 = COLOUR_RGB ( '',0.7529411764705882248, 0.7529411764705882248, 0.7529411764705882248 ) ;
#477 = EDGE_CURVE ( 'NONE', #7929, #6004, #698, .T. ) ;
#478 =( LENGTH_UNIT ( ) NAMED_UNIT ( * ) SI_UNIT ( .MILLI., .METRE. ) );
#479 = LINE ( 'NONE', #5667, #6952 ) ;
#480 =( NAMED_UNIT ( * ) SI_UNIT ( $, .STERADIAN. ) SOLID_ANGLE_UNIT ( ) );
#481 = CARTESIAN_POINT ( 'NONE',  ( 0.7370731707317075276, 2.485365853658537016, 3.551000000000009926 ) ) ;
#482 = SURFACE_SIDE_STYLE ('',( #5114 ) ) ;
#483 = COLOUR_RGB ( '',0.2509803921568627416, 0.2509803921568627416, 0.2509803921568627416 ) ;
#484 = AXIS2_PLACEMENT_3D ( 'NONE', #5286, #270, #7921 ) ;
#485 = CARTESIAN_POINT ( 'NONE',  ( 0.4852335578258809012, 1.798398100330709903, 3.550000000000006928 ) ) ;
#486 = ORIENTED_EDGE ( 'NONE', *, *, #3768, .F. ) ;
#487 = CARTESIAN_POINT ( 'NONE',  ( 0.7700000000000001288, 1.695121951219512368, 3.551000000000007262 ) ) ;
#488 = ORIENTED_EDGE ( 'NONE', *, *, #3135, .T. ) ;
#489 = LINE ( 'NONE', #3752, #5773 ) ;
#490 = CARTESIAN_POINT ( 'NONE',  ( 0.5509474138852877845, 2.402017836307531073, 3.550000000000009148 ) ) ;
#491 = FILL_AREA_STYLE ('',( #3792 ) ) ;
#492 =( NAMED_UNIT ( * ) SI_UNIT ( $, .STERADIAN. ) SOLID_ANGLE_UNIT ( ) );
#493 = COLOUR_RGB ( '',0.2509803921568627416, 0.2509803921568627416, 0.2509803921568627416 ) ;
#494 = MECHANICAL_DESIGN_GEOMETRIC_PRESENTATION_REPRESENTATION (  '', ( #2666 ), #2673 ) ;
#495 =( GEOMETRIC_REPRESENTATION_CONTEXT ( 3 ) GLOBAL_UNCERTAINTY_ASSIGNED_CONTEXT ( ( #7101 ) ) GLOBAL_UNIT_ASSIGNED_CONTEXT ( ( #6960, #7649, #1867 ) ) REPRESENTATION_CONTEXT ( 'NONE', 'WORKASPACE' ) );
#496 =( LENGTH_UNIT ( ) NAMED_UNIT ( * ) SI_UNIT ( .MILLI., .METRE. ) );
#497 = DIRECTION ( 'NONE',  ( -0.7071067811865479058, 2.468850131082264949E-15, -0.7071067811865472397 ) ) ;
#498 = SURFACE_SIDE_STYLE ('',( #7033 ) ) ;
#499 = EDGE_CURVE ( 'NONE', #2417, #7892, #1983, .T. ) ;
#500 =( NAMED_UNIT ( * ) PLANE_ANGLE_UNIT ( ) SI_UNIT ( $, .RADIAN. ) );
#501 = ORIENTED_EDGE ( 'NONE', *, *, #6096, .F. ) ;
#502 =( NAMED_UNIT ( * ) PLANE_ANGLE_UNIT ( ) SI_UNIT ( $, .RADIAN. ) );
#503 = ORIENTED_EDGE ( 'NONE', *, *, #5946, .T. ) ;
#504 = UNCERTAINTY_MEASURE_WITH_UNIT (LENGTH_MEASURE( 1.000000000000000082E-05 ), #7843, 'distance_accuracy_value', 'NONE');
#505 = CARTESIAN_POINT ( 'NONE',  ( 0.5169275578586539632, 2.239249481541985887, 3.550000000000009148 ) ) ;
#506 = LINE ( 'NONE', #2700, #2217 ) ;
#507 = ORIENTED_EDGE ( 'NONE', *, *, #4980, .F. ) ;
#508 = CARTESIAN_POINT ( 'NONE',  ( 0.7700000000000001288, 1.424390243902439179, 3.550000000000006040 ) ) ;
#509 = DIRECTION ( 'NONE',  ( 1.000000000000000000, 0.0000000000000000000, 0.0000000000000000000 ) ) ;
#510 = CARTESIAN_POINT ( 'NONE',  ( 0.6232012195121952036, 2.419512195121951148, 3.551000000000009482 ) ) ;
#511 = EDGE_CURVE ( 'NONE', #6774, #1191, #3545, .T. ) ;
#512 = STYLED_ITEM ( 'NONE', ( #6183 ), #6632 ) ;
#513 = PLANE ( 'NONE',  #7006 ) ;
#514 = LINE ( 'NONE', #6437, #5848 ) ;
#515 =( NAMED_UNIT ( * ) PLANE_ANGLE_UNIT ( ) SI_UNIT ( $, .RADIAN. ) );
#516 = CIRCLE ( 'NONE', #7745, 1.319999999999999174 ) ;
#517 = ORIENTED_EDGE ( 'NONE', *, *, #3306, .T. ) ;
#518 = VERTEX_POINT ( 'NONE', #2231 ) ;
#519 = DIRECTION ( 'NONE',  ( -1.000000000000000000, -0.0000000000000000000, 0.0000000000000000000 ) ) ;
#520 = AXIS2_PLACEMENT_3D ( 'NONE', #159, #4747, #1342 ) ;
#521 = EDGE_CURVE ( 'NONE', #4405, #204, #2269, .T. ) ;
#522 = DIRECTION ( 'NONE',  ( 0.0000000000000000000, 1.000000000000000000, 3.491481338843133355E-15 ) ) ;
#523 = FACE_OUTER_BOUND ( 'NONE', #524, .T. ) ;
#524 = EDGE_LOOP ( 'NONE', ( #227, #848, #4515, #5893, #6077, #7970, #5033, #739, #6709, #150, #1372, #7904 ) ) ;
#525 = SURFACE_SIDE_STYLE ('',( #8250 ) ) ;
#526 = ORIENTED_EDGE ( 'NONE', *, *, #6096, .T. ) ;
#527 = CARTESIAN_POINT ( 'NONE',  ( 0.5183943994532249633, 1.565120989196856272, 3.551000000000006818 ) ) ;
#528 = LINE ( 'NONE', #1928, #2165 ) ;
#529 =( NAMED_UNIT ( * ) PLANE_ANGLE_UNIT ( ) SI_UNIT ( $, .RADIAN. ) );
#530 = PLANE ( 'NONE',  #2170 ) ;
#531 = EDGE_CURVE ( 'NONE', #8370, #5626, #8208, .T. ) ;
#532 = ORIENTED_EDGE ( 'NONE', *, *, #2872, .F. ) ;
#533 = CARTESIAN_POINT ( 'NONE',  ( 0.7700000000000000178, 1.876962652439024604, 3.551000000000007706 ) ) ;
#534 = CARTESIAN_POINT ( 'NONE',  ( 0.5065853658536588755, 1.561928353658537105, 3.550000000000006928 ) ) ;
#535 = ORIENTED_EDGE ( 'NONE', *, *, #7035, .T. ) ;
#536 = PRESENTATION_STYLE_ASSIGNMENT (( #7504 ) ) ;
#537 = CARTESIAN_POINT ( 'NONE',  ( 1.020000000000000462, 3.099999999999991651, 5.800000000000011369 ) ) ;
#538 = COLOUR_RGB ( '',0.7529411764705882248, 0.7529411764705882248, 0.7529411764705882248 ) ;
#539 = CARTESIAN_POINT ( 'NONE',  ( 0.3200000000000000067, -4.699999999999999289, 4.479999999999984439 ) ) ;
#540 = EDGE_CURVE ( 'NONE', #3953, #3412, #4075, .T. ) ;
#541 = AXIS2_PLACEMENT_3D ( 'NONE', #7230, #3079, #3707 ) ;
#542 = ORIENTED_EDGE ( 'NONE', *, *, #355, .F. ) ;
#543 = EDGE_LOOP ( 'NONE', ( #5540, #7392, #6044, #3804 ) ) ;
#544 = COLOUR_RGB ( '',0.7529411764705882248, 0.7529411764705882248, 0.7529411764705882248 ) ;
#545 = ORIENTED_EDGE ( 'NONE', *, *, #3035, .T. ) ;
#546 = DIRECTION ( 'NONE',  ( 0.0000000000000000000, -1.000000000000000000, -4.087566811209707212E-15 ) ) ;
#547 = EDGE_CURVE ( 'NONE', #5046, #1297, #6024, .T. ) ;
#548 = LINE ( 'NONE', #5727, #6092 ) ;
#549 = COLOUR_RGB ( '',0.7529411764705882248, 0.7529411764705882248, 0.7529411764705882248 ) ;
#550 = SURFACE_STYLE_USAGE ( .BOTH. , #3173 ) ;
#551 =( GEOMETRIC_REPRESENTATION_CONTEXT ( 3 ) GLOBAL_UNCERTAINTY_ASSIGNED_CONTEXT ( ( #4033 ) ) GLOBAL_UNIT_ASSIGNED_CONTEXT ( ( #2929, #4831, #6261 ) ) REPRESENTATION_CONTEXT ( 'NONE', 'WORKASPACE' ) );
#552 = ORIENTED_EDGE ( 'NONE', *, *, #2984, .T. ) ;
#553 = CARTESIAN_POINT ( 'NONE',  ( 0.7700000000000000178, 1.876962652439024604, 3.551000000000007706 ) ) ;
#554 = CARTESIAN_POINT ( 'NONE',  ( 1.270000000000000018, 0.7999999999999979350, 4.050000000000003375 ) ) ;
#555 = STYLED_ITEM ( 'NONE', ( #7931 ), #4512 ) ;
#556 = FILL_AREA_STYLE ('',( #3921 ) ) ;
#557 = UNCERTAINTY_MEASURE_WITH_UNIT (LENGTH_MEASURE( 1.000000000000000082E-05 ), #4843, 'distance_accuracy_value', 'NONE');
#558 = CARTESIAN_POINT ( 'NONE',  ( 0.4688292222822681432, 2.338813285354460980, 3.550000000000010036 ) ) ;
#559 = VECTOR ( 'NONE', #7215, 1000.000000000000000 ) ;
#560 = CARTESIAN_POINT ( 'NONE',  ( 0.7360474922797246577, 2.272255769887891574, 3.550000000000008260 ) ) ;
#561 = DIRECTION ( 'NONE',  ( -0.0000000000000000000, 3.491481338843133355E-15, -1.000000000000000000 ) ) ;
#562 = LINE ( 'NONE', #7661, #2858 ) ;
#563 = ORIENTED_EDGE ( 'NONE', *, *, #6483, .F. ) ;
#564 = SURFACE_STYLE_FILL_AREA ( #6401 ) ;
#565 = VECTOR ( 'NONE', #2632, 1000.000000000000000 ) ;
#566 = CARTESIAN_POINT ( 'NONE',  ( 0.6437343904432795139, 1.759043133931803560, 3.551000000000007706 ) ) ;
#567 = SURFACE_STYLE_USAGE ( .BOTH. , #3818 ) ;
#568 = CARTESIAN_POINT ( 'NONE',  ( 0.7663286590084975591, 2.263682824380140790, 3.550000000000007816 ) ) ;
#569 = ORIENTED_EDGE ( 'NONE', *, *, #7121, .T. ) ;
#570 = SURFACE_SIDE_STYLE ('',( #683 ) ) ;
#571 = VERTEX_POINT ( 'NONE', #10 ) ;
#572 = DIRECTION ( 'NONE',  ( -0.9417224702971438433, -0.3363908276654479779, 0.0000000000000000000 ) ) ;
#573 = LINE ( 'NONE', #5153, #5725 ) ;
#574 = CARTESIAN_POINT ( 'NONE',  ( -3.310000000000000497, 0.7999999999999997113, 3.550000000000003819 ) ) ;
#575 = PRESENTATION_LAYER_ASSIGNMENT (  '', '', ( #3815 ) ) ;
#576 = DIRECTION ( 'NONE',  ( 0.0000000000000000000, 1.000000000000000000, 4.087566811209707212E-15 ) ) ;
#577 = ORIENTED_EDGE ( 'NONE', *, *, #5049, .T. ) ;
#578 = FILL_AREA_STYLE ('',( #1322 ) ) ;
#579 = FILL_AREA_STYLE_COLOUR ( '', #2404 ) ;
#580 = PLANE ( 'NONE',  #484 ) ;
#581 = DIRECTION ( 'NONE',  ( -1.000000000000000000, 0.0000000000000000000, 0.0000000000000000000 ) ) ;
#582 = PRESENTATION_STYLE_ASSIGNMENT (( #8359 ) ) ;
#583 = EDGE_CURVE ( 'NONE', #4076, #4853, #4637, .T. ) ;
#584 = DIRECTION ( 'NONE',  ( 0.0000000000000000000, -1.000000000000000000, -3.491481338843133355E-15 ) ) ;
#585 = DIRECTION ( 'NONE',  ( -0.0000000000000000000, 3.491481338843133355E-15, -1.000000000000000000 ) ) ;
#586 = DIRECTION ( 'NONE',  ( 1.000000000000000000, 0.0000000000000000000, 0.0000000000000000000 ) ) ;
#587 = FACE_OUTER_BOUND ( 'NONE', #6856, .T. ) ;
#588 =( NAMED_UNIT ( * ) SI_UNIT ( $, .STERADIAN. ) SOLID_ANGLE_UNIT ( ) );
#589 = EDGE_LOOP ( 'NONE', ( #3196, #2492, #4785, #2050 ) ) ;
#590 = CARTESIAN_POINT ( 'NONE',  ( 0.6492075641414220000, 1.719609334201176676, 3.550000000000007372 ) ) ;
#591 = FACE_OUTER_BOUND ( 'NONE', #7234, .T. ) ;
#592 = VERTEX_POINT ( 'NONE', #4503 ) ;
#593 = PRESENTATION_STYLE_ASSIGNMENT (( #5860 ) ) ;
#594 =( GEOMETRIC_REPRESENTATION_CONTEXT ( 3 ) GLOBAL_UNCERTAINTY_ASSIGNED_CONTEXT ( ( #557 ) ) GLOBAL_UNIT_ASSIGNED_CONTEXT ( ( #4843, #2416, #6176 ) ) REPRESENTATION_CONTEXT ( 'NONE', 'WORKASPACE' ) );
#595 = DIRECTION ( 'NONE',  ( 0.0000000000000000000, 1.000000000000000000, 0.0000000000000000000 ) ) ;
#596 = FILL_AREA_STYLE ('',( #7725 ) ) ;
#597 = PRESENTATION_LAYER_ASSIGNMENT (  '', '', ( #7275 ) ) ;
#598 = EDGE_CURVE ( 'NONE', #1661, #6710, #3940, .T. ) ;
#599 = CARTESIAN_POINT ( 'NONE',  ( 2.860000000000000320, 0.7999999999999953815, 4.800000000000004263 ) ) ;
#600 = CARTESIAN_POINT ( 'NONE',  ( -0.1380148828668992800, 5.200000000000009948, 0.5500000000000192513 ) ) ;
#601 = UNCERTAINTY_MEASURE_WITH_UNIT (LENGTH_MEASURE( 1.000000000000000082E-05 ), #5955, 'distance_accuracy_value', 'NONE');
#602 = SURFACE_STYLE_FILL_AREA ( #6440 ) ;
#603 = ORIENTED_EDGE ( 'NONE', *, *, #7524, .F. ) ;
#604 = STYLED_ITEM ( 'NONE', ( #1354 ), #7412 ) ;
#605 = ADVANCED_FACE ( 'NONE', ( #7825 ), #3347, .F. ) ;
#606 = LINE ( 'NONE', #3102, #6901 ) ;
#607 = PLANE ( 'NONE',  #3728 ) ;
#608 = UNCERTAINTY_MEASURE_WITH_UNIT (LENGTH_MEASURE( 1.000000000000000082E-05 ), #4258, 'distance_accuracy_value', 'NONE');
#609 = ORIENTED_EDGE ( 'NONE', *, *, #6577, .T. ) ;
#610 = DIRECTION ( 'NONE',  ( 0.0000000000000000000, -3.491481338843133355E-15, 1.000000000000000000 ) ) ;
#611 = CYLINDRICAL_SURFACE ( 'NONE', #1264, 1.319999999999999174 ) ;
#612 = MECHANICAL_DESIGN_GEOMETRIC_PRESENTATION_REPRESENTATION (  '', ( #1541 ), #1273 ) ;
#613 =( NAMED_UNIT ( * ) PLANE_ANGLE_UNIT ( ) SI_UNIT ( $, .RADIAN. ) );
#614 = EDGE_CURVE ( 'NONE', #6695, #6297, #3064, .T. ) ;
#615 =( NAMED_UNIT ( * ) SI_UNIT ( $, .STERADIAN. ) SOLID_ANGLE_UNIT ( ) );
#616 = ORIENTED_EDGE ( 'NONE', *, *, #3552, .F. ) ;
#617 = FILL_AREA_STYLE_COLOUR ( '', #7449 ) ;
#618 = VECTOR ( 'NONE', #3137, 1000.000000000000000 ) ;
#619 = UNCERTAINTY_MEASURE_WITH_UNIT (LENGTH_MEASURE( 1.000000000000000082E-05 ), #6477, 'distance_accuracy_value', 'NONE');
#620 = CARTESIAN_POINT ( 'NONE',  ( 0.5180144026626543052, 2.371415719007143874, 3.550000000000010036 ) ) ;
#621 = SURFACE_SIDE_STYLE ('',( #3868 ) ) ;
#622 = FACE_OUTER_BOUND ( 'NONE', #5499, .T. ) ;
#623 = CARTESIAN_POINT ( 'NONE',  ( 0.7370731707317075276, 2.485365853658537016, 3.551000000000009926 ) ) ;
#624 = AXIS2_PLACEMENT_3D ( 'NONE', #4489, #2419, #3856 ) ;
#625 = VECTOR ( 'NONE', #1504, 1000.000000000000000 ) ;
#626 = FILL_AREA_STYLE_COLOUR ( '', #8402 ) ;
#627 = SURFACE_STYLE_USAGE ( .BOTH. , #1247 ) ;
#628 = EDGE_CURVE ( 'NONE', #6180, #2232, #1881, .T. ) ;
#629 = VERTEX_POINT ( 'NONE', #5020 ) ;
#630 = CARTESIAN_POINT ( 'NONE',  ( -1.519999999999999574, 3.099999999999998757, 3.800000000000011813 ) ) ;
#631 = CARTESIAN_POINT ( 'NONE',  ( 0.7360474922797246577, 2.272255769887891574, 3.551000000000008594 ) ) ;
#632 = ORIENTED_EDGE ( 'NONE', *, *, #8095, .T. ) ;
#633 = CARTESIAN_POINT ( 'NONE',  ( 0.6256592987804878714, 2.459756097560975352, 3.550000000000010481 ) ) ;
#634 = CARTESIAN_POINT ( 'NONE',  ( 0.6185673922293498661, 2.419408300778118193, 3.551000000000010370 ) ) ;
#635 = AXIS2_PLACEMENT_3D ( 'NONE', #2391, #4289, #2432 ) ;
#636 = CARTESIAN_POINT ( 'NONE',  ( 0.7700000000000001288, 1.695121951219512368, 3.551000000000007262 ) ) ;
#637 = SURFACE_STYLE_USAGE ( .BOTH. , #4521 ) ;
#638 = PRESENTATION_STYLE_ASSIGNMENT (( #5091 ) ) ;
#639 = CARTESIAN_POINT ( 'NONE',  ( 0.6820379732661328021, 2.408267093156977179, 3.550000000000008260 ) ) ;
#640 = EDGE_CURVE ( 'NONE', #6004, #2853, #3692, .T. ) ;
#641 = CARTESIAN_POINT ( 'NONE',  ( -1.269999999999999352, 3.099999999999992539, 5.550000000000011369 ) ) ;
#642 = ORIENTED_EDGE ( 'NONE', *, *, #5580, .T. ) ;
#643 = VECTOR ( 'NONE', #108, 1000.000000000000000 ) ;
#644 = SURFACE_STYLE_USAGE ( .BOTH. , #1 ) ;
#645 = AXIS2_PLACEMENT_3D ( 'NONE', #8398, #4467, #5122 ) ;
#646 = CARTESIAN_POINT ( 'NONE',  ( 1.769999999999999796, 3.299999999999991385, 6.050000000000012257 ) ) ;
#647 = CARTESIAN_POINT ( 'NONE',  ( -2.678014882866899260, -5.200000000000004619, 4.661985117133083278 ) ) ;
#648 = ADVANCED_FACE ( 'NONE', ( #2087 ), #38, .F. ) ;
#649 = SURFACE_STYLE_FILL_AREA ( #3302 ) ;
#650 =( GEOMETRIC_REPRESENTATION_CONTEXT ( 3 ) GLOBAL_UNCERTAINTY_ASSIGNED_CONTEXT ( ( #3566 ) ) GLOBAL_UNIT_ASSIGNED_CONTEXT ( ( #2854, #4023, #2214 ) ) REPRESENTATION_CONTEXT ( 'NONE', 'WORKASPACE' ) );
#651 = CARTESIAN_POINT ( 'NONE',  ( 0.5468444657237087059, 2.443132626186956369, 3.551000000000009482 ) ) ;
#652 = CARTESIAN_POINT ( 'NONE',  ( 0.4700000000000001954, 2.178048780487804148, 3.550000000000008704 ) ) ;
#653 = CARTESIAN_POINT ( 'NONE',  ( 0.7700000000000001288, 2.485365853658537016, 3.551000000000009926 ) ) ;
#654 =( GEOMETRIC_REPRESENTATION_CONTEXT ( 3 ) GLOBAL_UNCERTAINTY_ASSIGNED_CONTEXT ( ( #1603 ) ) GLOBAL_UNIT_ASSIGNED_CONTEXT ( ( #2495, #1820, #4338 ) ) REPRESENTATION_CONTEXT ( 'NONE', 'WORKASPACE' ) );
#655 = DIRECTION ( 'NONE',  ( 0.0000000000000000000, -3.491481338843133355E-15, 1.000000000000000000 ) ) ;
#656 =( NAMED_UNIT ( * ) PLANE_ANGLE_UNIT ( ) SI_UNIT ( $, .RADIAN. ) );
#657 = PRESENTATION_STYLE_ASSIGNMENT (( #1169 ) ) ;
#658 = CARTESIAN_POINT ( 'NONE',  ( 0.4729406000558674661, 2.251544065019055907, 3.551000000000008594 ) ) ;
#659 = CARTESIAN_POINT ( 'NONE',  ( -0.7700000000000000178, 0.7999999999999997113, 3.550000000000003819 ) ) ;
#660 = ORIENTED_EDGE ( 'NONE', *, *, #8426, .F. ) ;
#661 =( GEOMETRIC_REPRESENTATION_CONTEXT ( 3 ) GLOBAL_UNCERTAINTY_ASSIGNED_CONTEXT ( ( #6824 ) ) GLOBAL_UNIT_ASSIGNED_CONTEXT ( ( #7789, #6327, #492 ) ) REPRESENTATION_CONTEXT ( 'NONE', 'WORKASPACE' ) );
#662 = ORIENTED_EDGE ( 'NONE', *, *, #1190, .F. ) ;
#663 = UNCERTAINTY_MEASURE_WITH_UNIT (LENGTH_MEASURE( 1.000000000000000082E-05 ), #8039, 'distance_accuracy_value', 'NONE');
#664 = CARTESIAN_POINT ( 'NONE',  ( 0.3200000000000000067, 5.199999999999997513, 3.800000000000018474 ) ) ;
#665 = AXIS2_PLACEMENT_3D ( 'NONE', #4513, #1170, #5045 ) ;
#666 = VERTEX_POINT ( 'NONE', #5673 ) ;
#667 = CARTESIAN_POINT ( 'NONE',  ( 0.4700000000000001954, 2.024390243902438602, 3.550000000000007816 ) ) ;
#668 = CARTESIAN_POINT ( 'NONE',  ( 0.7370731707317074166, 1.918292682926829418, 3.550000000000007372 ) ) ;
#669 = PRESENTATION_LAYER_ASSIGNMENT (  '', '', ( #8031 ) ) ;
#670 = CARTESIAN_POINT ( 'NONE',  ( 0.7406841451528469733, 2.309963501879053194, 3.550000000000009148 ) ) ;
#671 = PRESENTATION_LAYER_ASSIGNMENT (  '', '', ( #3521 ) ) ;
#672 = VECTOR ( 'NONE', #4087, 1000.000000000000000 ) ;
#673 = VECTOR ( 'NONE', #8040, 1000.000000000000000 ) ;
#674 =( NAMED_UNIT ( * ) SI_UNIT ( $, .STERADIAN. ) SOLID_ANGLE_UNIT ( ) );
#675 = DIRECTION ( 'NONE',  ( 0.0000000000000000000, 1.000000000000000000, 3.491481338843133750E-15 ) ) ;
#676 = ORIENTED_EDGE ( 'NONE', *, *, #393, .F. ) ;
#677 = SURFACE_STYLE_USAGE ( .BOTH. , #5868 ) ;
#678 = EDGE_CURVE ( 'NONE', #6610, #384, #8261, .T. ) ;
#679 = CARTESIAN_POINT ( 'NONE',  ( 0.7689851138769089323, 2.273782808123950172, 3.551000000000009926 ) ) ;
#680 = CARTESIAN_POINT ( 'NONE',  ( 0.7704139888219411203, 2.280870643098535488, 3.550000000000008260 ) ) ;
#681 = UNCERTAINTY_MEASURE_WITH_UNIT (LENGTH_MEASURE( 1.000000000000000082E-05 ), #5249, 'distance_accuracy_value', 'NONE');
#682 = ORIENTED_EDGE ( 'NONE', *, *, #7486, .T. ) ;
#683 = SURFACE_STYLE_FILL_AREA ( #3107 ) ;
#684 = VECTOR ( 'NONE', #68, 1000.000000000000000 ) ;
#685 = VERTEX_POINT ( 'NONE', #3753 ) ;
#686 = CARTESIAN_POINT ( 'NONE',  ( 0.4992682926829269396, 2.306840701219512013, 3.550000000000009148 ) ) ;
#687 = EDGE_CURVE ( 'NONE', #4041, #5680, #3118, .T. ) ;
#688 = CARTESIAN_POINT ( 'NONE',  ( 0.4692414986806841548, 2.268299699951660031, 3.550000000000008260 ) ) ;
#689 = FILL_AREA_STYLE ('',( #6535 ) ) ;
#690 = ADVANCED_FACE ( 'NONE', ( #6723 ), #3986, .T. ) ;
#691 = UNCERTAINTY_MEASURE_WITH_UNIT (LENGTH_MEASURE( 1.000000000000000082E-05 ), #6152, 'distance_accuracy_value', 'NONE');
#692 =( GEOMETRIC_REPRESENTATION_CONTEXT ( 3 ) GLOBAL_UNCERTAINTY_ASSIGNED_CONTEXT ( ( #4376 ) ) GLOBAL_UNIT_ASSIGNED_CONTEXT ( ( #6785, #4067, #3484 ) ) REPRESENTATION_CONTEXT ( 'NONE', 'WORKASPACE' ) );
#693 = ORIENTED_EDGE ( 'NONE', *, *, #3326, .T. ) ;
#694 = SURFACE_SIDE_STYLE ('',( #3481 ) ) ;
#695 = DIRECTION ( 'NONE',  ( 0.0000000000000000000, 1.000000000000000000, 3.491481338843133355E-15 ) ) ;
#696 = SURFACE_STYLE_USAGE ( .BOTH. , #5812 ) ;
#697 = FILL_AREA_STYLE ('',( #2534 ) ) ;
#698 = LINE ( 'NONE', #21, #8170 ) ;
#699 = CARTESIAN_POINT ( 'NONE',  ( 0.7466357773737909431, 1.785578649881135238, 3.550000000000007816 ) ) ;
#700 = FILL_AREA_STYLE ('',( #7966 ) ) ;
#701 = ORIENTED_EDGE ( 'NONE', *, *, #5258, .T. ) ;
#702 = CARTESIAN_POINT ( 'NONE',  ( 0.4992682926829269396, 2.306840701219512013, 3.551000000000009482 ) ) ;
#703 = CARTESIAN_POINT ( 'NONE',  ( 0.5509474138852877845, 2.402017836307531073, 3.551000000000009482 ) ) ;
#704 = EDGE_CURVE ( 'NONE', #1549, #5934, #4640, .T. ) ;
#705 = CARTESIAN_POINT ( 'NONE',  ( 0.7230403725164168405, 2.374618142177832070, 3.550000000000009592 ) ) ;
#706 = LINE ( 'NONE', #157, #1347 ) ;
#707 = LINE ( 'NONE', #3970, #6656 ) ;
#708 = VERTEX_POINT ( 'NONE', #7621 ) ;
#709 = AXIS2_PLACEMENT_3D ( 'NONE', #8304, #6454, #5112 ) ;
#710 = LINE ( 'NONE', #4666, #1157 ) ;
#711 = FILL_AREA_STYLE ('',( #6604 ) ) ;
#712 = ADVANCED_FACE ( 'NONE', ( #6230 ), #6675, .T. ) ;
#713 = EDGE_LOOP ( 'NONE', ( #2672, #6982, #463, #2708 ) ) ;
#714 = SURFACE_SIDE_STYLE ('',( #3933 ) ) ;
#715 = SURFACE_STYLE_USAGE ( .BOTH. , #1520 ) ;
#716 = CARTESIAN_POINT ( 'NONE',  ( 0.5276219512195123862, 1.567701981707317227, 3.551000000000006818 ) ) ;
#717 = CARTESIAN_POINT ( 'NONE',  ( 0.3200000000000000067, 5.018014882866909332, 0.5500000000000183631 ) ) ;
#718 = DIRECTION ( 'NONE',  ( 0.0000000000000000000, 1.000000000000000000, 1.642730564371977449E-15 ) ) ;
#719 = LINE ( 'NONE', #92, #2065 ) ;
#720 = SURFACE_STYLE_USAGE ( .BOTH. , #7241 ) ;
#721 = CARTESIAN_POINT ( 'NONE',  ( 0.7700000000000001288, 2.178048780487804148, 3.551000000000009038 ) ) ;
#722 = EDGE_CURVE ( 'NONE', #1627, #2550, #7815, .T. ) ;
#723 = CARTESIAN_POINT ( 'NONE',  ( 0.4995271055064803289, 2.318877482003919077, 3.551000000000009038 ) ) ;
#724 = ORIENTED_EDGE ( 'NONE', *, *, #2166, .F. ) ;
#725 = VECTOR ( 'NONE', #281, 1000.000000000000000 ) ;
#726 = SURFACE_STYLE_FILL_AREA ( #6580 ) ;
#727 = DIRECTION ( 'NONE',  ( -0.0000000000000000000, 3.491481338843133355E-15, -1.000000000000000000 ) ) ;
#728 = LINE ( 'NONE', #104, #6750 ) ;
#729 = FILL_AREA_STYLE ('',( #6015 ) ) ;
#730 = ORIENTED_EDGE ( 'NONE', *, *, #3265, .T. ) ;
#731 = EDGE_LOOP ( 'NONE', ( #7647, #724, #7311, #6831 ) ) ;
#732 = VERTEX_POINT ( 'NONE', #6567 ) ;
#733 = CARTESIAN_POINT ( 'NONE',  ( 0.7054070521059516707, 1.742043612853606094, 3.550000000000007372 ) ) ;
#734 = B_SPLINE_SURFACE_WITH_KNOTS ( 'NONE', 3, 1, ( 
 ( #5536, #3698 ),
 ( #1153, #6363 ),
 ( #8161, #6889 ),
 ( #527, #4895 ),
 ( #989, #1676 ),
 ( #1234, #5833 ),
 ( #716, #1272 ) ),
 .UNSPECIFIED., .F., .F., .F.,
 ( 4, 1, 1, 1, 4 ),
 ( 2, 2 ),
 ( 0.0000000000000000000, 0.3005748677701820526, 0.5683474126119572034, 0.8000111549537368694, 1.000000000000000000 ),
 ( 0.0000000000000000000, 1.000000000000000000 ),
 .UNSPECIFIED. ) ;
#735 = STYLED_ITEM ( 'NONE', ( #7990 ), #5905 ) ;
#736 =( GEOMETRIC_REPRESENTATION_CONTEXT ( 3 ) GLOBAL_UNCERTAINTY_ASSIGNED_CONTEXT ( ( #88 ) ) GLOBAL_UNIT_ASSIGNED_CONTEXT ( ( #3314, #2016, #1362 ) ) REPRESENTATION_CONTEXT ( 'NONE', 'WORKASPACE' ) );
#737 =( LENGTH_UNIT ( ) NAMED_UNIT ( * ) SI_UNIT ( .MILLI., .METRE. ) );
#738 = EDGE_CURVE ( 'NONE', #7152, #571, #3193, .T. ) ;
#739 = ORIENTED_EDGE ( 'NONE', *, *, #4152, .F. ) ;
#740 = CARTESIAN_POINT ( 'NONE',  ( -2.401985117133101255, 5.200000000000009948, 0.5500000000000192513 ) ) ;
#741 =( LENGTH_UNIT ( ) NAMED_UNIT ( * ) SI_UNIT ( .MILLI., .METRE. ) );
#742 = ORIENTED_EDGE ( 'NONE', *, *, #7070, .T. ) ;
#743 = CARTESIAN_POINT ( 'NONE',  ( 0.6486573455358947138, 2.417867600495954505, 3.550000000000008704 ) ) ;
#744 = VECTOR ( 'NONE', #5661, 1000.000000000000227 ) ;
#745 = AXIS2_PLACEMENT_3D ( 'NONE', #1650, #4220, #6865 ) ;
#746 = STYLED_ITEM ( 'NONE', ( #2623 ), #2527 ) ;
#747 = PRODUCT_DEFINITION_CONTEXT ( 'detailed design', #8321, 'design' ) ;
#748 = SURFACE_STYLE_FILL_AREA ( #1996 ) ;
#749 = DIRECTION ( 'NONE',  ( -0.0000000000000000000, 1.000000000000000000, 3.491481338843133355E-15 ) ) ;
#750 = MECHANICAL_DESIGN_GEOMETRIC_PRESENTATION_REPRESENTATION (  '', ( #7858 ), #495 ) ;
#751 =( NAMED_UNIT ( * ) SI_UNIT ( $, .STERADIAN. ) SOLID_ANGLE_UNIT ( ) );
#752 = LINE ( 'NONE', #4705, #3610 ) ;
#753 = EDGE_LOOP ( 'NONE', ( #8152, #956, #1806, #5977, #794, #6253 ) ) ;
#754 =( GEOMETRIC_REPRESENTATION_CONTEXT ( 3 ) GLOBAL_UNCERTAINTY_ASSIGNED_CONTEXT ( ( #608 ) ) GLOBAL_UNIT_ASSIGNED_CONTEXT ( ( #4258, #8316, #8219 ) ) REPRESENTATION_CONTEXT ( 'NONE', 'WORKASPACE' ) );
#755 = CARTESIAN_POINT ( 'NONE',  ( 0.7112312225487014139, 2.438425512497220282, 3.550000000000010481 ) ) ;
#756 = ORIENTED_EDGE ( 'NONE', *, *, #6434, .T. ) ;
#757 = SURFACE_STYLE_USAGE ( .BOTH. , #2733 ) ;
#758 =( GEOMETRIC_REPRESENTATION_CONTEXT ( 3 ) GLOBAL_UNCERTAINTY_ASSIGNED_CONTEXT ( ( #2980 ) ) GLOBAL_UNIT_ASSIGNED_CONTEXT ( ( #2533, #1981, #4421 ) ) REPRESENTATION_CONTEXT ( 'NONE', 'WORKASPACE' ) );
#759 = DIRECTION ( 'NONE',  ( 0.0000000000000000000, -3.491481338843133355E-15, 1.000000000000000000 ) ) ;
#760 = VECTOR ( 'NONE', #7401, 999.9999999999998863 ) ;
#761 =( LENGTH_UNIT ( ) NAMED_UNIT ( * ) SI_UNIT ( .MILLI., .METRE. ) );
#762 = UNCERTAINTY_MEASURE_WITH_UNIT (LENGTH_MEASURE( 1.000000000000000082E-05 ), #5670, 'distance_accuracy_value', 'NONE');
#763 = ORIENTED_EDGE ( 'NONE', *, *, #7894, .T. ) ;
#764 = CARTESIAN_POINT ( 'NONE',  ( 0.5846516763340824374, 1.719614414072799580, 3.551000000000006818 ) ) ;
#765 = ORIENTED_EDGE ( 'NONE', *, *, #3326, .F. ) ;
#766 = DIRECTION ( 'NONE',  ( -1.000000000000000000, 0.0000000000000000000, 0.0000000000000000000 ) ) ;
#767 = EDGE_CURVE ( 'NONE', #1192, #4894, #5702, .T. ) ;
#768 = SURFACE_STYLE_FILL_AREA ( #855 ) ;
#769 = FACE_OUTER_BOUND ( 'NONE', #2888, .T. ) ;
#770 = CARTESIAN_POINT ( 'NONE',  ( -2.220000000000000195, -4.699999999999999289, 4.479999999999984439 ) ) ;
#771 =( NAMED_UNIT ( * ) PLANE_ANGLE_UNIT ( ) SI_UNIT ( $, .RADIAN. ) );
#772 = ORIENTED_EDGE ( 'NONE', *, *, #4477, .F. ) ;
#773 = ORIENTED_EDGE ( 'NONE', *, *, #6275, .F. ) ;
#774 = SURFACE_STYLE_USAGE ( .BOTH. , #6631 ) ;
#775 = PRESENTATION_STYLE_ASSIGNMENT (( #4044 ) ) ;
#776 = ORIENTED_EDGE ( 'NONE', *, *, #830, .T. ) ;
#777 = PRESENTATION_STYLE_ASSIGNMENT (( #4080 ) ) ;
#778 = EDGE_CURVE ( 'NONE', #7074, #2236, #3153, .T. ) ;
#779 = FILL_AREA_STYLE ('',( #3285 ) ) ;
#780 = FILL_AREA_STYLE_COLOUR ( '', #7978 ) ;
#781 = ORIENTED_EDGE ( 'NONE', *, *, #8420, .T. ) ;
#782 = SURFACE_STYLE_FILL_AREA ( #5944 ) ;
#783 = EDGE_CURVE ( 'NONE', #2690, #7132, #1231, .T. ) ;
#784 = COLOUR_RGB ( '',0.7529411764705882248, 0.7529411764705882248, 0.7529411764705882248 ) ;
#785 = SURFACE_STYLE_USAGE ( .BOTH. , #1559 ) ;
#786 = FACE_OUTER_BOUND ( 'NONE', #6361, .T. ) ;
#787 = PRESENTATION_LAYER_ASSIGNMENT (  '', '', ( #7506 ) ) ;
#788 = VECTOR ( 'NONE', #6341, 1000.000000000000000 ) ;
#789 = VERTEX_POINT ( 'NONE', #3478 ) ;
#790 = STYLED_ITEM ( 'NONE', ( #5124 ), #466 ) ;
#791 = SURFACE_STYLE_FILL_AREA ( #6406 ) ;
#792 = PRODUCT_CONTEXT ( 'NONE', #4792, 'mechanical' ) ;
#793 = CARTESIAN_POINT ( 'NONE',  ( 0.6417341190429372011, 2.459478461413805661, 3.550000000000009592 ) ) ;
#794 = ORIENTED_EDGE ( 'NONE', *, *, #5108, .F. ) ;
#795 = DIRECTION ( 'NONE',  ( -1.000000000000000000, 0.0000000000000000000, 0.0000000000000000000 ) ) ;
#796 = VECTOR ( 'NONE', #2169, 1000.000000000000227 ) ;
#797 = CARTESIAN_POINT ( 'NONE',  ( 1.519999999999999574, 3.099999999999998757, 3.800000000000011813 ) ) ;
#798 =( NAMED_UNIT ( * ) PLANE_ANGLE_UNIT ( ) SI_UNIT ( $, .RADIAN. ) );
#799 = STYLED_ITEM ( 'NONE', ( #8271 ), #4613 ) ;
#800 = FILL_AREA_STYLE_COLOUR ( '', #6400 ) ;
#801 = DIRECTION ( 'NONE',  ( 1.000000000000000000, 0.0000000000000000000, 0.0000000000000000000 ) ) ;
#802 = EDGE_LOOP ( 'NONE', ( #1839, #454, #4748, #4560 ) ) ;
#803 = CARTESIAN_POINT ( 'NONE',  ( 0.6989573493412838401, 2.445025348839795054, 3.551000000000009038 ) ) ;
#804 =( LENGTH_UNIT ( ) NAMED_UNIT ( * ) SI_UNIT ( .MILLI., .METRE. ) );
#805 =( LENGTH_UNIT ( ) NAMED_UNIT ( * ) SI_UNIT ( .MILLI., .METRE. ) );
#806 = CARTESIAN_POINT ( 'NONE',  ( 2.860000000000000320, 5.200000000000008171, 1.050000000000023581 ) ) ;
#807 = ORIENTED_EDGE ( 'NONE', *, *, #6737, .T. ) ;
#808 =( NAMED_UNIT ( * ) PLANE_ANGLE_UNIT ( ) SI_UNIT ( $, .RADIAN. ) );
#809 = EDGE_LOOP ( 'NONE', ( #6827, #6353, #6046, #906 ) ) ;
#810 = EDGE_CURVE ( 'NONE', #1481, #2089, #2728, .T. ) ;
#811 = FILL_AREA_STYLE_COLOUR ( '', #3072 ) ;
#812 = STYLED_ITEM ( 'NONE', ( #4095 ), #101 ) ;
#813 = CARTESIAN_POINT ( 'NONE',  ( 0.0000000000000000000, 0.7999999999999940492, 5.120000000000002771 ) ) ;
#814 = ORIENTED_EDGE ( 'NONE', *, *, #2630, .F. ) ;
#815 = SURFACE_STYLE_FILL_AREA ( #4007 ) ;
#816 = PLANE ( 'NONE',  #6767 ) ;
#817 = DIRECTION ( 'NONE',  ( 0.0000000000000000000, 1.000000000000000000, 3.491481338843133355E-15 ) ) ;
#818 = DIRECTION ( 'NONE',  ( 0.7071067811865473507, 2.468850131082266527E-15, -0.7071067811865477948 ) ) ;
#819 = EDGE_LOOP ( 'NONE', ( #2368, #1960, #7339, #2449 ) ) ;
#820 = CARTESIAN_POINT ( 'NONE',  ( 0.5390107642314940772, 1.781735037378472164, 3.551000000000006818 ) ) ;
#821 = B_SPLINE_CURVE_WITH_KNOTS ( 'NONE', 3,
 ( #3085, #1004, #5678, #8317, #374, #7467, #3599, #452, #3713, #2447, #1690, #6990, #1598, #6816, #7595, #2920, #4296, #8221, #3675 ),
 .UNSPECIFIED., .F., .F.,
 ( 4, 1, 1, 1, 1, 1, 1, 1, 1, 1, 1, 1, 1, 1, 1, 1, 4 ),
 ( 0.0000000000000000000, 0.07082199823409628114, 0.1381601096583844612, 0.2024622547020686336, 0.2639567057174988518, 0.3236342499071822032, 0.3817869263266496782, 0.4393756585350246380, 0.4971066655477049401, 0.5548623802280194806, 0.6127668894862257076, 0.6715600499945684199, 0.7316730530556698753, 0.7943110968516788883, 0.8594912802951154562, 0.9276859961409870126, 1.000000000000000000 ),
 .UNSPECIFIED. ) ;
#822 = CARTESIAN_POINT ( 'NONE',  ( 0.7694967366514745555, 2.276541778930380566, 3.551000000000009926 ) ) ;
#823 = EDGE_CURVE ( 'NONE', #789, #6777, #7266, .T. ) ;
#824 = FILL_AREA_STYLE_COLOUR ( '', #1092 ) ;
#825 =( NAMED_UNIT ( * ) SI_UNIT ( $, .STERADIAN. ) SOLID_ANGLE_UNIT ( ) );
#826 = FILL_AREA_STYLE_COLOUR ( '', #175 ) ;
#827 = LINE ( 'NONE', #6870, #8027 ) ;
#828 = EDGE_LOOP ( 'NONE', ( #5047, #89, #5599, #8196 ) ) ;
#829 = SURFACE_STYLE_FILL_AREA ( #8098 ) ;
#830 = EDGE_CURVE ( 'NONE', #518, #5923, #4671, .T. ) ;
#831 = CARTESIAN_POINT ( 'NONE',  ( 0.3200000000000000067, -5.200000000000006395, 5.119999999999982343 ) ) ;
#832 = ORIENTED_EDGE ( 'NONE', *, *, #8343, .F. ) ;
#833 = PRESENTATION_LAYER_ASSIGNMENT (  '', '', ( #8216 ) ) ;
#834 = FILL_AREA_STYLE_COLOUR ( '', #3356 ) ;
#835 = UNCERTAINTY_MEASURE_WITH_UNIT (LENGTH_MEASURE( 1.000000000000000082E-05 ), #7134, 'distance_accuracy_value', 'NONE');
#836 = ORIENTED_EDGE ( 'NONE', *, *, #2718, .T. ) ;
#837 = DIRECTION ( 'NONE',  ( 0.0000000000000000000, -3.491481338843133355E-15, 1.000000000000000000 ) ) ;
#838 = CARTESIAN_POINT ( 'NONE',  ( 0.5169275578586539632, 2.239249481541985887, 3.551000000000009482 ) ) ;
#839 = DIRECTION ( 'NONE',  ( -1.000000000000000000, 0.0000000000000000000, 0.0000000000000000000 ) ) ;
#840 = CARTESIAN_POINT ( 'NONE',  ( 0.5189770295353521856, 1.559646802291304368, 3.550000000000006928 ) ) ;
#841 = ORIENTED_EDGE ( 'NONE', *, *, #1380, .F. ) ;
#842 = CARTESIAN_POINT ( 'NONE',  ( -1.270000000000000018, 0.7999999999999979350, 4.050000000000003375 ) ) ;
#843 = ADVANCED_FACE ( 'NONE', ( #6694 ), #7307, .F. ) ;
#844 = VECTOR ( 'NONE', #6165, 1000.000000000000000 ) ;
#845 = CARTESIAN_POINT ( 'NONE',  ( 0.4782317073170733179, 2.236585365853658747, 3.551000000000009482 ) ) ;
#846 = DIRECTION ( 'NONE',  ( 0.0000000000000000000, 0.0000000000000000000, -1.000000000000000000 ) ) ;
#847 = LINE ( 'NONE', #4068, #1300 ) ;
#848 = ORIENTED_EDGE ( 'NONE', *, *, #531, .F. ) ;
#849 = STYLED_ITEM ( 'NONE', ( #7104 ), #7386 ) ;
#850 = SURFACE_STYLE_FILL_AREA ( #1534 ) ;
#851 = LINE ( 'NONE', #5408, #2381 ) ;
#852 = FACE_OUTER_BOUND ( 'NONE', #1088, .T. ) ;
#853 = COLOUR_RGB ( '',0.7529411764705882248, 0.7529411764705882248, 0.7529411764705882248 ) ;
#854 = ADVANCED_FACE ( 'NONE', ( #1705 ), #432, .F. ) ;
#855 = FILL_AREA_STYLE ('',( #1366 ) ) ;
#856 = CARTESIAN_POINT ( 'NONE',  ( 0.7710000147646413060, 2.284431041985109268, 3.551000000000009038 ) ) ;
#857 = VECTOR ( 'NONE', #7783, 1000.000000000000000 ) ;
#858 = VERTEX_POINT ( 'NONE', #3685 ) ;
#859 = DIRECTION ( 'NONE',  ( 0.0000000000000000000, 3.491481338843133355E-15, -1.000000000000000000 ) ) ;
#860 = COLOUR_RGB ( '',0.7529411764705882248, 0.7529411764705882248, 0.7529411764705882248 ) ;
#861 = ORIENTED_EDGE ( 'NONE', *, *, #7524, .T. ) ;
#862 = STYLED_ITEM ( 'NONE', ( #7130 ), #3322 ) ;
#863 = FACE_OUTER_BOUND ( 'NONE', #1744, .T. ) ;
#864 = ORIENTED_EDGE ( 'NONE', *, *, #4407, .T. ) ;
#865 = CARTESIAN_POINT ( 'NONE',  ( 1.770000000000000018, 0.7999999999999997113, 3.550000000000003819 ) ) ;
#866 = MECHANICAL_DESIGN_GEOMETRIC_PRESENTATION_REPRESENTATION (  '', ( #5486 ), #1834 ) ;
#867 = CARTESIAN_POINT ( 'NONE',  ( 0.4700000000000001954, 1.581707317073171026, 3.550000000000006928 ) ) ;
#868 = ADVANCED_FACE ( 'NONE', ( #4436 ), #2639, .F. ) ;
#869 =( LENGTH_UNIT ( ) NAMED_UNIT ( * ) SI_UNIT ( .MILLI., .METRE. ) );
#870 = ORIENTED_EDGE ( 'NONE', *, *, #5622, .T. ) ;
#871 = SURFACE_STYLE_FILL_AREA ( #5386 ) ;
#872 = STYLED_ITEM ( 'NONE', ( #7533 ), #5997 ) ;
#873 = STYLED_ITEM ( 'NONE', ( #1313 ), #3613 ) ;
#874 = STYLED_ITEM ( 'NONE', ( #2395 ), #2372 ) ;
#875 = FILL_AREA_STYLE_COLOUR ( '', #2571 ) ;
#876 = ORIENTED_EDGE ( 'NONE', *, *, #1797, .T. ) ;
#877 = ADVANCED_FACE ( 'NONE', ( #7688 ), #1828, .T. ) ;
#878 = COLOUR_RGB ( '',0.7529411764705882248, 0.7529411764705882248, 0.7529411764705882248 ) ;
#879 =( NAMED_UNIT ( * ) PLANE_ANGLE_UNIT ( ) SI_UNIT ( $, .RADIAN. ) );
#880 = ORIENTED_EDGE ( 'NONE', *, *, #3339, .F. ) ;
#881 = CARTESIAN_POINT ( 'NONE',  ( -2.220000000000000195, -4.699999999999999289, 4.479999999999984439 ) ) ;
#882 = EDGE_LOOP ( 'NONE', ( #4381, #2005, #5223, #4874, #2270, #3283 ) ) ;
#883 = VECTOR ( 'NONE', #1588, 1000.000000000000000 ) ;
#884 = DIRECTION ( 'NONE',  ( 0.0000000000000000000, -1.000000000000000000, -5.122568535857699471E-15 ) ) ;
#885 =( NAMED_UNIT ( * ) PLANE_ANGLE_UNIT ( ) SI_UNIT ( $, .RADIAN. ) );
#886 = FACE_OUTER_BOUND ( 'NONE', #5645, .T. ) ;
#887 = CARTESIAN_POINT ( 'NONE',  ( 0.3200000000000000067, -5.200000000000002842, 4.479999999999982663 ) ) ;
#888 = LINE ( 'NONE', #4101, #6441 ) ;
#889 = VERTEX_POINT ( 'NONE', #381 ) ;
#890 = EDGE_CURVE ( 'NONE', #1061, #6493, #1697, .T. ) ;
#891 =( NAMED_UNIT ( * ) PLANE_ANGLE_UNIT ( ) SI_UNIT ( $, .RADIAN. ) );
#892 = CARTESIAN_POINT ( 'NONE',  ( 3.310000000000000497, 3.299999999999991385, 6.050000000000012257 ) ) ;
#893 = VECTOR ( 'NONE', #6806, 1000.000000000000000 ) ;
#894 = CARTESIAN_POINT ( 'NONE',  ( 0.6782586744472806073, 1.769336829329118510, 3.551000000000006818 ) ) ;
#895 = EDGE_CURVE ( 'NONE', #6049, #4986, #1013, .T. ) ;
#896 = CARTESIAN_POINT ( 'NONE',  ( 1.519999999999999574, 3.099999999999998757, 3.800000000000011813 ) ) ;
#897 = ORIENTED_EDGE ( 'NONE', *, *, #6411, .T. ) ;
#898 = FILL_AREA_STYLE_COLOUR ( '', #3966 ) ;
#899 = MECHANICAL_DESIGN_GEOMETRIC_PRESENTATION_REPRESENTATION (  '', ( #86 ), #4011 ) ;
#900 =( LENGTH_UNIT ( ) NAMED_UNIT ( * ) SI_UNIT ( .MILLI., .METRE. ) );
#901 = COLOUR_RGB ( '',0.7529411764705882248, 0.7529411764705882248, 0.7529411764705882248 ) ;
#902 = LINE ( 'NONE', #1790, #4738 ) ;
#903 = CARTESIAN_POINT ( 'NONE',  ( 0.5314178945371226259, 1.789304858805062626, 3.551000000000008594 ) ) ;
#904 = CARTESIAN_POINT ( 'NONE',  ( 0.3200000000000000067, -5.200000000000002842, 4.479999999999982663 ) ) ;
#905 = LINE ( 'NONE', #6107, #2785 ) ;
#906 = ORIENTED_EDGE ( 'NONE', *, *, #5881, .F. ) ;
#907 = PRODUCT_RELATED_PRODUCT_CATEGORY ( 'part', '', ( #7916 ) ) ;
#908 = MECHANICAL_DESIGN_GEOMETRIC_PRESENTATION_REPRESENTATION (  '', ( #5526 ), #2266 ) ;
#909 = CARTESIAN_POINT ( 'NONE',  ( 0.4782317073170733179, 2.236585365853658747, 3.551000000000009482 ) ) ;
#910 = ORIENTED_EDGE ( 'NONE', *, *, #5834, .T. ) ;
#911 = CARTESIAN_POINT ( 'NONE',  ( -0.3200000000000000067, -4.700000000000001066, 5.119999999999984119 ) ) ;
#912 =( NAMED_UNIT ( * ) SI_UNIT ( $, .STERADIAN. ) SOLID_ANGLE_UNIT ( ) );
#913 = VERTEX_POINT ( 'NONE', #4303 ) ;
#914 = CARTESIAN_POINT ( 'NONE',  ( 0.6917919755222337042, 2.403252309331255887, 3.551000000000010814 ) ) ;
#915 = FILL_AREA_STYLE ('',( #2711 ) ) ;
#916 = SURFACE_STYLE_USAGE ( .BOTH. , #8010 ) ;
#917 = VERTEX_POINT ( 'NONE', #4867 ) ;
#918 = UNCERTAINTY_MEASURE_WITH_UNIT (LENGTH_MEASURE( 1.000000000000000082E-05 ), #2385, 'distance_accuracy_value', 'NONE');
#919 = CARTESIAN_POINT ( 'NONE',  ( 3.560000000000000497, 3.099999999999998757, 3.800000000000011813 ) ) ;
#920 = LINE ( 'NONE', #5431, #8222 ) ;
#921 =( NAMED_UNIT ( * ) SI_UNIT ( $, .STERADIAN. ) SOLID_ANGLE_UNIT ( ) );
#922 = VERTEX_POINT ( 'NONE', #4179 ) ;
#923 = DIRECTION ( 'NONE',  ( 0.0000000000000000000, -0.3420201433256626622, -0.9396926207859106484 ) ) ;
#924 = DIRECTION ( 'NONE',  ( 1.000000000000000000, 0.0000000000000000000, 0.0000000000000000000 ) ) ;
#925 = ORIENTED_EDGE ( 'NONE', *, *, #1005, .F. ) ;
#926 =( GEOMETRIC_REPRESENTATION_CONTEXT ( 3 ) GLOBAL_UNCERTAINTY_ASSIGNED_CONTEXT ( ( #4472 ) ) GLOBAL_UNIT_ASSIGNED_CONTEXT ( ( #5885, #2133, #8241 ) ) REPRESENTATION_CONTEXT ( 'NONE', 'WORKASPACE' ) );
#927 = UNCERTAINTY_MEASURE_WITH_UNIT (LENGTH_MEASURE( 1.000000000000000082E-05 ), #6020, 'distance_accuracy_value', 'NONE');
#928 = ORIENTED_EDGE ( 'NONE', *, *, #3694, .F. ) ;
#929 = EDGE_CURVE ( 'NONE', #4405, #3114, #2322, .T. ) ;
#930 = LINE ( 'NONE', #4316, #5815 ) ;
#931 = DIRECTION ( 'NONE',  ( 0.0000000000000000000, 1.000000000000000000, 3.491481338843133750E-15 ) ) ;
#932 = CARTESIAN_POINT ( 'NONE',  ( 0.5189770295353521856, 1.559646802291304368, 3.551000000000006818 ) ) ;
#933 = DIRECTION ( 'NONE',  ( 0.0000000000000000000, 1.000000000000000000, 3.491481338843133750E-15 ) ) ;
#934 =( GEOMETRIC_REPRESENTATION_CONTEXT ( 3 ) GLOBAL_UNCERTAINTY_ASSIGNED_CONTEXT ( ( #7443 ) ) GLOBAL_UNIT_ASSIGNED_CONTEXT ( ( #6426, #1901, #1288 ) ) REPRESENTATION_CONTEXT ( 'NONE', 'WORKASPACE' ) );
#935 = DIRECTION ( 'NONE',  ( 0.3236155771181811747, -0.8891264907159914799, 0.3236155771181792873 ) ) ;
#936 = CARTESIAN_POINT ( 'NONE',  ( 0.3200000000000000067, 5.200000000000009948, 0.5500000000000192513 ) ) ;
#937 = SURFACE_SIDE_STYLE ('',( #2562 ) ) ;
#938 = DIRECTION ( 'NONE',  ( -0.9396926207859098712, -0.3420201433256647716, -1.194156947930012438E-15 ) ) ;
#939 = CARTESIAN_POINT ( 'NONE',  ( 0.6675348770826408096, 1.764899272976817590, 3.551000000000008150 ) ) ;
#940 = FILL_AREA_STYLE ('',( #308 ) ) ;
#941 = SURFACE_SIDE_STYLE ('',( #4936 ) ) ;
#942 = COLOUR_RGB ( '',0.7529411764705882248, 0.7529411764705882248, 0.7529411764705882248 ) ;
#943 = UNCERTAINTY_MEASURE_WITH_UNIT (LENGTH_MEASURE( 1.000000000000000082E-05 ), #8042, 'distance_accuracy_value', 'NONE');
#944 = CARTESIAN_POINT ( 'NONE',  ( 0.6232012195121952036, 2.419512195121951148, 3.550000000000010481 ) ) ;
#945 = ORIENTED_EDGE ( 'NONE', *, *, #2052, .T. ) ;
#946 = EDGE_CURVE ( 'NONE', #6898, #2311, #4920, .T. ) ;
#947 = VECTOR ( 'NONE', #7935, 1000.000000000000000 ) ;
#948 = CARTESIAN_POINT ( 'NONE',  ( 0.7710000000001417941, 2.350335587582120134, 3.551000000000150703 ) ) ;
#949 = SURFACE_SIDE_STYLE ('',( #7496 ) ) ;
#950 = VECTOR ( 'NONE', #5899, 1000.000000000000000 ) ;
#951 = EDGE_CURVE ( 'NONE', #4212, #2071, #6206, .T. ) ;
#952 = CARTESIAN_POINT ( 'NONE',  ( 3.560000000000000497, 1.084435562925361474, 3.800000000000004707 ) ) ;
#953 = STYLED_ITEM ( 'NONE', ( #3805 ), #7848 ) ;
#954 = ORIENTED_EDGE ( 'NONE', *, *, #3370, .T. ) ;
#955 = FACE_OUTER_BOUND ( 'NONE', #1317, .T. ) ;
#956 = ORIENTED_EDGE ( 'NONE', *, *, #109, .F. ) ;
#957 = CARTESIAN_POINT ( 'NONE',  ( -0.7700000000000002398, 0.7999999999999910516, 6.050000000000003375 ) ) ;
#958 = FILL_AREA_STYLE ('',( #2154 ) ) ;
#959 = MECHANICAL_DESIGN_GEOMETRIC_PRESENTATION_REPRESENTATION (  '', ( #7248 ), #7109 ) ;
#960 = CARTESIAN_POINT ( 'NONE',  ( 0.6361540421590479166, 2.419266076482944783, 3.551000000000009482 ) ) ;
#961 = CARTESIAN_POINT ( 'NONE',  ( 0.4722413930380458535, 2.353648918732905493, 3.551000000000009482 ) ) ;
#962 = PRESENTATION_STYLE_ASSIGNMENT (( #7466 ) ) ;
#963 = FILL_AREA_STYLE_COLOUR ( '', #7099 ) ;
#964 = B_SPLINE_CURVE_WITH_KNOTS ( 'NONE', 3,
 ( #75, #3182, #1872, #4523, #8413, #5822, #4617 ),
 .UNSPECIFIED., .F., .F.,
 ( 4, 1, 1, 1, 4 ),
 ( 0.0000000000000000000, 0.3005748677701820526, 0.5683474126119572034, 0.8000111549537368694, 1.000000000000000000 ),
 .UNSPECIFIED. ) ;
#965 = CARTESIAN_POINT ( 'NONE',  ( 0.5233078150327843403, 1.566251423742852200, 3.551000000000007262 ) ) ;
#966 = CARTESIAN_POINT ( 'NONE',  ( 0.5906019542954621393, 1.759092992298305402, 3.551000000000006374 ) ) ;
#967 = FACE_OUTER_BOUND ( 'NONE', #2727, .T. ) ;
#968 = CARTESIAN_POINT ( 'NONE',  ( 3.810000000000000497, 3.099999999999998312, 4.050000000000012257 ) ) ;
#969 = DIRECTION ( 'NONE',  ( -1.000000000000000000, -0.0000000000000000000, -0.0000000000000000000 ) ) ;
#970 = DIRECTION ( 'NONE',  ( 1.000000000000000000, 0.0000000000000000000, 0.0000000000000000000 ) ) ;
#971 = ORIENTED_EDGE ( 'NONE', *, *, #3278, .T. ) ;
#972 = FILL_AREA_STYLE ('',( #6775 ) ) ;
#973 = CARTESIAN_POINT ( 'NONE',  ( 0.7165233344196609844, 2.382812869559784108, 3.550000000000007372 ) ) ;
#974 = EDGE_CURVE ( 'NONE', #3030, #2684, #4958, .T. ) ;
#975 =( LENGTH_UNIT ( ) NAMED_UNIT ( * ) SI_UNIT ( .MILLI., .METRE. ) );
#976 = ORIENTED_EDGE ( 'NONE', *, *, #2768, .T. ) ;
#977 = CARTESIAN_POINT ( 'NONE',  ( 1.270000000000000684, 3.099999999999992539, 5.550000000000011369 ) ) ;
#978 = CARTESIAN_POINT ( 'NONE',  ( 0.6572555104208512855, 2.457578538735063045, 3.550000000000010481 ) ) ;
#979 = CARTESIAN_POINT ( 'NONE',  ( -0.7700000000000000178, 3.299999999999999822, 3.550000000000012257 ) ) ;
#980 = ORIENTED_EDGE ( 'NONE', *, *, #3596, .F. ) ;
#981 = PRESENTATION_STYLE_ASSIGNMENT (( #6304 ) ) ;
#982 = PLANE ( 'NONE',  #3160 ) ;
#983 = VERTEX_POINT ( 'NONE', #3640 ) ;
#984 = SURFACE_SIDE_STYLE ('',( #3271 ) ) ;
#985 = EDGE_CURVE ( 'NONE', #6493, #5806, #6256, .T. ) ;
#986 = PRESENTATION_STYLE_ASSIGNMENT (( #5535 ) ) ;
#987 = ORIENTED_EDGE ( 'NONE', *, *, #598, .T. ) ;
#988 = LINE ( 'NONE', #2423, #2820 ) ;
#989 = CARTESIAN_POINT ( 'NONE',  ( 0.5233078150327843403, 1.566251423742852200, 3.551000000000007262 ) ) ;
#990 = FACE_OUTER_BOUND ( 'NONE', #3869, .T. ) ;
#991 = CARTESIAN_POINT ( 'NONE',  ( 2.860000000000000320, 4.560000000000008491, 1.050000000000020473 ) ) ;
#992 = CARTESIAN_POINT ( 'NONE',  ( 0.5067175955708265178, 1.837681967913762149, 3.551000000000008594 ) ) ;
#993 = COLOUR_RGB ( '',0.7529411764705882248, 0.7529411764705882248, 0.7529411764705882248 ) ;
#994 = CARTESIAN_POINT ( 'NONE',  ( 0.3200000000000000067, 4.560000000000008491, 1.050000000000020473 ) ) ;
#995 = EDGE_CURVE ( 'NONE', #6384, #4629, #2885, .T. ) ;
#996 = EDGE_LOOP ( 'NONE', ( #773, #2068, #7027, #6684 ) ) ;
#997 = SURFACE_SIDE_STYLE ('',( #2271 ) ) ;
#998 = ORIENTED_EDGE ( 'NONE', *, *, #7809, .T. ) ;
#999 = LINE ( 'NONE', #325, #1751 ) ;
#1000 = ORIENTED_EDGE ( 'NONE', *, *, #8336, .T. ) ;
#1001 = CARTESIAN_POINT ( 'NONE',  ( 0.6275875812209266158, 2.419428849166913142, 3.551000000000009482 ) ) ;
#1002 = CARTESIAN_POINT ( 'NONE',  ( 0.5335956557956923474, 2.435769204743353900, 3.550000000000009592 ) ) ;
#1003 = PRESENTATION_LAYER_ASSIGNMENT (  '', '', ( #849 ) ) ;
#1004 = CARTESIAN_POINT ( 'NONE',  ( 0.7369755389680172630, 1.871184723703091191, 3.550000000000008260 ) ) ;
#1005 = EDGE_CURVE ( 'NONE', #5883, #8135, #8227, .T. ) ;
#1006 = AXIS2_PLACEMENT_3D ( 'NONE', #7458, #1591, #4855 ) ;
#1007 = ORIENTED_EDGE ( 'NONE', *, *, #7325, .T. ) ;
#1008 = CARTESIAN_POINT ( 'NONE',  ( 0.5045225916976507907, 1.849241557259418300, 3.551000000000007706 ) ) ;
#1009 = CARTESIAN_POINT ( 'NONE',  ( 0.5095200696446854360, 1.761646152742451621, 3.551000000000007706 ) ) ;
#1010 = ORIENTED_EDGE ( 'NONE', *, *, #4, .T. ) ;
#1011 = UNCERTAINTY_MEASURE_WITH_UNIT (LENGTH_MEASURE( 1.000000000000000082E-05 ), #6808, 'distance_accuracy_value', 'NONE');
#1012 = ADVANCED_FACE ( 'NONE', ( #8404 ), #4427, .F. ) ;
#1013 = LINE ( 'NONE', #1604, #7072 ) ;
#1014 = PRESENTATION_LAYER_ASSIGNMENT (  '', '', ( #5480 ) ) ;
#1015 = CARTESIAN_POINT ( 'NONE',  ( 3.310000000000000497, 0.7999999999999910516, 6.050000000000003375 ) ) ;
#1016 = VERTEX_POINT ( 'NONE', #6512 ) ;
#1017 = CARTESIAN_POINT ( 'NONE',  ( -2.220000000000000195, 3.879999999999999005, 3.800000000000013589 ) ) ;
#1018 = SURFACE_STYLE_USAGE ( .BOTH. , #1610 ) ;
#1019 =( GEOMETRIC_REPRESENTATION_CONTEXT ( 3 ) GLOBAL_UNCERTAINTY_ASSIGNED_CONTEXT ( ( #3056 ) ) GLOBAL_UNIT_ASSIGNED_CONTEXT ( ( #3059, #3734, #3226 ) ) REPRESENTATION_CONTEXT ( 'NONE', 'WORKASPACE' ) );
#1020 = EDGE_LOOP ( 'NONE', ( #1269, #3296, #4214, #4017, #3187, #6745, #3078, #1777, #4931, #2617, #6854, #5748, #3797, #1755, #8151, #1293, #2764, #2997, #4290, #1638, #4031, #693, #4357, #3673, #6325, #3248, #2535, #6801, #526, #2100, #7662, #5227, #1410, #6915, #6653, #3432, #6959, #4933, #4167, #6791, #632, #5609 ) ) ;
#1021 = LINE ( 'NONE', #5738, #6690 ) ;
#1022 = EDGE_CURVE ( 'NONE', #1665, #7840, #1253, .T. ) ;
#1023 = CARTESIAN_POINT ( 'NONE',  ( 0.1380148828668992245, 5.200000000000009948, 0.5500000000000192513 ) ) ;
#1024 = UNCERTAINTY_MEASURE_WITH_UNIT (LENGTH_MEASURE( 1.000000000000000082E-05 ), #451, 'distance_accuracy_value', 'NONE');
#1025 = ORIENTED_EDGE ( 'NONE', *, *, #3964, .F. ) ;
#1026 = CARTESIAN_POINT ( 'NONE',  ( 0.7332073257407352163, 2.421660112290895395, 3.551000000000151147 ) ) ;
#1027 = DIRECTION ( 'NONE',  ( -1.000000000000000000, 0.0000000000000000000, -0.0000000000000000000 ) ) ;
#1028 = VERTEX_POINT ( 'NONE', #6471 ) ;
#1029 = CARTESIAN_POINT ( 'NONE',  ( 0.4700000000000001954, 2.024390243902438602, 3.551000000000008150 ) ) ;
#1030 = AXIS2_PLACEMENT_3D ( 'NONE', #5920, #6574, #801 ) ;
#1031 = MECHANICAL_DESIGN_GEOMETRIC_PRESENTATION_REPRESENTATION (  '', ( #7032 ), #352 ) ;
#1032 = VECTOR ( 'NONE', #1579, 1000.000000000000000 ) ;
#1033 = EDGE_LOOP ( 'NONE', ( #2910, #1086, #4814, #3580 ) ) ;
#1034 = CARTESIAN_POINT ( 'NONE',  ( 0.7370731707317074166, 1.918292682926829418, 3.551000000000007706 ) ) ;
#1035 =( NAMED_UNIT ( * ) SI_UNIT ( $, .STERADIAN. ) SOLID_ANGLE_UNIT ( ) );
#1036 = LINE ( 'NONE', #3534, #1415 ) ;
#1037 = PRESENTATION_LAYER_ASSIGNMENT (  '', '', ( #4816 ) ) ;
#1038 = CARTESIAN_POINT ( 'NONE',  ( 0.5029268292682927965, 1.918292682926829418, 3.551000000000007706 ) ) ;
#1039 = VERTEX_POINT ( 'NONE', #664 ) ;
#1040 = SURFACE_STYLE_FILL_AREA ( #6233 ) ;
#1041 = PRESENTATION_LAYER_ASSIGNMENT (  '', '', ( #4694 ) ) ;
#1042 = CARTESIAN_POINT ( 'NONE',  ( 0.5139310957264052737, 1.816435146554143287, 3.551000000000008594 ) ) ;
#1043 = CARTESIAN_POINT ( 'NONE',  ( 2.860000000000000320, -5.200000000000004619, 4.661985117133083278 ) ) ;
#1044 = VERTEX_POINT ( 'NONE', #7040 ) ;
#1045 = CARTESIAN_POINT ( 'NONE',  ( 0.7379577983572884747, 1.773196050581376859, 3.551000000000007706 ) ) ;
#1046 = CARTESIAN_POINT ( 'NONE',  ( 0.7700000024878281835, 2.278962428956881503, 3.550000000000008704 ) ) ;
#1047 = ORIENTED_EDGE ( 'NONE', *, *, #7009, .F. ) ;
#1048 = VERTEX_POINT ( 'NONE', #1176 ) ;
#1049 = COLOUR_RGB ( '',0.2509803921568627416, 0.2509803921568627416, 0.2509803921568627416 ) ;
#1050 =( LENGTH_UNIT ( ) NAMED_UNIT ( * ) SI_UNIT ( .MILLI., .METRE. ) );
#1051 = LINE ( 'NONE', #6244, #1286 ) ;
#1052 = STYLED_ITEM ( 'NONE', ( #4377 ), #6060 ) ;
#1053 = EDGE_CURVE ( 'NONE', #1535, #6384, #3762, .T. ) ;
#1054 = ORIENTED_EDGE ( 'NONE', *, *, #7885, .T. ) ;
#1055 = LINE ( 'NONE', #3835, #5650 ) ;
#1056 = PRESENTATION_LAYER_ASSIGNMENT (  '', '', ( #4700 ) ) ;
#1057 = ORIENTED_EDGE ( 'NONE', *, *, #583, .F. ) ;
#1058 = EDGE_LOOP ( 'NONE', ( #198, #225, #345, #1163 ) ) ;
#1059 = CARTESIAN_POINT ( 'NONE',  ( 0.5029268292682927965, 2.137804878048779944, 3.550000000000008260 ) ) ;
#1060 = FILL_AREA_STYLE_COLOUR ( '', #5753 ) ;
#1061 = VERTEX_POINT ( 'NONE', #5818 ) ;
#1062 = MECHANICAL_DESIGN_GEOMETRIC_PRESENTATION_REPRESENTATION (  '', ( #100 ), #6371 ) ;
#1063 = PLANE ( 'NONE',  #4610 ) ;
#1064 = CARTESIAN_POINT ( 'NONE',  ( -2.220000000000000195, 5.200000000000008171, 1.050000000000023581 ) ) ;
#1065 = EDGE_CURVE ( 'NONE', #4076, #4681, #8450, .T. ) ;
#1066 = PLANE ( 'NONE',  #6980 ) ;
#1067 =( NAMED_UNIT ( * ) PLANE_ANGLE_UNIT ( ) SI_UNIT ( $, .RADIAN. ) );
#1068 = EDGE_LOOP ( 'NONE', ( #5756, #945, #2473, #3945 ) ) ;
#1069 = DIRECTION ( 'NONE',  ( 0.0000000000000000000, 3.491481338843133355E-15, -1.000000000000000000 ) ) ;
#1070 = CARTESIAN_POINT ( 'NONE',  ( -2.220000000000000195, -5.200000000000004619, 4.938014882866880839 ) ) ;
#1071 = ORIENTED_EDGE ( 'NONE', *, *, #5500, .T. ) ;
#1072 = FACE_OUTER_BOUND ( 'NONE', #4099, .T. ) ;
#1073 = ORIENTED_EDGE ( 'NONE', *, *, #6677, .T. ) ;
#1074 = CARTESIAN_POINT ( 'NONE',  ( -1.269999999999999796, 3.099999999999992539, 5.550000000000011369 ) ) ;
#1075 = LINE ( 'NONE', #5578, #2659 ) ;
#1076 = PRESENTATION_STYLE_ASSIGNMENT (( #6976 ) ) ;
#1077 = ORIENTED_EDGE ( 'NONE', *, *, #5917, .F. ) ;
#1078 = FACE_OUTER_BOUND ( 'NONE', #5629, .T. ) ;
#1079 = SURFACE_SIDE_STYLE ('',( #1040 ) ) ;
#1080 = PRESENTATION_STYLE_ASSIGNMENT (( #7580 ) ) ;
#1081 = PRESENTATION_LAYER_ASSIGNMENT (  '', '', ( #3898 ) ) ;
#1082 = CARTESIAN_POINT ( 'NONE',  ( 0.5030147219845536588, 1.869775469689268999, 3.550000000000010481 ) ) ;
#1083 = VECTOR ( 'NONE', #1123, 1000.000000000000114 ) ;
#1084 =( NAMED_UNIT ( * ) PLANE_ANGLE_UNIT ( ) SI_UNIT ( $, .RADIAN. ) );
#1085 = ORIENTED_EDGE ( 'NONE', *, *, #6668, .F. ) ;
#1086 = ORIENTED_EDGE ( 'NONE', *, *, #5323, .T. ) ;
#1087 = VECTOR ( 'NONE', #6849, 1000.000000000000000 ) ;
#1088 = EDGE_LOOP ( 'NONE', ( #7772, #7050, #3588, #4997 ) ) ;
#1089 = CARTESIAN_POINT ( 'NONE',  ( 1.519999999999999574, 1.084435562925361474, 3.800000000000004707 ) ) ;
#1090 = PRESENTATION_LAYER_ASSIGNMENT (  '', '', ( #8467 ) ) ;
#1091 = PRESENTATION_STYLE_ASSIGNMENT (( #3634 ) ) ;
#1092 = COLOUR_RGB ( '',0.7529411764705882248, 0.7529411764705882248, 0.7529411764705882248 ) ;
#1093 =( NAMED_UNIT ( * ) SI_UNIT ( $, .STERADIAN. ) SOLID_ANGLE_UNIT ( ) );
#1094 = SURFACE_STYLE_USAGE ( .BOTH. , #7639 ) ;
#1095 = VERTEX_POINT ( 'NONE', #8280 ) ;
#1096 = EDGE_CURVE ( 'NONE', #4335, #5155, #548, .T. ) ;
#1097 = ORIENTED_EDGE ( 'NONE', *, *, #5463, .F. ) ;
#1098 = CIRCLE ( 'NONE', #5162, 0.6799999999999991607 ) ;
#1099 = CARTESIAN_POINT ( 'NONE',  ( -2.540000000000000036, 3.099999999999994316, 5.120000000000010765 ) ) ;
#1100 = LINE ( 'NONE', #7424, #6711 ) ;
#1101 = CARTESIAN_POINT ( 'NONE',  ( 2.860000000000000320, -4.699999999999999289, 4.479999999999984439 ) ) ;
#1102 = EDGE_LOOP ( 'NONE', ( #5200, #5671, #6474, #8242 ) ) ;
#1103 = CARTESIAN_POINT ( 'NONE',  ( 0.7406323778919081668, 2.317440130552145039, 3.550000000000008704 ) ) ;
#1104 = CARTESIAN_POINT ( 'NONE',  ( 0.5131469339415885011, 1.560744737475520116, 3.551000000000006818 ) ) ;
#1105 = ADVANCED_FACE ( 'NONE', ( #3957 ), #6550, .T. ) ;
#1106 = SURFACE_STYLE_USAGE ( .BOTH. , #4390 ) ;
#1107 = UNCERTAINTY_MEASURE_WITH_UNIT (LENGTH_MEASURE( 1.000000000000000082E-05 ), #6511, 'distance_accuracy_value', 'NONE');
#1108 = VERTEX_POINT ( 'NONE', #5300 ) ;
#1109 = CARTESIAN_POINT ( 'NONE',  ( 0.6572555104208512855, 2.457578538735063045, 3.551000000000152479 ) ) ;
#1110 = PRESENTATION_STYLE_ASSIGNMENT (( #6971 ) ) ;
#1111 = VECTOR ( 'NONE', #7430, 1000.000000000000114 ) ;
#1112 = ORIENTED_EDGE ( 'NONE', *, *, #2187, .T. ) ;
#1113 = CARTESIAN_POINT ( 'NONE',  ( 0.4700000000000001954, 2.598780487804878359, 3.551000000000010370 ) ) ;
#1114 = DIRECTION ( 'NONE',  ( 0.0000000000000000000, 1.000000000000000000, 5.388156251140086490E-15 ) ) ;
#1115 = LINE ( 'NONE', #6843, #6051 ) ;
#1116 = ORIENTED_EDGE ( 'NONE', *, *, #6819, .T. ) ;
#1117 = FILL_AREA_STYLE ('',( #7665 ) ) ;
#1118 = EDGE_CURVE ( 'NONE', #2132, #4986, #3368, .T. ) ;
#1119 = ORIENTED_EDGE ( 'NONE', *, *, #7051, .T. ) ;
#1120 = FILL_AREA_STYLE ('',( #4941 ) ) ;
#1121 =( LENGTH_UNIT ( ) NAMED_UNIT ( * ) SI_UNIT ( .MILLI., .METRE. ) );
#1122 = CARTESIAN_POINT ( 'NONE',  ( 0.5029268292682927965, 2.024390243902438602, 3.551000000000008150 ) ) ;
#1123 = DIRECTION ( 'NONE',  ( 0.3236155771181820628, -0.3236155771181854490, 0.8891264907159890374 ) ) ;
#1124 = ORIENTED_EDGE ( 'NONE', *, *, #4047, .T. ) ;
#1125 = ORIENTED_EDGE ( 'NONE', *, *, #2301, .T. ) ;
#1126 = VERTEX_POINT ( 'NONE', #4815 ) ;
#1127 = PRESENTATION_LAYER_ASSIGNMENT (  '', '', ( #5876 ) ) ;
#1128 = FACE_OUTER_BOUND ( 'NONE', #2198, .T. ) ;
#1129 = EDGE_CURVE ( 'NONE', #7411, #8105, #4950, .T. ) ;
#1130 = COLOUR_RGB ( '',0.7529411764705882248, 0.7529411764705882248, 0.7529411764705882248 ) ;
#1131 = MECHANICAL_DESIGN_GEOMETRIC_PRESENTATION_REPRESENTATION (  '', ( #3701 ), #3120 ) ;
#1132 = ORIENTED_EDGE ( 'NONE', *, *, #2355, .T. ) ;
#1133 = DIRECTION ( 'NONE',  ( -1.445602896647339163E-16, -3.491481338843133355E-15, 1.000000000000000000 ) ) ;
#1134 =( NAMED_UNIT ( * ) SI_UNIT ( $, .STERADIAN. ) SOLID_ANGLE_UNIT ( ) );
#1135 = ORIENTED_EDGE ( 'NONE', *, *, #4262, .F. ) ;
#1136 =( NAMED_UNIT ( * ) SI_UNIT ( $, .STERADIAN. ) SOLID_ANGLE_UNIT ( ) );
#1137 = ORIENTED_EDGE ( 'NONE', *, *, #7325, .F. ) ;
#1138 = EDGE_CURVE ( 'NONE', #4196, #1016, #999, .T. ) ;
#1139 = DIRECTION ( 'NONE',  ( -0.0000000000000000000, 1.000000000000000000, 3.491481338843133355E-15 ) ) ;
#1140 = PRESENTATION_LAYER_ASSIGNMENT (  '', '', ( #5475 ) ) ;
#1141 = FILL_AREA_STYLE_COLOUR ( '', #2689 ) ;
#1142 = ORIENTED_EDGE ( 'NONE', *, *, #5090, .T. ) ;
#1143 = EDGE_CURVE ( 'NONE', #4765, #8135, #3593, .T. ) ;
#1144 = VERTEX_POINT ( 'NONE', #5502 ) ;
#1145 = LINE ( 'NONE', #2418, #1621 ) ;
#1146 = COLOUR_RGB ( '',0.2509803921568627416, 0.2509803921568627416, 0.2509803921568627416 ) ;
#1147 = SURFACE_STYLE_FILL_AREA ( #2555 ) ;
#1148 = CARTESIAN_POINT ( 'NONE',  ( -2.860000000000000320, 3.879999999999994564, 5.120000000000012541 ) ) ;
#1149 = VECTOR ( 'NONE', #8245, 1000.000000000000000 ) ;
#1150 = VECTOR ( 'NONE', #6946, 1000.000000000000000 ) ;
#1151 = DIRECTION ( 'NONE',  ( 0.0000000000000000000, -0.9396926207859083169, -0.3420201433256692680 ) ) ;
#1152 = ORIENTED_EDGE ( 'NONE', *, *, #4103, .T. ) ;
#1153 = CARTESIAN_POINT ( 'NONE',  ( 0.5087237814744829389, 1.563240132426379381, 3.551000000000006818 ) ) ;
#1154 = ADVANCED_FACE ( 'NONE', ( #4779 ), #1730, .F. ) ;
#1155 = SURFACE_STYLE_FILL_AREA ( #7022 ) ;
#1156 = LINE ( 'NONE', #1236, #5832 ) ;
#1157 = VECTOR ( 'NONE', #4626, 1000.000000000000000 ) ;
#1158 = VERTEX_POINT ( 'NONE', #8311 ) ;
#1159 = ADVANCED_FACE ( 'NONE', ( #1165 ), #3041, .T. ) ;
#1160 = CARTESIAN_POINT ( 'NONE',  ( 0.7698961083942682526, 1.871220437328992237, 3.551000000000008594 ) ) ;
#1161 = CARTESIAN_POINT ( 'NONE',  ( 0.4663414634146342275, 2.307183689024390194, 3.551000000000009482 ) ) ;
#1162 = DIRECTION ( 'NONE',  ( -0.0000000000000000000, 3.491481338843133355E-15, -1.000000000000000000 ) ) ;
#1163 = ORIENTED_EDGE ( 'NONE', *, *, #7686, .T. ) ;
#1164 = SURFACE_STYLE_USAGE ( .BOTH. , #7029 ) ;
#1165 = FACE_OUTER_BOUND ( 'NONE', #4729, .T. ) ;
#1166 = AXIS2_PLACEMENT_3D ( 'NONE', #385, #2975, #2208 ) ;
#1167 = CARTESIAN_POINT ( 'NONE',  ( -1.519999999999999574, 3.099999999999992539, 5.550000000000011369 ) ) ;
#1168 = DIRECTION ( 'NONE',  ( 0.3236155771181820628, 0.3236155771181854490, -0.8891264907159890374 ) ) ;
#1169 = SURFACE_STYLE_USAGE ( .BOTH. , #1899 ) ;
#1170 = DIRECTION ( 'NONE',  ( 0.0000000000000000000, 1.000000000000000000, 3.891802140991627604E-15 ) ) ;
#1171 = SURFACE_STYLE_FILL_AREA ( #7547 ) ;
#1172 =( LENGTH_UNIT ( ) NAMED_UNIT ( * ) SI_UNIT ( .MILLI., .METRE. ) );
#1173 = VERTEX_POINT ( 'NONE', #5478 ) ;
#1174 = STYLED_ITEM ( 'NONE', ( #3454 ), #6284 ) ;
#1175 = CARTESIAN_POINT ( 'NONE',  ( 0.5099923968159805199, 2.252895712187929611, 3.551000000000009038 ) ) ;
#1176 = CARTESIAN_POINT ( 'NONE',  ( 1.770000000000000018, 0.7999999999999997113, 3.550000000000003819 ) ) ;
#1177 = CARTESIAN_POINT ( 'NONE',  ( 1.519999999999999574, 3.299999999999992273, 5.800000000000012257 ) ) ;
#1178 = ORIENTED_EDGE ( 'NONE', *, *, #5881, .T. ) ;
#1179 = CARTESIAN_POINT ( 'NONE',  ( -1.519999999999999574, 3.099999999999998312, 4.050000000000012257 ) ) ;
#1180 = CARTESIAN_POINT ( 'NONE',  ( 3.810000000000000053, 0.7999999999999928280, 5.550000000000003375 ) ) ;
#1181 = CARTESIAN_POINT ( 'NONE',  ( 0.7700000000000001288, 1.468292682926829684, 3.551000000000006374 ) ) ;
#1182 = FILL_AREA_STYLE_COLOUR ( '', #7814 ) ;
#1183 = PRESENTATION_LAYER_ASSIGNMENT (  '', '', ( #4844 ) ) ;
#1184 = AXIS2_PLACEMENT_3D ( 'NONE', #7985, #5398, #5442 ) ;
#1185 = FILL_AREA_STYLE_COLOUR ( '', #1326 ) ;
#1186 = CARTESIAN_POINT ( 'NONE',  ( -1.020000000000000462, 3.099999999999998757, 3.800000000000011813 ) ) ;
#1187 = VERTEX_POINT ( 'NONE', #8022 ) ;
#1188 = DIRECTION ( 'NONE',  ( -0.0000000000000000000, 1.000000000000000000, 3.491481338843133355E-15 ) ) ;
#1189 = LINE ( 'NONE', #6357, #6337 ) ;
#1190 = EDGE_CURVE ( 'NONE', #5806, #983, #6543, .T. ) ;
#1191 = VERTEX_POINT ( 'NONE', #5443 ) ;
#1192 = VERTEX_POINT ( 'NONE', #4098 ) ;
#1193 = PRESENTATION_LAYER_ASSIGNMENT (  '', '', ( #8303 ) ) ;
#1194 = DIRECTION ( 'NONE',  ( -0.7071067811865473507, -2.468850131082266527E-15, 0.7071067811865477948 ) ) ;
#1195 = CARTESIAN_POINT ( 'NONE',  ( 0.5198205672199802674, 1.751174592897215776, 3.550000000000006928 ) ) ;
#1196 = VERTEX_POINT ( 'NONE', #5353 ) ;
#1197 = MECHANICAL_DESIGN_GEOMETRIC_PRESENTATION_REPRESENTATION (  '', ( #116 ), #2844 ) ;
#1198 = EDGE_CURVE ( 'NONE', #4486, #6838, #5193, .T. ) ;
#1199 = DIRECTION ( 'NONE',  ( 0.0000000000000000000, -3.491481338843133355E-15, 1.000000000000000000 ) ) ;
#1200 = CARTESIAN_POINT ( 'NONE',  ( 0.5037279361817947887, 2.341632143271902500, 3.551000000000009482 ) ) ;
#1201 =( GEOMETRIC_REPRESENTATION_CONTEXT ( 3 ) GLOBAL_UNCERTAINTY_ASSIGNED_CONTEXT ( ( #6913 ) ) GLOBAL_UNIT_ASSIGNED_CONTEXT ( ( #5014, #7616, #4317 ) ) REPRESENTATION_CONTEXT ( 'NONE', 'WORKASPACE' ) );
#1202 = DIRECTION ( 'NONE',  ( -1.000000000000000000, 0.0000000000000000000, 0.0000000000000000000 ) ) ;
#1203 = DIRECTION ( 'NONE',  ( -0.9396926207859098712, 0.3420201433256647716, 1.194156947930012438E-15 ) ) ;
#1204 = ADVANCED_FACE ( 'NONE', ( #3870 ), #6735, .F. ) ;
#1205 = CARTESIAN_POINT ( 'NONE',  ( -0.7700000000000000178, 0.7999999999999997113, 3.550000000000003819 ) ) ;
#1206 = VECTOR ( 'NONE', #7626, 1000.000000000000000 ) ;
#1207 = PLANE ( 'NONE',  #645 ) ;
#1208 = VECTOR ( 'NONE', #7516, 1000.000000000000000 ) ;
#1209 = CARTESIAN_POINT ( 'NONE',  ( 0.4670273995444583770, 2.286896258492243206, 3.550000000000008260 ) ) ;
#1210 = VECTOR ( 'NONE', #727, 1000.000000000000000 ) ;
#1211 = ORIENTED_EDGE ( 'NONE', *, *, #6627, .F. ) ;
#1212 = AXIS2_PLACEMENT_3D ( 'NONE', #636, #6554, #70 ) ;
#1213 = DIRECTION ( 'NONE',  ( 0.3236155771181821184, 0.3236155771181787322, 0.8891264907159913689 ) ) ;
#1214 = FILL_AREA_STYLE_COLOUR ( '', #4035 ) ;
#1215 = COLOUR_RGB ( '',0.7529411764705882248, 0.7529411764705882248, 0.7529411764705882248 ) ;
#1216 = SURFACE_STYLE_FILL_AREA ( #4428 ) ;
#1217 = CARTESIAN_POINT ( 'NONE',  ( 0.7230776564973139253, 2.239343064892309165, 3.551000000000009038 ) ) ;
#1218 = CIRCLE ( 'NONE', #6403, 0.6799999999999991607 ) ;
#1219 = ORIENTED_EDGE ( 'NONE', *, *, #2265, .T. ) ;
#1220 =( NAMED_UNIT ( * ) SI_UNIT ( $, .STERADIAN. ) SOLID_ANGLE_UNIT ( ) );
#1221 = CARTESIAN_POINT ( 'NONE',  ( 0.5074130513654628860, 2.352157592667488473, 3.551000000000009482 ) ) ;
#1222 = CARTESIAN_POINT ( 'NONE',  ( -1.020000000000000462, 3.099999999999998757, 3.800000000000011813 ) ) ;
#1223 = UNCERTAINTY_MEASURE_WITH_UNIT (LENGTH_MEASURE( 1.000000000000000082E-05 ), #2180, 'distance_accuracy_value', 'NONE');
#1224 = CARTESIAN_POINT ( 'NONE',  ( 0.5608829702152327012, 2.449318252817548558, 3.550000000000010481 ) ) ;
#1225 = COLOUR_RGB ( '',0.2509803921568627416, 0.2509803921568627416, 0.2509803921568627416 ) ;
#1226 = SURFACE_SIDE_STYLE ('',( #602 ) ) ;
#1227 = EDGE_CURVE ( 'NONE', #1661, #571, #6269, .T. ) ;
#1228 = ORIENTED_EDGE ( 'NONE', *, *, #1143, .T. ) ;
#1229 = PRESENTATION_LAYER_ASSIGNMENT (  '', '', ( #5990 ) ) ;
#1230 = LINE ( 'NONE', #3817, #4689 ) ;
#1231 = LINE ( 'NONE', #1923, #5681 ) ;
#1232 = VERTEX_POINT ( 'NONE', #468 ) ;
#1233 = STYLED_ITEM ( 'NONE', ( #3020 ), #134 ) ;
#1234 = CARTESIAN_POINT ( 'NONE',  ( 0.5262560194280671011, 1.567242709409634172, 3.551000000000006818 ) ) ;
#1235 = ADVANCED_FACE ( 'NONE', ( #6220 ), #4195, .T. ) ;
#1236 = CARTESIAN_POINT ( 'NONE',  ( 0.3200000000000000067, 5.199999999999997513, 3.800000000000018474 ) ) ;
#1237 = FACE_OUTER_BOUND ( 'NONE', #731, .T. ) ;
#1238 = VERTEX_POINT ( 'NONE', #979 ) ;
#1239 = CARTESIAN_POINT ( 'NONE',  ( 0.4907769610697942375, 2.393836186263418320, 3.551000000000009482 ) ) ;
#1240 =( NAMED_UNIT ( * ) SI_UNIT ( $, .STERADIAN. ) SOLID_ANGLE_UNIT ( ) );
#1241 = FILL_AREA_STYLE ('',( #2526 ) ) ;
#1242 = FILL_AREA_STYLE ('',( #1895 ) ) ;
#1243 =( LENGTH_UNIT ( ) NAMED_UNIT ( * ) SI_UNIT ( .MILLI., .METRE. ) );
#1244 = EDGE_CURVE ( 'NONE', #592, #1144, #5529, .T. ) ;
#1245 = PLANE ( 'NONE',  #7726 ) ;
#1246 = FACE_OUTER_BOUND ( 'NONE', #3101, .T. ) ;
#1247 = SURFACE_SIDE_STYLE ('',( #5123 ) ) ;
#1248 = ORIENTED_EDGE ( 'NONE', *, *, #7940, .T. ) ;
#1249 =( GEOMETRIC_REPRESENTATION_CONTEXT ( 3 ) GLOBAL_UNCERTAINTY_ASSIGNED_CONTEXT ( ( #7127 ) ) GLOBAL_UNIT_ASSIGNED_CONTEXT ( ( #3060, #6355, #4972 ) ) REPRESENTATION_CONTEXT ( 'NONE', 'WORKASPACE' ) );
#1250 = ORIENTED_EDGE ( 'NONE', *, *, #7183, .F. ) ;
#1251 = UNCERTAINTY_MEASURE_WITH_UNIT (LENGTH_MEASURE( 1.000000000000000082E-05 ), #3892, 'distance_accuracy_value', 'NONE');
#1252 = CARTESIAN_POINT ( 'NONE',  ( 0.6124883584021467708, 1.757415441876140516, 3.550000000000006928 ) ) ;
#1253 = LINE ( 'NONE', #5051, #2835 ) ;
#1254 = FACE_OUTER_BOUND ( 'NONE', #7250, .T. ) ;
#1255 = ORIENTED_EDGE ( 'NONE', *, *, #1346, .T. ) ;
#1256 =( NAMED_UNIT ( * ) PLANE_ANGLE_UNIT ( ) SI_UNIT ( $, .RADIAN. ) );
#1257 = AXIS2_PLACEMENT_3D ( 'NONE', #6126, #969, #8061 ) ;
#1258 = SURFACE_SIDE_STYLE ('',( #3884 ) ) ;
#1259 =( NAMED_UNIT ( * ) SI_UNIT ( $, .STERADIAN. ) SOLID_ANGLE_UNIT ( ) );
#1260 = STYLED_ITEM ( 'NONE', ( #8082 ), #4131 ) ;
#1261 = EDGE_CURVE ( 'NONE', #3717, #6923, #1466, .T. ) ;
#1262 = CARTESIAN_POINT ( 'NONE',  ( -0.3200000000000000067, 4.559999999999996945, 3.800000000000016254 ) ) ;
#1263 = SURFACE_STYLE_FILL_AREA ( #8339 ) ;
#1264 = AXIS2_PLACEMENT_3D ( 'NONE', #5110, #5798, #8432 ) ;
#1265 = AXIS2_PLACEMENT_3D ( 'NONE', #6030, #7338, #818 ) ;
#1266 =( NAMED_UNIT ( * ) SI_UNIT ( $, .STERADIAN. ) SOLID_ANGLE_UNIT ( ) );
#1267 =( NAMED_UNIT ( * ) SI_UNIT ( $, .STERADIAN. ) SOLID_ANGLE_UNIT ( ) );
#1268 = CARTESIAN_POINT ( 'NONE',  ( 0.6170846036585366789, 1.757317073170731936, 3.551000000000007262 ) ) ;
#1269 = ORIENTED_EDGE ( 'NONE', *, *, #3936, .T. ) ;
#1270 = LINE ( 'NONE', #7817, #2145 ) ;
#1271 = ORIENTED_EDGE ( 'NONE', *, *, #3472, .F. ) ;
#1272 = CARTESIAN_POINT ( 'NONE',  ( 0.5276219512195123862, 1.567701981707317227, 3.550000000000006928 ) ) ;
#1273 =( GEOMETRIC_REPRESENTATION_CONTEXT ( 3 ) GLOBAL_UNCERTAINTY_ASSIGNED_CONTEXT ( ( #433 ) ) GLOBAL_UNIT_ASSIGNED_CONTEXT ( ( #3376, #2750, #1506 ) ) REPRESENTATION_CONTEXT ( 'NONE', 'WORKASPACE' ) );
#1274 = DIRECTION ( 'NONE',  ( -1.000000000000000000, -0.0000000000000000000, 0.0000000000000000000 ) ) ;
#1275 = EDGE_LOOP ( 'NONE', ( #1097, #2470, #44, #5054 ) ) ;
#1276 = DIRECTION ( 'NONE',  ( 1.000000000000000000, 0.0000000000000000000, 0.0000000000000000000 ) ) ;
#1277 = LINE ( 'NONE', #5708, #4318 ) ;
#1278 = CARTESIAN_POINT ( 'NONE',  ( 2.540000000000000036, 3.099999999999995204, 4.800000000000011369 ) ) ;
#1279 = DIRECTION ( 'NONE',  ( -0.0000000000000000000, 1.000000000000000000, 3.491481338843133355E-15 ) ) ;
#1280 =( GEOMETRIC_REPRESENTATION_CONTEXT ( 3 ) GLOBAL_UNCERTAINTY_ASSIGNED_CONTEXT ( ( #7111 ) ) GLOBAL_UNIT_ASSIGNED_CONTEXT ( ( #7695, #5066, #4399 ) ) REPRESENTATION_CONTEXT ( 'NONE', 'WORKASPACE' ) );
#1281 = MECHANICAL_DESIGN_GEOMETRIC_PRESENTATION_REPRESENTATION (  '', ( #6324 ), #4525 ) ;
#1282 = B_SPLINE_CURVE_WITH_KNOTS ( 'NONE', 3,
 ( #1546, #1001, #960, #8132, #3042, #4127, #8089, #914, #6764, #7464, #7507, #4218, #2352, #6195, #8218, #5597, #5462, #371, #4952 ),
 .UNSPECIFIED., .F., .F.,
 ( 4, 1, 1, 1, 1, 1, 1, 1, 1, 1, 1, 1, 1, 1, 1, 1, 4 ),
 ( 0.0000000000000000000, 0.07377411937406355702, 0.1440791147260410965, 0.2113485183089110486, 0.2760768857398838150, 0.3385209158196762491, 0.3998851166931334244, 0.4602540674652125796, 0.5205889643912473552, 0.5802076845630439461, 0.6386329085525459526, 0.6963645494905243982, 0.7540017746600127246, 0.8128056813744982678, 0.8727544255255603733, 0.9351819969782676489, 0.9999999999999998890 ),
 .UNSPECIFIED. ) ;
#1283 =( LENGTH_UNIT ( ) NAMED_UNIT ( * ) SI_UNIT ( .MILLI., .METRE. ) );
#1284 = CARTESIAN_POINT ( 'NONE',  ( -3.810000000000000941, 3.099999999999998312, 4.050000000000012257 ) ) ;
#1285 = VECTOR ( 'NONE', #8144, 1000.000000000000000 ) ;
#1286 = VECTOR ( 'NONE', #2348, 1000.000000000000114 ) ;
#1287 = CARTESIAN_POINT ( 'NONE',  ( 2.220000000000000195, 3.879999999999996785, 4.480000000000012861 ) ) ;
#1288 =( NAMED_UNIT ( * ) SI_UNIT ( $, .STERADIAN. ) SOLID_ANGLE_UNIT ( ) );
#1289 =( NAMED_UNIT ( * ) PLANE_ANGLE_UNIT ( ) SI_UNIT ( $, .RADIAN. ) );
#1290 = VERTEX_POINT ( 'NONE', #2983 ) ;
#1291 = ORIENTED_EDGE ( 'NONE', *, *, #4634, .T. ) ;
#1292 = STYLED_ITEM ( 'NONE', ( #3077 ), #5717 ) ;
#1293 = ORIENTED_EDGE ( 'NONE', *, *, #2822, .T. ) ;
#1294 = EDGE_CURVE ( 'NONE', #3723, #3958, #7007, .T. ) ;
#1295 = MECHANICAL_DESIGN_GEOMETRIC_PRESENTATION_REPRESENTATION (  '', ( #5640 ), #7182 ) ;
#1296 = CARTESIAN_POINT ( 'NONE',  ( 0.6927155612519305672, 1.734211549773470473, 3.550000000000006484 ) ) ;
#1297 = VERTEX_POINT ( 'NONE', #6174 ) ;
#1298 = LINE ( 'NONE', #1179, #1629 ) ;
#1299 = CARTESIAN_POINT ( 'NONE',  ( 0.5248231583750186946, 2.380197067324262505, 3.551000000000010814 ) ) ;
#1300 = VECTOR ( 'NONE', #7315, 1000.000000000000000 ) ;
#1301 =( NAMED_UNIT ( * ) PLANE_ANGLE_UNIT ( ) SI_UNIT ( $, .RADIAN. ) );
#1302 = MECHANICAL_DESIGN_GEOMETRIC_PRESENTATION_REPRESENTATION (  '', ( #4826 ), #7047 ) ;
#1303 = CARTESIAN_POINT ( 'NONE',  ( 0.7261975465765403426, 2.244882178262786354, 3.550000000000010036 ) ) ;
#1304 = ORIENTED_EDGE ( 'NONE', *, *, #8356, .F. ) ;
#1305 = ADVANCED_FACE ( 'NONE', ( #2940 ), #6925, .F. ) ;
#1306 =( LENGTH_UNIT ( ) NAMED_UNIT ( * ) SI_UNIT ( .MILLI., .METRE. ) );
#1307 = LINE ( 'NONE', #1343, #2579 ) ;
#1308 =( GEOMETRIC_REPRESENTATION_CONTEXT ( 3 ) GLOBAL_UNCERTAINTY_ASSIGNED_CONTEXT ( ( #3825 ) ) GLOBAL_UNIT_ASSIGNED_CONTEXT ( ( #7329, #4042, #2152 ) ) REPRESENTATION_CONTEXT ( 'NONE', 'WORKASPACE' ) );
#1309 = FACE_OUTER_BOUND ( 'NONE', #7445, .T. ) ;
#1310 = DIRECTION ( 'NONE',  ( 0.7071067811865475727, -2.468850131082265344E-15, 0.7071067811865475727 ) ) ;
#1311 = EDGE_CURVE ( 'NONE', #7967, #6923, #1877, .T. ) ;
#1312 = SURFACE_SIDE_STYLE ('',( #2002 ) ) ;
#1313 = PRESENTATION_STYLE_ASSIGNMENT (( #3390 ) ) ;
#1314 = VERTEX_POINT ( 'NONE', #4394 ) ;
#1315 = SURFACE_SIDE_STYLE ('',( #7698 ) ) ;
#1316 = DIRECTION ( 'NONE',  ( 0.0000000000000000000, -1.000000000000000000, -4.322805698920368627E-15 ) ) ;
#1317 = EDGE_LOOP ( 'NONE', ( #3469, #5613, #5794, #6809 ) ) ;
#1318 = DIRECTION ( 'NONE',  ( 0.0000000000000000000, 3.491481338843133355E-15, -1.000000000000000000 ) ) ;
#1319 = SURFACE_STYLE_USAGE ( .BOTH. , #5836 ) ;
#1320 = CARTESIAN_POINT ( 'NONE',  ( 0.4752860973414685386, 2.243841956118739933, 3.550000000000009148 ) ) ;
#1321 =( NAMED_UNIT ( * ) PLANE_ANGLE_UNIT ( ) SI_UNIT ( $, .RADIAN. ) );
#1322 = FILL_AREA_STYLE_COLOUR ( '', #3871 ) ;
#1323 = LINE ( 'NONE', #5404, #4625 ) ;
#1324 = PLANE ( 'NONE',  #2235 ) ;
#1325 = SURFACE_STYLE_USAGE ( .BOTH. , #621 ) ;
#1326 = COLOUR_RGB ( '',0.7529411764705882248, 0.7529411764705882248, 0.7529411764705882248 ) ;
#1327 = PRESENTATION_STYLE_ASSIGNMENT (( #5328 ) ) ;
#1328 = CARTESIAN_POINT ( 'NONE',  ( -1.519999999999999574, 3.299999999999998934, 3.800000000000012701 ) ) ;
#1329 = VERTEX_POINT ( 'NONE', #7053 ) ;
#1330 = VECTOR ( 'NONE', #3570, 1000.000000000000000 ) ;
#1331 = PRESENTATION_LAYER_ASSIGNMENT (  '', '', ( #4313 ) ) ;
#1332 = EDGE_LOOP ( 'NONE', ( #3010, #8160, #7942, #6942 ) ) ;
#1333 = UNCERTAINTY_MEASURE_WITH_UNIT (LENGTH_MEASURE( 1.000000000000000082E-05 ), #3650, 'distance_accuracy_value', 'NONE');
#1334 = PRESENTATION_LAYER_ASSIGNMENT (  '', '', ( #116 ) ) ;
#1335 = ORIENTED_EDGE ( 'NONE', *, *, #5568, .T. ) ;
#1336 =( LENGTH_UNIT ( ) NAMED_UNIT ( * ) SI_UNIT ( .MILLI., .METRE. ) );
#1337 = PRESENTATION_LAYER_ASSIGNMENT (  '', '', ( #1620 ) ) ;
#1338 = CARTESIAN_POINT ( 'NONE',  ( 0.4993556935087202220, 2.310905509778864442, 3.551000000000009038 ) ) ;
#1339 = STYLED_ITEM ( 'NONE', ( #4281 ), #712 ) ;
#1340 = DIRECTION ( 'NONE',  ( 0.7071067811865477948, -2.468850131082265344E-15, 0.7071067811865473507 ) ) ;
#1341 =( GEOMETRIC_REPRESENTATION_CONTEXT ( 3 ) GLOBAL_UNCERTAINTY_ASSIGNED_CONTEXT ( ( #2450 ) ) GLOBAL_UNIT_ASSIGNED_CONTEXT ( ( #7177, #3055, #4344 ) ) REPRESENTATION_CONTEXT ( 'NONE', 'WORKASPACE' ) );
#1342 = DIRECTION ( 'NONE',  ( 0.0000000000000000000, -1.000000000000000000, -3.491481338843133355E-15 ) ) ;
#1343 = CARTESIAN_POINT ( 'NONE',  ( 0.7215243902439024692, 2.236585365853658303, 3.551000000000009038 ) ) ;
#1344 = EDGE_LOOP ( 'NONE', ( #5100, #2228, #327, #2693, #3126, #2584, #6001, #5658 ) ) ;
#1345 = COLOUR_RGB ( '',0.7529411764705882248, 0.7529411764705882248, 0.7529411764705882248 ) ;
#1346 = EDGE_CURVE ( 'NONE', #4471, #1535, #3145, .T. ) ;
#1347 = VECTOR ( 'NONE', #3294, 1000.000000000000000 ) ;
#1348 = AXIS2_PLACEMENT_3D ( 'NONE', #3470, #6083, #251 ) ;
#1349 = ORIENTED_EDGE ( 'NONE', *, *, #4465, .T. ) ;
#1350 = FILL_AREA_STYLE_COLOUR ( '', #5672 ) ;
#1351 = CARTESIAN_POINT ( 'NONE',  ( -2.860000000000000320, 4.559999999999996945, 3.800000000000016254 ) ) ;
#1352 = VECTOR ( 'NONE', #5120, 1000.000000000000000 ) ;
#1353 = ORIENTED_EDGE ( 'NONE', *, *, #7082, .F. ) ;
#1354 = PRESENTATION_STYLE_ASSIGNMENT (( #7867 ) ) ;
#1355 = CARTESIAN_POINT ( 'NONE',  ( 0.3200000000000000067, 3.879999999999994564, 5.120000000000012541 ) ) ;
#1356 = CARTESIAN_POINT ( 'NONE',  ( -2.860000000000000320, 3.879999999999999005, 3.800000000000013589 ) ) ;
#1357 = SURFACE_STYLE_USAGE ( .BOTH. , #3486 ) ;
#1358 = UNCERTAINTY_MEASURE_WITH_UNIT (LENGTH_MEASURE( 1.000000000000000082E-05 ), #2304, 'distance_accuracy_value', 'NONE');
#1359 = EDGE_CURVE ( 'NONE', #1196, #7074, #1307, .T. ) ;
#1360 = ORIENTED_EDGE ( 'NONE', *, *, #5163, .T. ) ;
#1361 = DIRECTION ( 'NONE',  ( -1.000000000000000000, -0.0000000000000000000, 0.0000000000000000000 ) ) ;
#1362 =( NAMED_UNIT ( * ) SI_UNIT ( $, .STERADIAN. ) SOLID_ANGLE_UNIT ( ) );
#1363 = PRESENTATION_STYLE_ASSIGNMENT (( #7833 ) ) ;
#1364 = CARTESIAN_POINT ( 'NONE',  ( 0.5189770295353521856, 1.559646802291304368, 3.550000000000006928 ) ) ;
#1365 = COLOUR_RGB ( '',0.7529411764705882248, 0.7529411764705882248, 0.7529411764705882248 ) ;
#1366 = FILL_AREA_STYLE_COLOUR ( '', #1589 ) ;
#1367 = SURFACE_STYLE_FILL_AREA ( #6626 ) ;
#1368 = EDGE_LOOP ( 'NONE', ( #2464, #5271, #5234, #3522 ) ) ;
#1369 = ADVANCED_FACE ( 'NONE', ( #5743 ), #2080, .T. ) ;
#1370 = ORIENTED_EDGE ( 'NONE', *, *, #3757, .T. ) ;
#1371 = CARTESIAN_POINT ( 'NONE',  ( 0.6170846036585366789, 1.757317073170731936, 3.550000000000006928 ) ) ;
#1372 = ORIENTED_EDGE ( 'NONE', *, *, #5843, .F. ) ;
#1373 =( NAMED_UNIT ( * ) SI_UNIT ( $, .STERADIAN. ) SOLID_ANGLE_UNIT ( ) );
#1374 =( NAMED_UNIT ( * ) SI_UNIT ( $, .STERADIAN. ) SOLID_ANGLE_UNIT ( ) );
#1375 = CARTESIAN_POINT ( 'NONE',  ( -1.020000000000000462, 3.299999999999998046, 4.050000000000012257 ) ) ;
#1376 = ORIENTED_EDGE ( 'NONE', *, *, #3512, .T. ) ;
#1377 = CARTESIAN_POINT ( 'NONE',  ( 0.6604793620892958073, 2.415602227222972243, 3.550000000000009148 ) ) ;
#1378 =( NAMED_UNIT ( * ) PLANE_ANGLE_UNIT ( ) SI_UNIT ( $, .RADIAN. ) );
#1379 = FACE_OUTER_BOUND ( 'NONE', #1102, .T. ) ;
#1380 = EDGE_CURVE ( 'NONE', #6133, #3654, #1511, .T. ) ;
#1381 = CARTESIAN_POINT ( 'NONE',  ( 0.6346341463414636452, 2.031707317073169872, 3.551000000000008150 ) ) ;
#1382 = EDGE_LOOP ( 'NONE', ( #4165, #4034, #6603, #3252 ) ) ;
#1383 =( GEOMETRIC_REPRESENTATION_CONTEXT ( 3 ) GLOBAL_UNCERTAINTY_ASSIGNED_CONTEXT ( ( #691 ) ) GLOBAL_UNIT_ASSIGNED_CONTEXT ( ( #6152, #4851, #3864 ) ) REPRESENTATION_CONTEXT ( 'NONE', 'WORKASPACE' ) );
#1384 = LINE ( 'NONE', #2687, #7036 ) ;
#1385 = MECHANICAL_DESIGN_GEOMETRIC_PRESENTATION_REPRESENTATION (  '', ( #8085 ), #3573 ) ;
#1386 = VERTEX_POINT ( 'NONE', #160 ) ;
#1387 = DIRECTION ( 'NONE',  ( 0.0000000000000000000, 0.0000000000000000000, 1.000000000000000000 ) ) ;
#1388 = EDGE_CURVE ( 'NONE', #6923, #4076, #2753, .T. ) ;
#1389 = FILL_AREA_STYLE ('',( #6088 ) ) ;
#1390 = LINE ( 'NONE', #7435, #2353 ) ;
#1391 = PRESENTATION_LAYER_ASSIGNMENT (  '', '', ( #331 ) ) ;
#1392 = PRESENTATION_STYLE_ASSIGNMENT (( #6 ) ) ;
#1393 = PRESENTATION_STYLE_ASSIGNMENT (( #3985 ) ) ;
#1394 = PRESENTATION_STYLE_ASSIGNMENT (( #6093 ) ) ;
#1395 = ORIENTED_EDGE ( 'NONE', *, *, #210, .T. ) ;
#1396 = EDGE_CURVE ( 'NONE', #7058, #2337, #827, .T. ) ;
#1397 =( GEOMETRIC_REPRESENTATION_CONTEXT ( 3 ) GLOBAL_UNCERTAINTY_ASSIGNED_CONTEXT ( ( #7864 ) ) GLOBAL_UNIT_ASSIGNED_CONTEXT ( ( #455, #502, #588 ) ) REPRESENTATION_CONTEXT ( 'NONE', 'WORKASPACE' ) );
#1398 = CARTESIAN_POINT ( 'NONE',  ( 0.5095200696446854360, 1.761646152742451621, 3.551000000000007706 ) ) ;
#1399 = DIRECTION ( 'NONE',  ( 0.0000000000000000000, 1.000000000000000000, 3.491481338843133355E-15 ) ) ;
#1400 = EDGE_LOOP ( 'NONE', ( #8340, #1542, #7034, #7910 ) ) ;
#1401 = CARTESIAN_POINT ( 'NONE',  ( 0.5276219512195123862, 1.567701981707317227, 3.550000000000006928 ) ) ;
#1402 = FILL_AREA_STYLE ('',( #7282 ) ) ;
#1403 = PLANE ( 'NONE',  #7906 ) ;
#1404 = FILL_AREA_STYLE ('',( #2020 ) ) ;
#1405 = DIRECTION ( 'NONE',  ( 0.0000000000000000000, 0.0000000000000000000, -1.000000000000000000 ) ) ;
#1406 = EDGE_CURVE ( 'NONE', #7845, #5046, #2887, .T. ) ;
#1407 = PLANE ( 'NONE',  #1464 ) ;
#1408 = PRESENTATION_LAYER_ASSIGNMENT (  '', '', ( #873 ) ) ;
#1409 = VECTOR ( 'NONE', #3843, 1000.000000000000000 ) ;
#1410 = ORIENTED_EDGE ( 'NONE', *, *, #6275, .T. ) ;
#1411 = ORIENTED_EDGE ( 'NONE', *, *, #3288, .F. ) ;
#1412 = SURFACE_STYLE_FILL_AREA ( #6759 ) ;
#1413 = B_SPLINE_SURFACE_WITH_KNOTS ( 'NONE', 3, 1, ( 
 ( #2782, #7537 ),
 ( #6893, #7407 ),
 ( #2949, #6234 ),
 ( #4285, #5493 ),
 ( #6751, #8164 ),
 ( #3667, #4944 ),
 ( #6796, #317 ),
 ( #4114, #2995 ),
 ( #5455, #2871 ),
 ( #903, #6937 ),
 ( #5584, #4806 ),
 ( #7497, #1635 ),
 ( #1042, #8206 ),
 ( #4899, #8253 ),
 ( #992, #6278 ),
 ( #1583, #444 ),
 ( #3586, #7452 ),
 ( #1678, #1082 ),
 ( #3493, #6185 ) ),
 .UNSPECIFIED., .F., .F., .F.,
 ( 4, 1, 1, 1, 1, 1, 1, 1, 1, 1, 1, 1, 1, 1, 1, 1, 4 ),
 ( 2, 2 ),
 ( 0.0000000000000000000, 0.07429619169027838754, 0.1443788321467839031, 0.2104779521626760075, 0.2735146103050155042, 0.3337905786993325963, 0.3923332665120532470, 0.4498851578508359372, 0.5076124060056994569, 0.5652508075195166182, 0.6231872918394520955, 0.6813298109894397880, 0.7409400148196153557, 0.8018760316168771496, 0.8652550298431297415, 0.9309487249441322776, 1.000000000000000000 ),
 ( 0.0000000000000000000, 1.000000000000000000 ),
 .UNSPECIFIED. ) ;
#1414 = PRESENTATION_STYLE_ASSIGNMENT (( #4043 ) ) ;
#1415 = VECTOR ( 'NONE', #3027, 1000.000000000000000 ) ;
#1416 = VECTOR ( 'NONE', #5425, 1000.000000000000000 ) ;
#1417 = VECTOR ( 'NONE', #7831, 1000.000000000000000 ) ;
#1418 = VERTEX_POINT ( 'NONE', #2248 ) ;
#1419 = FACE_OUTER_BOUND ( 'NONE', #5028, .T. ) ;
#1420 = SURFACE_STYLE_USAGE ( .BOTH. , #6515 ) ;
#1421 = CARTESIAN_POINT ( 'NONE',  ( -2.678014882866899704, 5.200000000000009948, 0.5500000000000192513 ) ) ;
#1422 = FACE_OUTER_BOUND ( 'NONE', #7898, .T. ) ;
#1423 = EDGE_LOOP ( 'NONE', ( #5744, #765, #7294, #701 ) ) ;
#1424 =( NAMED_UNIT ( * ) SI_UNIT ( $, .STERADIAN. ) SOLID_ANGLE_UNIT ( ) );
#1425 = LINE ( 'NONE', #7972, #3916 ) ;
#1426 = ORIENTED_EDGE ( 'NONE', *, *, #2142, .T. ) ;
#1427 = CARTESIAN_POINT ( 'NONE',  ( -1.020000000000000462, 1.084435562925361474, 3.800000000000004707 ) ) ;
#1428 =( GEOMETRIC_REPRESENTATION_CONTEXT ( 3 ) GLOBAL_UNCERTAINTY_ASSIGNED_CONTEXT ( ( #6146 ) ) GLOBAL_UNIT_ASSIGNED_CONTEXT ( ( #3274, #3867, #6369 ) ) REPRESENTATION_CONTEXT ( 'NONE', 'WORKASPACE' ) );
#1429 = FILL_AREA_STYLE_COLOUR ( '', #4271 ) ;
#1430 = STYLED_ITEM ( 'NONE', ( #5980 ), #6335 ) ;
#1431 =( NAMED_UNIT ( * ) SI_UNIT ( $, .STERADIAN. ) SOLID_ANGLE_UNIT ( ) );
#1432 = ORIENTED_EDGE ( 'NONE', *, *, #1438, .F. ) ;
#1433 = LINE ( 'NONE', #8106, #7565 ) ;
#1434 = FACE_OUTER_BOUND ( 'NONE', #4739, .T. ) ;
#1435 = CARTESIAN_POINT ( 'NONE',  ( 0.6232012195121952036, 2.419512195121951148, 3.550000000000009148 ) ) ;
#1436 = LINE ( 'NONE', #845, #1651 ) ;
#1437 = LINE ( 'NONE', #3399, #5558 ) ;
#1438 = EDGE_CURVE ( 'NONE', #438, #7254, #5002, .T. ) ;
#1439 = CARTESIAN_POINT ( 'NONE',  ( 0.6107888136961554526, 1.717192318184356026, 3.550000000000007372 ) ) ;
#1440 = DIRECTION ( 'NONE',  ( 1.000000000000000000, 0.0000000000000000000, 0.0000000000000000000 ) ) ;
#1441 = LINE ( 'NONE', #2141, #5633 ) ;
#1442 = CARTESIAN_POINT ( 'NONE',  ( 0.7510300332775421417, 2.400881156313377840, 3.551000000000009038 ) ) ;
#1443 = CARTESIAN_POINT ( 'NONE',  ( 0.7370731707317074166, 1.918292682926829418, 3.550000000000007372 ) ) ;
#1444 = VERTEX_POINT ( 'NONE', #3642 ) ;
#1445 = VECTOR ( 'NONE', #169, 1000.000000000000000 ) ;
#1446 = CARTESIAN_POINT ( 'NONE',  ( 0.5089079213908251909, 1.762704924048051458, 3.551000000000007262 ) ) ;
#1447 =( NAMED_UNIT ( * ) SI_UNIT ( $, .STERADIAN. ) SOLID_ANGLE_UNIT ( ) );
#1448 = SURFACE_STYLE_USAGE ( .BOTH. , #6625 ) ;
#1449 = DIRECTION ( 'NONE',  ( 0.0000000000000000000, 1.000000000000000000, 3.491481338843133355E-15 ) ) ;
#1450 = EDGE_CURVE ( 'NONE', #4492, #1126, #383, .T. ) ;
#1451 = FACE_BOUND ( 'NONE', #1668, .T. ) ;
#1452 = ORIENTED_EDGE ( 'NONE', *, *, #1227, .T. ) ;
#1453 = ORIENTED_EDGE ( 'NONE', *, *, #6029, .T. ) ;
#1454 = EDGE_CURVE ( 'NONE', #1922, #1630, #5564, .T. ) ;
#1455 = ORIENTED_EDGE ( 'NONE', *, *, #2255, .T. ) ;
#1456 = PLANE ( 'NONE',  #5855 ) ;
#1457 = CARTESIAN_POINT ( 'NONE',  ( 0.4832167518248309257, 2.381168834625355224, 3.550000000000010481 ) ) ;
#1458 = CARTESIAN_POINT ( 'NONE',  ( -3.310000000000000497, 3.299999999999999822, 3.550000000000012257 ) ) ;
#1459 = CARTESIAN_POINT ( 'NONE',  ( 0.6529268292682929298, 1.512137957317073678, 3.550000000000006484 ) ) ;
#1460 = STYLED_ITEM ( 'NONE', ( #6836 ), #1235 ) ;
#1461 = FACE_OUTER_BOUND ( 'NONE', #753, .T. ) ;
#1462 = DIRECTION ( 'NONE',  ( 0.0000000000000000000, 1.000000000000000000, 3.491481338843133355E-15 ) ) ;
#1463 = SURFACE_SIDE_STYLE ('',( #156 ) ) ;
#1464 = AXIS2_PLACEMENT_3D ( 'NONE', #770, #5975, #7958 ) ;
#1465 = EDGE_CURVE ( 'NONE', #2441, #6231, #2407, .T. ) ;
#1466 = CIRCLE ( 'NONE', #5005, 0.6799999999999991607 ) ;
#1467 = SURFACE_SIDE_STYLE ('',( #5992 ) ) ;
#1468 =( GEOMETRIC_REPRESENTATION_CONTEXT ( 3 ) GLOBAL_UNCERTAINTY_ASSIGNED_CONTEXT ( ( #4301 ) ) GLOBAL_UNIT_ASSIGNED_CONTEXT ( ( #900, #6100, #4942 ) ) REPRESENTATION_CONTEXT ( 'NONE', 'WORKASPACE' ) );
#1469 = EDGE_LOOP ( 'NONE', ( #2151, #1455, #194, #3245 ) ) ;
#1470 = LINE ( 'NONE', #5393, #280 ) ;
#1471 = STYLED_ITEM ( 'NONE', ( #2382 ), #5072 ) ;
#1472 = FACE_OUTER_BOUND ( 'NONE', #7925, .T. ) ;
#1473 = VECTOR ( 'NONE', #5993, 1000.000000000000000 ) ;
#1474 = EDGE_LOOP ( 'NONE', ( #1513, #7409, #7341, #2964, #1699, #6237, #5619, #7721, #7160, #7795, #7345 ) ) ;
#1475 = CARTESIAN_POINT ( 'NONE',  ( 0.3200000000000000067, -4.699999999999999289, 4.479999999999984439 ) ) ;
#1476 = VECTOR ( 'NONE', #6800, 1000.000000000000000 ) ;
#1477 = EDGE_CURVE ( 'NONE', #4819, #1192, #2324, .T. ) ;
#1478 = CARTESIAN_POINT ( 'NONE',  ( 2.220000000000000195, -4.699999999999999289, 4.479999999999984439 ) ) ;
#1479 =( GEOMETRIC_REPRESENTATION_CONTEXT ( 3 ) GLOBAL_UNCERTAINTY_ASSIGNED_CONTEXT ( ( #3236 ) ) GLOBAL_UNIT_ASSIGNED_CONTEXT ( ( #741, #3461, #2838 ) ) REPRESENTATION_CONTEXT ( 'NONE', 'WORKASPACE' ) );
#1480 = ORIENTED_EDGE ( 'NONE', *, *, #3896, .F. ) ;
#1481 = VERTEX_POINT ( 'NONE', #1101 ) ;
#1482 = PRESENTATION_STYLE_ASSIGNMENT (( #7352 ) ) ;
#1483 = AXIS2_PLACEMENT_3D ( 'NONE', #1929, #8252, #1845 ) ;
#1484 = COLOUR_RGB ( '',0.7529411764705882248, 0.7529411764705882248, 0.7529411764705882248 ) ;
#1485 = DIRECTION ( 'NONE',  ( 0.0000000000000000000, 3.491481338843133355E-15, -1.000000000000000000 ) ) ;
#1486 =( LENGTH_UNIT ( ) NAMED_UNIT ( * ) SI_UNIT ( .MILLI., .METRE. ) );
#1487 = PRESENTATION_LAYER_ASSIGNMENT (  '', '', ( #5438 ) ) ;
#1488 = EDGE_LOOP ( 'NONE', ( #339, #7328, #449, #2936, #1615, #7589 ) ) ;
#1489 = CARTESIAN_POINT ( 'NONE',  ( 0.5310904246644593263, 1.742055521533522278, 3.550000000000008260 ) ) ;
#1490 = UNCERTAINTY_MEASURE_WITH_UNIT (LENGTH_MEASURE( 1.000000000000000082E-05 ), #6728, 'distance_accuracy_value', 'NONE');
#1491 = EDGE_CURVE ( 'NONE', #121, #3858, #4960, .T. ) ;
#1492 = FACE_BOUND ( 'NONE', #4225, .T. ) ;
#1493 = DIRECTION ( 'NONE',  ( 0.0000000000000000000, -1.000000000000000000, -3.592104167426721697E-15 ) ) ;
#1494 = ORIENTED_EDGE ( 'NONE', *, *, #3976, .F. ) ;
#1495 = CARTESIAN_POINT ( 'NONE',  ( 0.6162271341463415597, 1.717073170731707510, 3.550000000000006928 ) ) ;
#1496 = VERTEX_POINT ( 'NONE', #1659 ) ;
#1497 = PLANE ( 'NONE',  #3879 ) ;
#1498 = CARTESIAN_POINT ( 'NONE',  ( -0.3200000000000000067, 5.199999999999997513, 3.800000000000018474 ) ) ;
#1499 = EDGE_CURVE ( 'NONE', #7622, #7697, #5644, .T. ) ;
#1500 = MECHANICAL_DESIGN_GEOMETRIC_PRESENTATION_REPRESENTATION (  '', ( #812 ), #6142 ) ;
#1501 = VERTEX_POINT ( 'NONE', #2927 ) ;
#1502 = FILL_AREA_STYLE_COLOUR ( '', #1637 ) ;
#1503 = CARTESIAN_POINT ( 'NONE',  ( 0.5468444657237087059, 2.443132626186956369, 3.550000000000010036 ) ) ;
#1504 = DIRECTION ( 'NONE',  ( -0.0000000000000000000, 3.491481338843133355E-15, -1.000000000000000000 ) ) ;
#1505 = DIRECTION ( 'NONE',  ( 0.0000000000000000000, -0.9396926207859083169, -0.3420201433256692680 ) ) ;
#1506 =( NAMED_UNIT ( * ) SI_UNIT ( $, .STERADIAN. ) SOLID_ANGLE_UNIT ( ) );
#1507 = CARTESIAN_POINT ( 'NONE',  ( 0.6124883584021467708, 1.757415441876140516, 3.551000000000007262 ) ) ;
#1508 = PLANE ( 'NONE',  #3266 ) ;
#1509 = EDGE_CURVE ( 'NONE', #2856, #3030, #8141, .T. ) ;
#1510 = DIRECTION ( 'NONE',  ( 0.0000000000000000000, -1.000000000000000000, -3.491481338843133355E-15 ) ) ;
#1511 = LINE ( 'NONE', #6642, #1473 ) ;
#1512 = LINE ( 'NONE', #161, #6388 ) ;
#1513 = ORIENTED_EDGE ( 'NONE', *, *, #6263, .T. ) ;
#1514 = PLANE ( 'NONE',  #1348 ) ;
#1515 = EDGE_CURVE ( 'NONE', #5970, #1196, #1857, .T. ) ;
#1516 = CARTESIAN_POINT ( 'NONE',  ( -1.270000000000000018, 0.7999999999999979350, 4.050000000000003375 ) ) ;
#1517 = VERTEX_POINT ( 'NONE', #1988 ) ;
#1518 = STYLED_ITEM ( 'NONE', ( #6609 ), #7546 ) ;
#1519 = CARTESIAN_POINT ( 'NONE',  ( 0.6256592987804878714, 2.459756097560975352, 3.550000000000009592 ) ) ;
#1520 = SURFACE_SIDE_STYLE ('',( #4756 ) ) ;
#1521 = DIRECTION ( 'NONE',  ( 0.0000000000000000000, 1.000000000000000000, 3.491481338843133355E-15 ) ) ;
#1522 = VERTEX_POINT ( 'NONE', #4563 ) ;
#1523 = LINE ( 'NONE', #4709, #1962 ) ;
#1524 =( GEOMETRIC_REPRESENTATION_CONTEXT ( 3 ) GLOBAL_UNCERTAINTY_ASSIGNED_CONTEXT ( ( #3380 ) ) GLOBAL_UNIT_ASSIGNED_CONTEXT ( ( #3803, #7761, #8281 ) ) REPRESENTATION_CONTEXT ( 'NONE', 'WORKASPACE' ) );
#1525 = PRESENTATION_STYLE_ASSIGNMENT (( #7396 ) ) ;
#1526 = EDGE_CURVE ( 'NONE', #1039, #1187, #7679, .T. ) ;
#1527 = DIRECTION ( 'NONE',  ( 0.0000000000000000000, 0.0000000000000000000, 1.000000000000000000 ) ) ;
#1528 = STYLED_ITEM ( 'NONE', ( #3112 ), #4145 ) ;
#1529 = FACE_OUTER_BOUND ( 'NONE', #8120, .T. ) ;
#1530 = FILL_AREA_STYLE ('',( #7242 ) ) ;
#1531 = UNCERTAINTY_MEASURE_WITH_UNIT (LENGTH_MEASURE( 1.000000000000000082E-05 ), #4984, 'distance_accuracy_value', 'NONE');
#1532 = CARTESIAN_POINT ( 'NONE',  ( 0.6185673922293498661, 2.419408300778118193, 3.551000000000010370 ) ) ;
#1533 = VECTOR ( 'NONE', #1631, 1000.000000000000000 ) ;
#1534 = FILL_AREA_STYLE ('',( #7920 ) ) ;
#1535 = VERTEX_POINT ( 'NONE', #8406 ) ;
#1536 = DIRECTION ( 'NONE',  ( 0.0000000000000000000, -1.000000000000000000, -3.491481338843133355E-15 ) ) ;
#1537 = FILL_AREA_STYLE ('',( #3541 ) ) ;
#1538 = DIRECTION ( 'NONE',  ( -0.0000000000000000000, 3.491481338843133355E-15, -1.000000000000000000 ) ) ;
#1539 = VERTEX_POINT ( 'NONE', #4476 ) ;
#1540 = CARTESIAN_POINT ( 'NONE',  ( 0.6330010317927220465, 1.717430021897416559, 3.550000000000006928 ) ) ;
#1541 = STYLED_ITEM ( 'NONE', ( #1599 ), #2978 ) ;
#1542 = ORIENTED_EDGE ( 'NONE', *, *, #8150, .F. ) ;
#1543 = ORIENTED_EDGE ( 'NONE', *, *, #1900, .F. ) ;
#1544 = CARTESIAN_POINT ( 'NONE',  ( 0.6346341463414636452, 2.031707317073169872, 3.551000000000008150 ) ) ;
#1545 = CARTESIAN_POINT ( 'NONE',  ( 0.7700000000000001288, 2.639024390243903007, 3.551000000000010370 ) ) ;
#1546 = CARTESIAN_POINT ( 'NONE',  ( 0.6232012195121952036, 2.419512195121951148, 3.551000000000009482 ) ) ;
#1547 = COLOUR_RGB ( '',0.2509803921568627416, 0.2509803921568627416, 0.2509803921568627416 ) ;
#1548 = LINE ( 'NONE', #1421, #4389 ) ;
#1549 = VERTEX_POINT ( 'NONE', #5053 ) ;
#1550 = CARTESIAN_POINT ( 'NONE',  ( 0.5570082263873828987, 1.769661341597603021, 3.551000000000007706 ) ) ;
#1551 = ADVANCED_FACE ( 'NONE', ( #1254 ), #3131, .F. ) ;
#1552 = AXIS2_PLACEMENT_3D ( 'NONE', #4150, #4242, #6228 ) ;
#1553 = VECTOR ( 'NONE', #7292, 1000.000000000000000 ) ;
#1554 = VECTOR ( 'NONE', #2915, 1000.000000000000000 ) ;
#1555 = CARTESIAN_POINT ( 'NONE',  ( -2.220000000000000195, 3.099999999999995204, 4.800000000000011369 ) ) ;
#1556 = SURFACE_STYLE_FILL_AREA ( #7603 ) ;
#1557 = VERTEX_POINT ( 'NONE', #197 ) ;
#1558 = CARTESIAN_POINT ( 'NONE',  ( 0.7367850781576206209, 1.862366473771744912, 3.551000000000009038 ) ) ;
#1559 = SURFACE_SIDE_STYLE ('',( #4018 ) ) ;
#1560 = LINE ( 'NONE', #8064, #3872 ) ;
#1561 = DIRECTION ( 'NONE',  ( -0.0000000000000000000, 1.000000000000000000, 3.491481338843133355E-15 ) ) ;
#1562 = EDGE_CURVE ( 'NONE', #4470, #388, #4695, .T. ) ;
#1563 = ORIENTED_EDGE ( 'NONE', *, *, #5755, .F. ) ;
#1564 = CARTESIAN_POINT ( 'NONE',  ( 2.401985117133100811, 5.018014882866909332, 0.5500000000000183631 ) ) ;
#1565 = SURFACE_STYLE_FILL_AREA ( #6000 ) ;
#1566 = STYLED_ITEM ( 'NONE', ( #12 ), #5768 ) ;
#1567 = CARTESIAN_POINT ( 'NONE',  ( 0.6310956849050530781, 2.459662203055562824, 3.551000000000152035 ) ) ;
#1568 = ADVANCED_FACE ( 'NONE', ( #8088 ), #8266, .F. ) ;
#1569 = ORIENTED_EDGE ( 'NONE', *, *, #7121, .F. ) ;
#1570 = DIRECTION ( 'NONE',  ( -0.7071067811865479058, 2.468850131082264949E-15, -0.7071067811865472397 ) ) ;
#1571 = CARTESIAN_POINT ( 'NONE',  ( -3.810000000000000053, 0.7999999999999979350, 4.050000000000003375 ) ) ;
#1572 = CARTESIAN_POINT ( 'NONE',  ( 0.6973498347226291250, 1.781099805549463788, 3.551000000000007706 ) ) ;
#1573 = FACE_OUTER_BOUND ( 'NONE', #7503, .T. ) ;
#1574 =( NAMED_UNIT ( * ) PLANE_ANGLE_UNIT ( ) SI_UNIT ( $, .RADIAN. ) );
#1575 = FILL_AREA_STYLE ('',( #2901 ) ) ;
#1576 = AXIS2_PLACEMENT_3D ( 'NONE', #3914, #3325, #3214 ) ;
#1577 = CARTESIAN_POINT ( 'NONE',  ( 0.6232012195121952036, 2.419512195121951148, 3.551000000000009482 ) ) ;
#1578 = CARTESIAN_POINT ( 'NONE',  ( 0.6310956849050530781, 2.459662203055562824, 3.551000000000010370 ) ) ;
#1579 = DIRECTION ( 'NONE',  ( 1.000000000000000000, 0.0000000000000000000, 0.0000000000000000000 ) ) ;
#1580 = ORIENTED_EDGE ( 'NONE', *, *, #5515, .F. ) ;
#1581 = DIRECTION ( 'NONE',  ( -1.000000000000000000, 0.0000000000000000000, 0.0000000000000000000 ) ) ;
#1582 = CARTESIAN_POINT ( 'NONE',  ( -1.270000000000000684, 3.099999999999992539, 5.550000000000011369 ) ) ;
#1583 = CARTESIAN_POINT ( 'NONE',  ( 0.5045225916976507907, 1.849241557259418300, 3.551000000000007706 ) ) ;
#1584 = DIRECTION ( 'NONE',  ( 1.000000000000000000, 0.0000000000000000000, 0.0000000000000000000 ) ) ;
#1585 = CARTESIAN_POINT ( 'NONE',  ( 0.6256592987804878714, 2.459756097560975352, 3.550000000000009592 ) ) ;
#1586 = PLANE ( 'NONE',  #6182 ) ;
#1587 = ORIENTED_EDGE ( 'NONE', *, *, #6005, .T. ) ;
#1588 = DIRECTION ( 'NONE',  ( 1.000000000000000000, 0.0000000000000000000, 0.0000000000000000000 ) ) ;
#1589 = COLOUR_RGB ( '',0.7529411764705882248, 0.7529411764705882248, 0.7529411764705882248 ) ;
#1590 = ORIENTED_EDGE ( 'NONE', *, *, #3603, .T. ) ;
#1591 = DIRECTION ( 'NONE',  ( 0.0000000000000000000, 1.000000000000000000, 3.891802140991627604E-15 ) ) ;
#1592 = ADVANCED_FACE ( 'NONE', ( #7636 ), #4331, .T. ) ;
#1593 = PRESENTATION_STYLE_ASSIGNMENT (( #8174 ) ) ;
#1594 = DIRECTION ( 'NONE',  ( -1.000000000000000000, 0.0000000000000000000, 0.0000000000000000000 ) ) ;
#1595 = DIRECTION ( 'NONE',  ( 0.0000000000000000000, 3.491481338843133355E-15, -1.000000000000000000 ) ) ;
#1596 = CARTESIAN_POINT ( 'NONE',  ( 0.3200000000000000067, 3.880000000000008331, 1.050000000000018474 ) ) ;
#1597 = COLOUR_RGB ( '',0.2509803921568627416, 0.2509803921568627416, 0.2509803921568627416 ) ;
#1598 = CARTESIAN_POINT ( 'NONE',  ( 0.6782586744472806073, 1.769336829329118510, 3.550000000000006928 ) ) ;
#1599 = PRESENTATION_STYLE_ASSIGNMENT (( #5987 ) ) ;
#1600 = CARTESIAN_POINT ( 'NONE',  ( -2.860000000000000320, -4.700000000000001066, 5.119999999999984119 ) ) ;
#1601 = UNCERTAINTY_MEASURE_WITH_UNIT (LENGTH_MEASURE( 1.000000000000000082E-05 ), #7189, 'distance_accuracy_value', 'NONE');
#1602 = CARTESIAN_POINT ( 'NONE',  ( 0.6162271341463415597, 1.717073170731707510, 3.551000000000007262 ) ) ;
#1603 = UNCERTAINTY_MEASURE_WITH_UNIT (LENGTH_MEASURE( 1.000000000000000082E-05 ), #2495, 'distance_accuracy_value', 'NONE');
#1604 = CARTESIAN_POINT ( 'NONE',  ( -2.220000000000000195, 5.200000000000008171, 1.050000000000023581 ) ) ;
#1605 = ORIENTED_EDGE ( 'NONE', *, *, #5405, .T. ) ;
#1606 = EDGE_CURVE ( 'NONE', #1539, #732, #4369, .T. ) ;
#1607 = AXIS2_PLACEMENT_3D ( 'NONE', #7522, #8146, #3523 ) ;
#1608 = FACE_OUTER_BOUND ( 'NONE', #3406, .T. ) ;
#1609 = CARTESIAN_POINT ( 'NONE',  ( 0.7091026387866171676, 2.390412034066093039, 3.550000000000011369 ) ) ;
#1610 = SURFACE_SIDE_STYLE ('',( #7521 ) ) ;
#1611 = VERTEX_POINT ( 'NONE', #5927 ) ;
#1612 = LINE ( 'NONE', #390, #1686 ) ;
#1613 = AXIS2_PLACEMENT_3D ( 'NONE', #4549, #1521, #839 ) ;
#1614 =( LENGTH_UNIT ( ) NAMED_UNIT ( * ) SI_UNIT ( .MILLI., .METRE. ) );
#1615 = ORIENTED_EDGE ( 'NONE', *, *, #2245, .F. ) ;
#1616 = DIRECTION ( 'NONE',  ( -0.0000000000000000000, 1.000000000000000000, 3.491481338843133355E-15 ) ) ;
#1617 = LINE ( 'NONE', #6649, #5211 ) ;
#1618 = MECHANICAL_DESIGN_GEOMETRIC_PRESENTATION_REPRESENTATION (  '', ( #3105 ), #934 ) ;
#1619 = ADVANCED_FACE ( 'NONE', ( #852 ), #7203, .T. ) ;
#1620 = STYLED_ITEM ( 'NONE', ( #3551 ), #1568 ) ;
#1621 = VECTOR ( 'NONE', #5017, 1000.000000000000000 ) ;
#1622 =( LENGTH_UNIT ( ) NAMED_UNIT ( * ) SI_UNIT ( .MILLI., .METRE. ) );
#1623 = CARTESIAN_POINT ( 'NONE',  ( -1.770000000000000018, 3.299999999999999822, 3.550000000000012257 ) ) ;
#1624 = VECTOR ( 'NONE', #6798, 1000.000000000000000 ) ;
#1625 = UNCERTAINTY_MEASURE_WITH_UNIT (LENGTH_MEASURE( 1.000000000000000082E-05 ), #6273, 'distance_accuracy_value', 'NONE');
#1626 = SURFACE_STYLE_FILL_AREA ( #398 ) ;
#1627 = VERTEX_POINT ( 'NONE', #7283 ) ;
#1628 =( GEOMETRIC_REPRESENTATION_CONTEXT ( 3 ) GLOBAL_UNCERTAINTY_ASSIGNED_CONTEXT ( ( #5858 ) ) GLOBAL_UNIT_ASSIGNED_CONTEXT ( ( #1677, #6891, #480 ) ) REPRESENTATION_CONTEXT ( 'NONE', 'WORKASPACE' ) );
#1629 = VECTOR ( 'NONE', #5729, 1000.000000000000000 ) ;
#1630 = VERTEX_POINT ( 'NONE', #7246 ) ;
#1631 = DIRECTION ( 'NONE',  ( 0.0000000000000000000, 1.000000000000000000, 9.878286460423505178E-15 ) ) ;
#1632 = ADVANCED_FACE ( 'NONE', ( #3947 ), #6581, .T. ) ;
#1633 = LINE ( 'NONE', #3542, #5288 ) ;
#1634 = AXIS2_PLACEMENT_3D ( 'NONE', #936, #3531, #4889 ) ;
#1635 = CARTESIAN_POINT ( 'NONE',  ( 0.5188836270990365707, 1.806741996372944747, 3.550000000000010481 ) ) ;
#1636 = CARTESIAN_POINT ( 'NONE',  ( 0.6858536585365855309, 1.622580030487805303, 3.551000000000006818 ) ) ;
#1637 = COLOUR_RGB ( '',0.7529411764705882248, 0.7529411764705882248, 0.7529411764705882248 ) ;
#1638 = ORIENTED_EDGE ( 'NONE', *, *, #5575, .T. ) ;
#1639 = ADVANCED_FACE ( 'NONE', ( #990 ), #2186, .T. ) ;
#1640 = DIRECTION ( 'NONE',  ( 1.000000000000000000, 0.0000000000000000000, -0.0000000000000000000 ) ) ;
#1641 = ORIENTED_EDGE ( 'NONE', *, *, #6795, .F. ) ;
#1642 = B_SPLINE_CURVE_WITH_KNOTS ( 'NONE', 3,
 ( #5092, #3140, #6392, #7685, #7728, #1224, #3771, #2547, #4312, #7655, #5737, #2410, #4342, #7768, #4387, #558, #3181, #3809, #4480 ),
 .UNSPECIFIED., .F., .F.,
 ( 4, 1, 1, 1, 1, 1, 1, 1, 1, 1, 1, 1, 1, 1, 1, 1, 4 ),
 ( 0.0000000000000000000, 0.07064215072300310261, 0.1382536470674235463, 0.2033596107954859789, 0.2662484148830682740, 0.3279196778882909058, 0.3887512814041684250, 0.4494357474917642370, 0.5108718673107424113, 0.5720888932305399077, 0.6317426019427836437, 0.6911240658607696874, 0.7503655699490048292, 0.8100371166225087682, 0.8713653057843916416, 0.9344285965418714923, 1.000000000000000000 ),
 .UNSPECIFIED. ) ;
#1643 = ORIENTED_EDGE ( 'NONE', *, *, #3495, .F. ) ;
#1644 = FILL_AREA_STYLE ('',( #6985 ) ) ;
#1645 = DIRECTION ( 'NONE',  ( 0.0000000000000000000, -1.000000000000000000, -3.188829919075017009E-15 ) ) ;
#1646 = COLOUR_RGB ( '',0.2509803921568627416, 0.2509803921568627416, 0.2509803921568627416 ) ;
#1647 = ORIENTED_EDGE ( 'NONE', *, *, #823, .T. ) ;
#1648 = CARTESIAN_POINT ( 'NONE',  ( 0.4994109318979134682, 2.297406441020362511, 3.550000000000009592 ) ) ;
#1649 = CARTESIAN_POINT ( 'NONE',  ( 0.4907769610697942375, 2.393836186263418320, 3.550000000000010036 ) ) ;
#1650 = CARTESIAN_POINT ( 'NONE',  ( 0.4700000000000001954, 1.541463414634146600, 3.551000000000006374 ) ) ;
#1651 = VECTOR ( 'NONE', #8111, 1000.000000000000000 ) ;
#1652 =( NAMED_UNIT ( * ) SI_UNIT ( $, .STERADIAN. ) SOLID_ANGLE_UNIT ( ) );
#1653 = DIRECTION ( 'NONE',  ( 0.0000000000000000000, 1.000000000000000000, 3.491481338843133355E-15 ) ) ;
#1654 = ADVANCED_FACE ( 'NONE', ( #7145 ), #6277, .T. ) ;
#1655 = CARTESIAN_POINT ( 'NONE',  ( 0.5098813418763359362, 1.826736534192438866, 3.551000000000007262 ) ) ;
#1656 = COLOUR_RGB ( '',0.7529411764705882248, 0.7529411764705882248, 0.7529411764705882248 ) ;
#1657 = DIRECTION ( 'NONE',  ( -0.0000000000000000000, 3.491481338843133355E-15, -1.000000000000000000 ) ) ;
#1658 = CARTESIAN_POINT ( 'NONE',  ( 0.5029268292682927965, 1.874047256097561176, 3.551000000000007706 ) ) ;
#1659 = CARTESIAN_POINT ( 'NONE',  ( 0.4992682926829269396, 2.306840701219512013, 3.551000000000009482 ) ) ;
#1660 =( LENGTH_UNIT ( ) NAMED_UNIT ( * ) SI_UNIT ( .MILLI., .METRE. ) );
#1661 = VERTEX_POINT ( 'NONE', #7868 ) ;
#1662 = SURFACE_SIDE_STYLE ('',( #7518 ) ) ;
#1663 = DIRECTION ( 'NONE',  ( 1.000000000000000000, 0.0000000000000000000, 0.0000000000000000000 ) ) ;
#1664 = MECHANICAL_DESIGN_GEOMETRIC_PRESENTATION_REPRESENTATION (  '', ( #2467 ), #3149 ) ;
#1665 = VERTEX_POINT ( 'NONE', #5837 ) ;
#1666 =( NAMED_UNIT ( * ) SI_UNIT ( $, .STERADIAN. ) SOLID_ANGLE_UNIT ( ) );
#1667 = ORIENTED_EDGE ( 'NONE', *, *, #8138, .F. ) ;
#1668 = EDGE_LOOP ( 'NONE', ( #5242, #1376, #7301, #1137 ) ) ;
#1669 = LINE ( 'NONE', #6178, #1956 ) ;
#1670 = CARTESIAN_POINT ( 'NONE',  ( 0.7294192456216378462, 1.826067830386382207, 3.551000000000007706 ) ) ;
#1671 = VECTOR ( 'NONE', #6927, 1000.000000000000000 ) ;
#1672 =( NAMED_UNIT ( * ) SI_UNIT ( $, .STERADIAN. ) SOLID_ANGLE_UNIT ( ) );
#1673 = EDGE_CURVE ( 'NONE', #3654, #4519, #2007, .T. ) ;
#1674 = FACE_OUTER_BOUND ( 'NONE', #4122, .T. ) ;
#1675 = FILL_AREA_STYLE ('',( #2103 ) ) ;
#1676 = CARTESIAN_POINT ( 'NONE',  ( 0.5233078150327843403, 1.566251423742852200, 3.550000000000006928 ) ) ;
#1677 =( LENGTH_UNIT ( ) NAMED_UNIT ( * ) SI_UNIT ( .MILLI., .METRE. ) );
#1678 = CARTESIAN_POINT ( 'NONE',  ( 0.5030147219845536588, 1.869775469689268999, 3.551000000000008150 ) ) ;
#1679 = STYLED_ITEM ( 'NONE', ( #1392 ), #4229 ) ;
#1680 = SURFACE_SIDE_STYLE ('',( #1724 ) ) ;
#1681 = CARTESIAN_POINT ( 'NONE',  ( 0.7538460923732178687, 1.798870163349097551, 3.550000000000006928 ) ) ;
#1682 = SURFACE_STYLE_FILL_AREA ( #5035 ) ;
#1683 = EDGE_CURVE ( 'NONE', #4681, #414, #2462, .T. ) ;
#1684 = VERTEX_POINT ( 'NONE', #4435 ) ;
#1685 = CARTESIAN_POINT ( 'NONE',  ( 0.5180144026626543052, 2.371415719007143874, 3.550000000000008704 ) ) ;
#1686 = VECTOR ( 'NONE', #4190, 1000.000000000000000 ) ;
#1687 = EDGE_CURVE ( 'NONE', #430, #6356, #5058, .T. ) ;
#1688 = DIRECTION ( 'NONE',  ( 0.0000000000000000000, 0.0000000000000000000, -1.000000000000000000 ) ) ;
#1689 = CARTESIAN_POINT ( 'NONE',  ( -3.560000000000000497, 3.299999999999992273, 5.800000000000012257 ) ) ;
#1690 = CARTESIAN_POINT ( 'NONE',  ( 0.6973498347226291250, 1.781099805549463788, 3.550000000000007372 ) ) ;
#1691 = PLANE ( 'NONE',  #2107 ) ;
#1692 = SURFACE_SIDE_STYLE ('',( #1171 ) ) ;
#1693 = VERTEX_POINT ( 'NONE', #1826 ) ;
#1694 = ORIENTED_EDGE ( 'NONE', *, *, #1129, .T. ) ;
#1695 = PLANE ( 'NONE',  #1576 ) ;
#1696 = SURFACE_STYLE_FILL_AREA ( #3128 ) ;
#1697 = LINE ( 'NONE', #968, #5136 ) ;
#1698 = CARTESIAN_POINT ( 'NONE',  ( 0.7700000000000001288, 1.424390243902439179, 3.550000000000006040 ) ) ;
#1699 = ORIENTED_EDGE ( 'NONE', *, *, #8030, .F. ) ;
#1700 = CARTESIAN_POINT ( 'NONE',  ( 0.7165233344196609844, 2.382812869559784108, 3.551000000000007706 ) ) ;
#1701 = PRESENTATION_STYLE_ASSIGNMENT (( #4794 ) ) ;
#1702 =( GEOMETRIC_REPRESENTATION_CONTEXT ( 3 ) GLOBAL_UNCERTAINTY_ASSIGNED_CONTEXT ( ( #4846 ) ) GLOBAL_UNIT_ASSIGNED_CONTEXT ( ( #2013, #6742, #4030 ) ) REPRESENTATION_CONTEXT ( 'NONE', 'WORKASPACE' ) );
#1703 = VECTOR ( 'NONE', #595, 1000.000000000000000 ) ;
#1704 = PRESENTATION_LAYER_ASSIGNMENT (  '', '', ( #6324 ) ) ;
#1705 = FACE_OUTER_BOUND ( 'NONE', #6852, .T. ) ;
#1706 = UNCERTAINTY_MEASURE_WITH_UNIT (LENGTH_MEASURE( 1.000000000000000082E-05 ), #4758, 'distance_accuracy_value', 'NONE');
#1707 = VERTEX_POINT ( 'NONE', #1915 ) ;
#1708 = CARTESIAN_POINT ( 'NONE',  ( 1.519999999999999574, 3.099999999999991651, 5.800000000000011369 ) ) ;
#1709 = CARTESIAN_POINT ( 'NONE',  ( 0.5003831219746303072, 2.288111120700013768, 3.551000000000008594 ) ) ;
#1710 = DIRECTION ( 'NONE',  ( 0.0000000000000000000, -1.000000000000000000, -3.491481338843133355E-15 ) ) ;
#1711 = AXIS2_PLACEMENT_3D ( 'NONE', #3648, #2934, #6729 ) ;
#1712 =( GEOMETRIC_REPRESENTATION_CONTEXT ( 3 ) GLOBAL_UNCERTAINTY_ASSIGNED_CONTEXT ( ( #504 ) ) GLOBAL_UNIT_ASSIGNED_CONTEXT ( ( #7843, #3250, #6431 ) ) REPRESENTATION_CONTEXT ( 'NONE', 'WORKASPACE' ) );
#1713 = SURFACE_SIDE_STYLE ('',( #264 ) ) ;
#1714 = LINE ( 'NONE', #8200, #1149 ) ;
#1715 = FACE_OUTER_BOUND ( 'NONE', #8350, .T. ) ;
#1716 = VECTOR ( 'NONE', #7049, 1000.000000000000000 ) ;
#1717 = STYLED_ITEM ( 'NONE', ( #962 ), #3941 ) ;
#1718 = ORIENTED_EDGE ( 'NONE', *, *, #7835, .F. ) ;
#1719 = ORIENTED_EDGE ( 'NONE', *, *, #1509, .F. ) ;
#1720 =( NAMED_UNIT ( * ) SI_UNIT ( $, .STERADIAN. ) SOLID_ANGLE_UNIT ( ) );
#1721 = COLOUR_RGB ( '',0.7529411764705882248, 0.7529411764705882248, 0.7529411764705882248 ) ;
#1722 = ADVANCED_FACE ( 'NONE', ( #4482 ), #4391, .T. ) ;
#1723 = SURFACE_STYLE_FILL_AREA ( #4771 ) ;
#1724 = SURFACE_STYLE_FILL_AREA ( #4852 ) ;
#1725 = ORIENTED_EDGE ( 'NONE', *, *, #3141, .F. ) ;
#1726 = COLOUR_RGB ( '',0.7529411764705882248, 0.7529411764705882248, 0.7529411764705882248 ) ;
#1727 = CARTESIAN_POINT ( 'NONE',  ( -1.269999999999999352, 3.099999999999992539, 5.550000000000011369 ) ) ;
#1728 = DIRECTION ( 'NONE',  ( 1.000000000000000000, 0.0000000000000000000, 0.0000000000000000000 ) ) ;
#1730 = PLANE ( 'NONE',  #6241 ) ;
#1729 =( GEOMETRIC_REPRESENTATION_CONTEXT ( 3 ) GLOBAL_UNCERTAINTY_ASSIGNED_CONTEXT ( ( #1971 ) ) GLOBAL_UNIT_ASSIGNED_CONTEXT ( ( #2930, #3646, #5688 ) ) REPRESENTATION_CONTEXT ( 'NONE', 'WORKASPACE' ) );
#1731 = CARTESIAN_POINT ( 'NONE',  ( 0.7370731707317074166, 1.918292682926829418, 3.550999999999802981 ) ) ;
#1732 = EDGE_CURVE ( 'NONE', #1684, #4307, #8013, .T. ) ;
#1733 = SURFACE_STYLE_FILL_AREA ( #2961 ) ;
#1734 = DIRECTION ( 'NONE',  ( -1.000000000000000000, 0.0000000000000000000, 0.0000000000000000000 ) ) ;
#1735 = MECHANICAL_DESIGN_GEOMETRIC_PRESENTATION_REPRESENTATION (  '', ( #6364 ), #8422 ) ;
#1736 =( GEOMETRIC_REPRESENTATION_CONTEXT ( 3 ) GLOBAL_UNCERTAINTY_ASSIGNED_CONTEXT ( ( #1358 ) ) GLOBAL_UNIT_ASSIGNED_CONTEXT ( ( #2304, #6312, #7535 ) ) REPRESENTATION_CONTEXT ( 'NONE', 'WORKASPACE' ) );
#1737 = PRESENTATION_STYLE_ASSIGNMENT (( #4957 ) ) ;
#1738 = DIRECTION ( 'NONE',  ( 0.0000000000000000000, 3.491481338843133355E-15, -1.000000000000000000 ) ) ;
#1739 = DIRECTION ( 'NONE',  ( -0.0000000000000000000, 3.491481338843133355E-15, -1.000000000000000000 ) ) ;
#1740 = ORIENTED_EDGE ( 'NONE', *, *, #6737, .F. ) ;
#1741 = CARTESIAN_POINT ( 'NONE',  ( 0.6820379732661328021, 2.408267093156977179, 3.551000000000008594 ) ) ;
#1742 = DIRECTION ( 'NONE',  ( -1.000000000000000000, 0.0000000000000000000, 0.0000000000000000000 ) ) ;
#1743 = EDGE_CURVE ( 'NONE', #7540, #8202, #4619, .T. ) ;
#1744 = EDGE_LOOP ( 'NONE', ( #6967, #3539, #642, #5994 ) ) ;
#1745 = CARTESIAN_POINT ( 'NONE',  ( 1.020000000000000462, 3.299999999999992273, 5.800000000000012257 ) ) ;
#1746 = SURFACE_SIDE_STYLE ('',( #6969 ) ) ;
#1747 = DIRECTION ( 'NONE',  ( 0.0000000000000000000, 0.3420201433256692680, -0.9396926207859083169 ) ) ;
#1748 = PLANE ( 'NONE',  #6537 ) ;
#1749 = PLANE ( 'NONE',  #3567 ) ;
#1750 = CARTESIAN_POINT ( 'NONE',  ( 0.7172983205343077540, 1.751144178569174592, 3.551000000000008594 ) ) ;
#1751 = VECTOR ( 'NONE', #7462, 1000.000000000000000 ) ;
#1752 = EDGE_CURVE ( 'NONE', #4824, #1108, #706, .T. ) ;
#1753 = LINE ( 'NONE', #5485, #2784 ) ;
#1754 = COLOUR_RGB ( '',0.2509803921568627416, 0.2509803921568627416, 0.2509803921568627416 ) ;
#1755 = ORIENTED_EDGE ( 'NONE', *, *, #5463, .T. ) ;
#1756 = VECTOR ( 'NONE', #459, 1000.000000000000000 ) ;
#1757 = VECTOR ( 'NONE', #3587, 1000.000000000000114 ) ;
#1758 = CARTESIAN_POINT ( 'NONE',  ( -3.810000000000000941, 3.099999999999992539, 5.550000000000011369 ) ) ;
#1759 = EDGE_LOOP ( 'NONE', ( #3841, #7829, #1085, #2403 ) ) ;
#1760 = CARTESIAN_POINT ( 'NONE',  ( 0.7466357773737909431, 1.785578649881135238, 3.551000000000008150 ) ) ;
#1761 = ORIENTED_EDGE ( 'NONE', *, *, #7070, .F. ) ;
#1762 = PRESENTATION_LAYER_ASSIGNMENT (  '', '', ( #4049 ) ) ;
#1763 = VECTOR ( 'NONE', #3492, 1000.000000000000114 ) ;
#1764 = EDGE_CURVE ( 'NONE', #261, #666, #1425, .T. ) ;
#1765 = CARTESIAN_POINT ( 'NONE',  ( 0.5248231583750186946, 2.380197067324262505, 3.550000000000010481 ) ) ;
#1766 = SURFACE_STYLE_FILL_AREA ( #6243 ) ;
#1767 = LINE ( 'NONE', #1284, #4888 ) ;
#1768 = VECTOR ( 'NONE', #8328, 1000.000000000000000 ) ;
#1769 =( LENGTH_UNIT ( ) NAMED_UNIT ( * ) SI_UNIT ( .MILLI., .METRE. ) );
#1770 = FILL_AREA_STYLE_COLOUR ( '', #3810 ) ;
#1771 = EDGE_LOOP ( 'NONE', ( #4264, #3202, #5071, #5397 ) ) ;
#1772 = EDGE_CURVE ( 'NONE', #4789, #2392, #76, .T. ) ;
#1773 = UNCERTAINTY_MEASURE_WITH_UNIT (LENGTH_MEASURE( 1.000000000000000082E-05 ), #2472, 'distance_accuracy_value', 'NONE');
#1774 = VECTOR ( 'NONE', #287, 1000.000000000000114 ) ;
#1775 = DIRECTION ( 'NONE',  ( 0.3236155771181811747, -0.8891264907159914799, 0.3236155771181792873 ) ) ;
#1776 = DIRECTION ( 'NONE',  ( 1.000000000000000000, 0.0000000000000000000, 0.0000000000000000000 ) ) ;
#1777 = ORIENTED_EDGE ( 'NONE', *, *, #4842, .T. ) ;
#1778 = CARTESIAN_POINT ( 'NONE',  ( 0.0000000000000000000, 0.7999999999999967137, 4.480000000000003091 ) ) ;
#1779 = DIRECTION ( 'NONE',  ( 0.9406672605435404400, -0.3393303772748776370, 0.0000000000000000000 ) ) ;
#1780 = CARTESIAN_POINT ( 'NONE',  ( 0.6486573455358947138, 2.417867600495954505, 3.550000000000008704 ) ) ;
#1781 = CARTESIAN_POINT ( 'NONE',  ( 2.678014882866899260, -5.200000000000004619, 4.938014882866880839 ) ) ;
#1782 = SURFACE_STYLE_FILL_AREA ( #7609 ) ;
#1783 = ADVANCED_FACE ( 'NONE', ( #1379 ), #211, .T. ) ;
#1784 = LINE ( 'NONE', #431, #471 ) ;
#1785 = CARTESIAN_POINT ( 'NONE',  ( 0.7230776564973139253, 2.239343064892309165, 3.550000000000008704 ) ) ;
#1786 = CYLINDRICAL_SURFACE ( 'NONE', #74, 0.6799999999999991607 ) ;
#1787 = CARTESIAN_POINT ( 'NONE',  ( 2.678014882866899260, 5.200000000000009948, 0.5500000000000192513 ) ) ;
#1788 = COLOUR_RGB ( '',0.7529411764705882248, 0.7529411764705882248, 0.7529411764705882248 ) ;
#1789 = ADVANCED_FACE ( 'NONE', ( #886 ), #1748, .F. ) ;
#1790 = CARTESIAN_POINT ( 'NONE',  ( 2.220000000000000195, 5.199999999999997513, 3.800000000000018474 ) ) ;
#1791 = CARTESIAN_POINT ( 'NONE',  ( 0.7281998855233435819, 1.761616864214940792, 3.551000000000005929 ) ) ;
#1792 = DIRECTION ( 'NONE',  ( 0.0000000000000000000, 3.491481338843133355E-15, -1.000000000000000000 ) ) ;
#1793 = DIRECTION ( 'NONE',  ( 0.0000000000000000000, -5.388156251140086490E-15, 1.000000000000000000 ) ) ;
#1794 = ORIENTED_EDGE ( 'NONE', *, *, #5108, .T. ) ;
#1795 = SURFACE_STYLE_FILL_AREA ( #1117 ) ;
#1796 = PRESENTATION_STYLE_ASSIGNMENT (( #443 ) ) ;
#1797 = EDGE_CURVE ( 'NONE', #6838, #6896, #562, .T. ) ;
#1798 = FILL_AREA_STYLE_COLOUR ( '', #6021 ) ;
#1799 = PRESENTATION_STYLE_ASSIGNMENT (( #3073 ) ) ;
#1800 = ORIENTED_EDGE ( 'NONE', *, *, #7675, .T. ) ;
#1801 = CARTESIAN_POINT ( 'NONE',  ( 0.7538460923732178687, 1.798870163349097551, 3.551000000000007262 ) ) ;
#1802 = CARTESIAN_POINT ( 'NONE',  ( 0.4664675309246843482, 2.312602042100615929, 3.551000000000009926 ) ) ;
#1803 = CARTESIAN_POINT ( 'NONE',  ( 0.7700000000000001288, 1.424390243902439179, 3.551000000000005929 ) ) ;
#1804 = ORIENTED_EDGE ( 'NONE', *, *, #6449, .F. ) ;
#1805 = LINE ( 'NONE', #2569, #2646 ) ;
#1806 = ORIENTED_EDGE ( 'NONE', *, *, #687, .T. ) ;
#1807 = MECHANICAL_DESIGN_GEOMETRIC_PRESENTATION_REPRESENTATION (  '', ( #1518 ), #3691 ) ;
#1808 = FILL_AREA_STYLE ('',( #5039 ) ) ;
#1809 =( NAMED_UNIT ( * ) PLANE_ANGLE_UNIT ( ) SI_UNIT ( $, .RADIAN. ) );
#1810 = SURFACE_SIDE_STYLE ('',( #6328 ) ) ;
#1811 = MECHANICAL_DESIGN_GEOMETRIC_PRESENTATION_REPRESENTATION (  '', ( #1260 ), #1383 ) ;
#1812 = SURFACE_STYLE_FILL_AREA ( #5043 ) ;
#1813 = SURFACE_SIDE_STYLE ('',( #56 ) ) ;
#1814 = STYLED_ITEM ( 'NONE', ( #5345 ), #6977 ) ;
#1815 = ORIENTED_EDGE ( 'NONE', *, *, #8246, .F. ) ;
#1816 = PRESENTATION_STYLE_ASSIGNMENT (( #3046 ) ) ;
#1817 = PRESENTATION_LAYER_ASSIGNMENT (  '', '', ( #8378 ) ) ;
#1818 = ORIENTED_EDGE ( 'NONE', *, *, #7923, .T. ) ;
#1819 = CARTESIAN_POINT ( 'NONE',  ( 0.5138455336438093601, 2.244553482703789182, 3.551000000000008594 ) ) ;
#1820 =( NAMED_UNIT ( * ) PLANE_ANGLE_UNIT ( ) SI_UNIT ( $, .RADIAN. ) );
#1821 = LINE ( 'NONE', #3722, #3286 ) ;
#1822 = VECTOR ( 'NONE', #4283, 1000.000000000000000 ) ;
#1823 = ORIENTED_EDGE ( 'NONE', *, *, #8210, .F. ) ;
#1824 = SURFACE_STYLE_USAGE ( .BOTH. , #1258 ) ;
#1825 = EDGE_CURVE ( 'NONE', #5375, #1535, #6398, .T. ) ;
#1826 = CARTESIAN_POINT ( 'NONE',  ( 0.7710000147646413060, 2.284431041985109268, 3.551000000000009038 ) ) ;
#1827 = PRESENTATION_LAYER_ASSIGNMENT (  '', '', ( #6880 ) ) ;
#1828 = PLANE ( 'NONE',  #4998 ) ;
#1829 =( NAMED_UNIT ( * ) PLANE_ANGLE_UNIT ( ) SI_UNIT ( $, .RADIAN. ) );
#1830 = DIRECTION ( 'NONE',  ( -1.000000000000000000, -0.0000000000000000000, 0.0000000000000000000 ) ) ;
#1831 = ORIENTED_EDGE ( 'NONE', *, *, #6087, .T. ) ;
#1832 = FILL_AREA_STYLE_COLOUR ( '', #6447 ) ;
#1833 = EDGE_CURVE ( 'NONE', #7058, #6629, #4440, .T. ) ;
#1834 =( GEOMETRIC_REPRESENTATION_CONTEXT ( 3 ) GLOBAL_UNCERTAINTY_ASSIGNED_CONTEXT ( ( #4314 ) ) GLOBAL_UNIT_ASSIGNED_CONTEXT ( ( #4361, #8306, #2309 ) ) REPRESENTATION_CONTEXT ( 'NONE', 'WORKASPACE' ) );
#1835 = B_SPLINE_CURVE_WITH_KNOTS ( 'NONE', 3,
 ( #2588, #7120, #1948, #590, #3249, #5817, #1296, #733, #8403, #5859, #7886, #699, #5201, #2538, #6549, #5935, #7793, #5772, #7842 ),
 .UNSPECIFIED., .F., .F.,
 ( 4, 1, 1, 1, 1, 1, 1, 1, 1, 1, 1, 1, 1, 1, 1, 1, 4 ),
 ( 0.0000000000000000000, 0.06807022544602438219, 0.1334304311243610652, 0.1961504414953039455, 0.2571279473187741971, 0.3168673125347747366, 0.3761731906999614683, 0.4359476605849032516, 0.4965239232888284948, 0.5574553990935474657, 0.6176782722867171227, 0.6779364036295147944, 0.7387994153869107405, 0.8009448638132559140, 0.8648116296622979648, 0.9310232311067554445, 1.000000000000000000 ),
 .UNSPECIFIED. ) ;
#1836 = DIRECTION ( 'NONE',  ( -0.9407669869669988971, 0.3390537954853692915, 3.255999692765956281E-15 ) ) ;
#1837 = EDGE_CURVE ( 'NONE', #3051, #4492, #6561, .T. ) ;
#1838 = CARTESIAN_POINT ( 'NONE',  ( 0.7710238077744402396, 2.284575120037796836, 3.550000000000007816 ) ) ;
#1839 = ORIENTED_EDGE ( 'NONE', *, *, #2187, .F. ) ;
#1840 = VECTOR ( 'NONE', #5056, 1000.000000000000227 ) ;
#1841 = STYLED_ITEM ( 'NONE', ( #4508 ), #2383 ) ;
#1842 =( LENGTH_UNIT ( ) NAMED_UNIT ( * ) SI_UNIT ( .MILLI., .METRE. ) );
#1843 = EDGE_LOOP ( 'NONE', ( #8438, #577, #139, #8086 ) ) ;
#1844 = PLANE ( 'NONE',  #1972 ) ;
#1845 = DIRECTION ( 'NONE',  ( 0.0000000000000000000, -3.891802140991627604E-15, 1.000000000000000000 ) ) ;
#1846 = FILL_AREA_STYLE_COLOUR ( '', #993 ) ;
#1847 = FACE_OUTER_BOUND ( 'NONE', #2604, .T. ) ;
#1848 = MECHANICAL_DESIGN_GEOMETRIC_PRESENTATION_REPRESENTATION (  '', ( #7358 ), #7983 ) ;
#1849 = MECHANICAL_DESIGN_GEOMETRIC_PRESENTATION_REPRESENTATION (  '', ( #746 ), #2128 ) ;
#1850 = ORIENTED_EDGE ( 'NONE', *, *, #7932, .F. ) ;
#1851 = CARTESIAN_POINT ( 'NONE',  ( 0.4700000000000001954, 2.024390243902438602, 3.551000000000008150 ) ) ;
#1852 = EDGE_LOOP ( 'NONE', ( #5318, #5324, #4188, #3705 ) ) ;
#1853 = CARTESIAN_POINT ( 'NONE',  ( 0.4703637171774835979, 1.857557583241226107, 3.551000000000007262 ) ) ;
#1854 = DIRECTION ( 'NONE',  ( 0.0000000000000000000, -3.491481338843133355E-15, 1.000000000000000000 ) ) ;
#1855 = SURFACE_STYLE_USAGE ( .BOTH. , #4367 ) ;
#1856 = CARTESIAN_POINT ( 'NONE',  ( 2.860000000000000320, 5.200000000000008171, 1.050000000000023581 ) ) ;
#1857 = B_SPLINE_CURVE_WITH_KNOTS ( 'NONE', 3,
 ( #3251, #6473, #2590, #3840, #3175, #631, #4518, #2629, #7166, #1217, #3764 ),
 .UNSPECIFIED., .F., .F.,
 ( 4, 1, 1, 1, 1, 1, 1, 1, 4 ),
 ( 0.0000000000000000000, 0.1352946047634291382, 0.2667656579247463244, 0.3948160188358715295, 0.5200516544342442815, 0.6421757029708204945, 0.7626518205584249532, 0.8818340043804996364, 1.000000000000000000 ),
 .UNSPECIFIED. ) ;
#1858 = CARTESIAN_POINT ( 'NONE',  ( 0.5029268292682927965, 1.918292682926829418, 3.551000000000007706 ) ) ;
#1859 = SURFACE_SIDE_STYLE ('',( #5198 ) ) ;
#1860 = MECHANICAL_DESIGN_GEOMETRIC_PRESENTATION_REPRESENTATION (  '', ( #7996 ), #2810 ) ;
#1861 = EDGE_CURVE ( 'NONE', #789, #4335, #1997, .T. ) ;
#1862 = ORIENTED_EDGE ( 'NONE', *, *, #540, .F. ) ;
#1863 = DIRECTION ( 'NONE',  ( -1.000000000000000000, -0.0000000000000000000, 0.0000000000000000000 ) ) ;
#1864 = VERTEX_POINT ( 'NONE', #4620 ) ;
#1865 =( NAMED_UNIT ( * ) PLANE_ANGLE_UNIT ( ) SI_UNIT ( $, .RADIAN. ) );
#1866 = STYLED_ITEM ( 'NONE', ( #657 ), #4037 ) ;
#1867 =( NAMED_UNIT ( * ) SI_UNIT ( $, .STERADIAN. ) SOLID_ANGLE_UNIT ( ) );
#1868 = CARTESIAN_POINT ( 'NONE',  ( 0.5180144026626543052, 2.371415719007143874, 3.551000000000009038 ) ) ;
#1869 = STYLED_ITEM ( 'NONE', ( #3904 ), #6489 ) ;
#1870 = CARTESIAN_POINT ( 'NONE',  ( -0.3200000000000000067, 0.7999999999999940492, 5.120000000000002771 ) ) ;
#1871 = PLANE ( 'NONE',  #7046 ) ;
#1872 = CARTESIAN_POINT ( 'NONE',  ( 0.5127672432389367430, 1.563882989720425831, 3.550000000000007372 ) ) ;
#1873 = COLOUR_RGB ( '',0.2509803921568627416, 0.2509803921568627416, 0.2509803921568627416 ) ;
#1874 = VECTOR ( 'NONE', #837, 1000.000000000000000 ) ;
#1875 = EDGE_CURVE ( 'NONE', #3978, #6695, #707, .T. ) ;
#1876 = LINE ( 'NONE', #6351, #2549 ) ;
#1877 = LINE ( 'NONE', #4484, #6803 ) ;
#1878 = CARTESIAN_POINT ( 'NONE',  ( -1.270000000000000018, 0.7999999999999979350, 4.050000000000003375 ) ) ;
#1879 = DIRECTION ( 'NONE',  ( 1.000000000000000000, 0.0000000000000000000, -0.0000000000000000000 ) ) ;
#1880 =( NAMED_UNIT ( * ) PLANE_ANGLE_UNIT ( ) SI_UNIT ( $, .RADIAN. ) );
#1881 = LINE ( 'NONE', #5577, #8318 ) ;
#1882 = SURFACE_STYLE_FILL_AREA ( #3741 ) ;
#1883 = EDGE_CURVE ( 'NONE', #1501, #7254, #2641, .T. ) ;
#1884 = ORIENTED_EDGE ( 'NONE', *, *, #393, .T. ) ;
#1885 = DIRECTION ( 'NONE',  ( 0.0000000000000000000, -1.000000000000000000, -5.644735120241999240E-15 ) ) ;
#1886 = VECTOR ( 'NONE', #5603, 1000.000000000000000 ) ;
#1887 = SURFACE_STYLE_FILL_AREA ( #5073 ) ;
#1888 = CARTESIAN_POINT ( 'NONE',  ( 0.3200000000000000067, -4.699999999999995737, 3.799999999999983391 ) ) ;
#1889 = VERTEX_POINT ( 'NONE', #4573 ) ;
#1890 = SURFACE_STYLE_USAGE ( .BOTH. , #6500 ) ;
#1891 = UNCERTAINTY_MEASURE_WITH_UNIT (LENGTH_MEASURE( 1.000000000000000082E-05 ), #3413, 'distance_accuracy_value', 'NONE');
#1892 = EDGE_CURVE ( 'NONE', #1889, #7676, #8466, .T. ) ;
#1893 = PRESENTATION_LAYER_ASSIGNMENT (  '', '', ( #3777 ) ) ;
#1894 = MECHANICAL_DESIGN_GEOMETRIC_PRESENTATION_REPRESENTATION (  '', ( #5419 ), #8455 ) ;
#1895 = FILL_AREA_STYLE_COLOUR ( '', #6811 ) ;
#1896 = CARTESIAN_POINT ( 'NONE',  ( 0.7700000000000000178, 2.639024390243903451, 3.550000000000010036 ) ) ;
#1897 = PRESENTATION_LAYER_ASSIGNMENT (  '', '', ( #2716 ) ) ;
#1898 = SURFACE_STYLE_FILL_AREA ( #7156 ) ;
#1899 = SURFACE_SIDE_STYLE ('',( #1812 ) ) ;
#1900 = EDGE_CURVE ( 'NONE', #922, #7622, #7425, .T. ) ;
#1901 =( NAMED_UNIT ( * ) PLANE_ANGLE_UNIT ( ) SI_UNIT ( $, .RADIAN. ) );
#1902 = VECTOR ( 'NONE', #6188, 1000.000000000000000 ) ;
#1903 = COLOUR_RGB ( '',0.7529411764705882248, 0.7529411764705882248, 0.7529411764705882248 ) ;
#1904 =( NAMED_UNIT ( * ) PLANE_ANGLE_UNIT ( ) SI_UNIT ( $, .RADIAN. ) );
#1905 = MECHANICAL_DESIGN_GEOMETRIC_PRESENTATION_REPRESENTATION (  '', ( #6402 ), #417 ) ;
#1906 = SURFACE_SIDE_STYLE ('',( #1216 ) ) ;
#1907 = CARTESIAN_POINT ( 'NONE',  ( 0.3200000000000000067, 5.199999999999997513, 3.800000000000018474 ) ) ;
#1908 = STYLED_ITEM ( 'NONE', ( #5004 ), #7779 ) ;
#1909 = ORIENTED_EDGE ( 'NONE', *, *, #5515, .T. ) ;
#1910 = PLANE ( 'NONE',  #7663 ) ;
#1911 = CARTESIAN_POINT ( 'NONE',  ( 0.5721720569815927915, 2.411913239750977933, 3.551000000000010370 ) ) ;
#1912 = FACE_OUTER_BOUND ( 'NONE', #5932, .T. ) ;
#1913 = DIRECTION ( 'NONE',  ( 0.0000000000000000000, 3.491481338843133355E-15, -1.000000000000000000 ) ) ;
#1914 = VECTOR ( 'NONE', #3415, 1000.000000000000227 ) ;
#1915 = CARTESIAN_POINT ( 'NONE',  ( -3.810000000000000053, 0.7999999999999979350, 4.050000000000003375 ) ) ;
#1916 = SURFACE_SIDE_STYLE ('',( #6113 ) ) ;
#1917 = ORIENTED_EDGE ( 'NONE', *, *, #2131, .F. ) ;
#1918 = CARTESIAN_POINT ( 'NONE',  ( 0.7215243902439024692, 2.236585365853658303, 3.550000000000008704 ) ) ;
#1919 = PRESENTATION_STYLE_ASSIGNMENT (( #2552 ) ) ;
#1920 =( NAMED_UNIT ( * ) SI_UNIT ( $, .STERADIAN. ) SOLID_ANGLE_UNIT ( ) );
#1921 = SURFACE_STYLE_FILL_AREA ( #5786 ) ;
#1922 = VERTEX_POINT ( 'NONE', #5390 ) ;
#1923 = CARTESIAN_POINT ( 'NONE',  ( 3.310000000000000497, 0.7999999999999910516, 6.050000000000003375 ) ) ;
#1924 = EDGE_LOOP ( 'NONE', ( #6486, #3863, #3830, #1850, #8431, #7055, #910, #245 ) ) ;
#1925 = FACE_OUTER_BOUND ( 'NONE', #802, .T. ) ;
#1926 = ORIENTED_EDGE ( 'NONE', *, *, #2355, .F. ) ;
#1927 = PLANE ( 'NONE',  #43 ) ;
#1928 = CARTESIAN_POINT ( 'NONE',  ( -2.860000000000000320, 4.741985117133110883, 0.5500000000000174749 ) ) ;
#1929 = CARTESIAN_POINT ( 'NONE',  ( 2.860000000000000320, 5.199999999999997513, 3.800000000000018474 ) ) ;
#1930 = CARTESIAN_POINT ( 'NONE',  ( 1.270000000000000684, 3.099999999999992539, 5.550000000000011369 ) ) ;
#1931 = DIRECTION ( 'NONE',  ( 0.0000000000000000000, 1.000000000000000000, 3.491481338843133750E-15 ) ) ;
#1932 = CARTESIAN_POINT ( 'NONE',  ( 2.860000000000000320, 5.200000000000008171, 1.050000000000023581 ) ) ;
#1933 = EDGE_CURVE ( 'NONE', #2591, #685, #1512, .T. ) ;
#1934 = FILL_AREA_STYLE ('',( #95 ) ) ;
#1935 = FILL_AREA_STYLE_COLOUR ( '', #2101 ) ;
#1936 = CARTESIAN_POINT ( 'NONE',  ( 0.6084003709846657060, 2.459367883913083030, 3.551000000000009926 ) ) ;
#1937 = CARTESIAN_POINT ( 'NONE',  ( 0.5413694006842141304, 2.395680987206896262, 3.551000000000009038 ) ) ;
#1938 = DIRECTION ( 'NONE',  ( 0.3236155771181820628, -0.3236155771181854490, 0.8891264907159890374 ) ) ;
#1939 =( NAMED_UNIT ( * ) PLANE_ANGLE_UNIT ( ) SI_UNIT ( $, .RADIAN. ) );
#1940 = LINE ( 'NONE', #4989, #214 ) ;
#1941 = SURFACE_SIDE_STYLE ('',( #4419 ) ) ;
#1942 = CARTESIAN_POINT ( 'NONE',  ( 2.148785611607596735, 4.488785611607603698, 1.245659924048421630 ) ) ;
#1943 = CARTESIAN_POINT ( 'NONE',  ( -2.401985117133101255, 5.200000000000009948, 0.5500000000000192513 ) ) ;
#1944 = CARTESIAN_POINT ( 'NONE',  ( 0.6529268292682929298, 1.612461890243902518, 3.551000000000006818 ) ) ;
#1945 = B_SPLINE_CURVE_WITH_KNOTS ( 'NONE', 3,
 ( #6842, #395, #2942, #4802, #2861, #1670, #3660, #6272, #8073, #7440, #1572, #4148, #6786, #939, #3532, #566, #6490, #6404, #7097 ),
 .UNSPECIFIED., .F., .F.,
 ( 4, 1, 1, 1, 1, 1, 1, 1, 1, 1, 1, 1, 1, 1, 1, 1, 4 ),
 ( 0.0000000000000000000, 0.07082199823409628114, 0.1381601096583844612, 0.2024622547020686336, 0.2639567057174988518, 0.3236342499071822032, 0.3817869263266496782, 0.4393756585350246380, 0.4971066655477049401, 0.5548623802280194806, 0.6127668894862257076, 0.6715600499945684199, 0.7316730530556698753, 0.7943110968516788883, 0.8594912802951154562, 0.9276859961409870126, 1.000000000000000000 ),
 .UNSPECIFIED. ) ;
#1946 = ORIENTED_EDGE ( 'NONE', *, *, #4304, .T. ) ;
#1947 = UNCERTAINTY_MEASURE_WITH_UNIT (LENGTH_MEASURE( 1.000000000000000082E-05 ), #5237, 'distance_accuracy_value', 'NONE');
#1948 = CARTESIAN_POINT ( 'NONE',  ( 0.6330010317927220465, 1.717430021897416559, 3.550000000000006928 ) ) ;
#1949 = ADVANCED_FACE ( 'NONE', ( #3383 ), #5432, .T. ) ;
#1950 = EDGE_LOOP ( 'NONE', ( #7094, #4830, #6167, #7774 ) ) ;
#1951 = SURFACE_SIDE_STYLE ('',( #4520 ) ) ;
#1952 =( GEOMETRIC_REPRESENTATION_CONTEXT ( 3 ) GLOBAL_UNCERTAINTY_ASSIGNED_CONTEXT ( ( #7853 ) ) GLOBAL_UNIT_ASSIGNED_CONTEXT ( ( #2803, #7224, #7299 ) ) REPRESENTATION_CONTEXT ( 'NONE', 'WORKASPACE' ) );
#1953 = PRESENTATION_STYLE_ASSIGNMENT (( #1824 ) ) ;
#1954 = PRESENTATION_STYLE_ASSIGNMENT (( #6436 ) ) ;
#1955 =( LENGTH_UNIT ( ) NAMED_UNIT ( * ) SI_UNIT ( .MILLI., .METRE. ) );
#1956 = VECTOR ( 'NONE', #4277, 1000.000000000000114 ) ;
#1957 = CARTESIAN_POINT ( 'NONE',  ( 0.6361540421590479166, 2.419266076482944783, 3.550000000000009148 ) ) ;
#1958 = PRESENTATION_LAYER_ASSIGNMENT (  '', '', ( #6308 ) ) ;
#1959 = VERTEX_POINT ( 'NONE', #5119 ) ;
#1960 = ORIENTED_EDGE ( 'NONE', *, *, #477, .F. ) ;
#1961 = CARTESIAN_POINT ( 'NONE',  ( -3.810000000000000053, 0.7999999999999979350, 4.050000000000003375 ) ) ;
#1962 = VECTOR ( 'NONE', #935, 1000.000000000000227 ) ;
#1963 = DIRECTION ( 'NONE',  ( 0.3236155771181811747, 0.8891264907159914799, -0.3236155771181792873 ) ) ;
#1964 = UNCERTAINTY_MEASURE_WITH_UNIT (LENGTH_MEASURE( 1.000000000000000082E-05 ), #6303, 'distance_accuracy_value', 'NONE');
#1965 = ORIENTED_EDGE ( 'NONE', *, *, #7316, .F. ) ;
#1966 = CARTESIAN_POINT ( 'NONE',  ( 0.4700000000000001954, 2.178048780487804148, 3.551000000000009038 ) ) ;
#1967 = CARTESIAN_POINT ( 'NONE',  ( -2.220000000000000195, 5.199999999999997513, 3.800000000000018474 ) ) ;
#1968 = DIRECTION ( 'NONE',  ( 0.0000000000000000000, -3.491481338843133355E-15, 1.000000000000000000 ) ) ;
#1969 = CARTESIAN_POINT ( 'NONE',  ( -2.220000000000000195, -5.200000000000006395, 5.119999999999982343 ) ) ;
#1970 =( GEOMETRIC_REPRESENTATION_CONTEXT ( 3 ) GLOBAL_UNCERTAINTY_ASSIGNED_CONTEXT ( ( #4590 ) ) GLOBAL_UNIT_ASSIGNED_CONTEXT ( ( #5448, #7441, #2943 ) ) REPRESENTATION_CONTEXT ( 'NONE', 'WORKASPACE' ) );
#1971 = UNCERTAINTY_MEASURE_WITH_UNIT (LENGTH_MEASURE( 1.000000000000000082E-05 ), #2930, 'distance_accuracy_value', 'NONE');
#1972 = AXIS2_PLACEMENT_3D ( 'NONE', #6859, #284, #2239 ) ;
#1973 = CARTESIAN_POINT ( 'NONE',  ( 0.7700000024878281835, 2.278962428956881503, 3.550000000000008704 ) ) ;
#1974 = DIRECTION ( 'NONE',  ( 0.0000000000000000000, 1.000000000000000000, 1.642730564371977449E-15 ) ) ;
#1975 = CARTESIAN_POINT ( 'NONE',  ( 2.678014882866899260, -5.200000000000004619, 4.661985117133083278 ) ) ;
#1976 = EDGE_CURVE ( 'NONE', #4307, #5394, #2439, .T. ) ;
#1977 = SURFACE_STYLE_FILL_AREA ( #5886 ) ;
#1978 = FACE_OUTER_BOUND ( 'NONE', #2626, .T. ) ;
#1979 = MECHANICAL_DESIGN_GEOMETRIC_PRESENTATION_REPRESENTATION (  '', ( #3455 ), #4124 ) ;
#1980 =( GEOMETRIC_REPRESENTATION_CONTEXT ( 3 ) GLOBAL_UNCERTAINTY_ASSIGNED_CONTEXT ( ( #4838 ) ) GLOBAL_UNIT_ASSIGNED_CONTEXT ( ( #8159, #7017, #8348 ) ) REPRESENTATION_CONTEXT ( 'NONE', 'WORKASPACE' ) );
#1981 =( NAMED_UNIT ( * ) PLANE_ANGLE_UNIT ( ) SI_UNIT ( $, .RADIAN. ) );
#1982 = DIRECTION ( 'NONE',  ( 0.0000000000000000000, 1.000000000000000000, 3.891802140991627604E-15 ) ) ;
#1983 = LINE ( 'NONE', #4557, #1476 ) ;
#1984 = ORIENTED_EDGE ( 'NONE', *, *, #8447, .T. ) ;
#1985 = VECTOR ( 'NONE', #5907, 1000.000000000000000 ) ;
#1986 = CARTESIAN_POINT ( 'NONE',  ( 2.860000000000000320, 4.560000000000008491, 1.050000000000020473 ) ) ;
#1987 = EDGE_CURVE ( 'NONE', #7042, #4026, #5852, .T. ) ;
#1988 = CARTESIAN_POINT ( 'NONE',  ( -3.560000000000000497, 3.099999999999998312, 4.050000000000012257 ) ) ;
#1989 = EDGE_LOOP ( 'NONE', ( #1000, #7586, #8169, #2254 ) ) ;
#1990 = LINE ( 'NONE', #6435, #4125 ) ;
#1991 = STYLED_ITEM ( 'NONE', ( #163 ), #2615 ) ;
#1992 = STYLED_ITEM ( 'NONE', ( #6872 ), #6053 ) ;
#1993 = SURFACE_SIDE_STYLE ('',( #782 ) ) ;
#1994 = LINE ( 'NONE', #7222, #437 ) ;
#1995 = FILL_AREA_STYLE ('',( #5430 ) ) ;
#1996 = FILL_AREA_STYLE ('',( #826 ) ) ;
#1997 = LINE ( 'NONE', #2722, #2026 ) ;
#1998 = ORIENTED_EDGE ( 'NONE', *, *, #4825, .T. ) ;
#1999 = COLOUR_RGB ( '',0.2509803921568627416, 0.2509803921568627416, 0.2509803921568627416 ) ;
#2000 = CARTESIAN_POINT ( 'NONE',  ( 0.7369755389680172630, 1.871184723703091191, 3.551000000000008594 ) ) ;
#2001 = ADVANCED_FACE ( 'NONE', ( #4510 ), #3873, .F. ) ;
#2002 = SURFACE_STYLE_FILL_AREA ( #3264 ) ;
#2003 = STYLED_ITEM ( 'NONE', ( #3232 ), #6646 ) ;
#2004 = PRESENTATION_STYLE_ASSIGNMENT (( #168 ) ) ;
#2005 = ORIENTED_EDGE ( 'NONE', *, *, #985, .F. ) ;
#2006 = SURFACE_STYLE_USAGE ( .BOTH. , #4406 ) ;
#2007 = LINE ( 'NONE', #2609, #3912 ) ;
#2008 =( GEOMETRIC_REPRESENTATION_CONTEXT ( 3 ) GLOBAL_UNCERTAINTY_ASSIGNED_CONTEXT ( ( #2061 ) ) GLOBAL_UNIT_ASSIGNED_CONTEXT ( ( #1842, #2650, #7865 ) ) REPRESENTATION_CONTEXT ( 'NONE', 'WORKASPACE' ) );
#2009 = PLANE ( 'NONE',  #7684 ) ;
#2010 = ADVANCED_FACE ( 'NONE', ( #3316 ), #3446, .T. ) ;
#2011 =( NAMED_UNIT ( * ) PLANE_ANGLE_UNIT ( ) SI_UNIT ( $, .RADIAN. ) );
#2012 = DIRECTION ( 'NONE',  ( 1.000000000000000000, 0.0000000000000000000, 0.0000000000000000000 ) ) ;
#2013 =( LENGTH_UNIT ( ) NAMED_UNIT ( * ) SI_UNIT ( .MILLI., .METRE. ) );
#2014 = LINE ( 'NONE', #2855, #3189 ) ;
#2015 = ORIENTED_EDGE ( 'NONE', *, *, #3483, .T. ) ;
#2016 =( NAMED_UNIT ( * ) PLANE_ANGLE_UNIT ( ) SI_UNIT ( $, .RADIAN. ) );
#2017 = EDGE_LOOP ( 'NONE', ( #5003, #6588, #7691, #1370 ) ) ;
#2018 = VECTOR ( 'NONE', #6045, 1000.000000000000000 ) ;
#2019 = LINE ( 'NONE', #3948, #1210 ) ;
#2020 = FILL_AREA_STYLE_COLOUR ( '', #8123 ) ;
#2021 = CARTESIAN_POINT ( 'NONE',  ( -0.3200000000000000067, 4.560000000000008491, 1.050000000000020473 ) ) ;
#2022 = CARTESIAN_POINT ( 'NONE',  ( 0.4664152797647208581, 2.296886031982845022, 3.551000000000008594 ) ) ;
#2023 = ORIENTED_EDGE ( 'NONE', *, *, #2120, .F. ) ;
#2024 = COLOUR_RGB ( '',0.7529411764705882248, 0.7529411764705882248, 0.7529411764705882248 ) ;
#2025 = ORIENTED_EDGE ( 'NONE', *, *, #8150, .T. ) ;
#2026 = VECTOR ( 'NONE', #5313, 1000.000000000000000 ) ;
#2027 = ORIENTED_EDGE ( 'NONE', *, *, #4368, .F. ) ;
#2028 =( NAMED_UNIT ( * ) SI_UNIT ( $, .STERADIAN. ) SOLID_ANGLE_UNIT ( ) );
#2029 = DIRECTION ( 'NONE',  ( 0.0000000000000000000, 3.891802140991627604E-15, -1.000000000000000000 ) ) ;
#2030 = EDGE_LOOP ( 'NONE', ( #2705, #4154, #5261, #3395 ) ) ;
#2031 = LINE ( 'NONE', #3458, #2596 ) ;
#2032 = DIRECTION ( 'NONE',  ( 0.0000000000000000000, 1.000000000000000000, 3.491481338843133750E-15 ) ) ;
#2033 = DIRECTION ( 'NONE',  ( 0.0000000000000000000, -1.000000000000000000, -3.491481338843133355E-15 ) ) ;
#2034 = ORIENTED_EDGE ( 'NONE', *, *, #3896, .T. ) ;
#2035 =( GEOMETRIC_REPRESENTATION_CONTEXT ( 3 ) GLOBAL_UNCERTAINTY_ASSIGNED_CONTEXT ( ( #2568 ) ) GLOBAL_UNIT_ASSIGNED_CONTEXT ( ( #7747, #7064, #615 ) ) REPRESENTATION_CONTEXT ( 'NONE', 'WORKASPACE' ) );
#2036 = CARTESIAN_POINT ( 'NONE',  ( 0.7008276310125493014, 2.397256504005311317, 3.550000000000007372 ) ) ;
#2037 = ADVANCED_FACE ( 'NONE', ( #5926 ), #102, .T. ) ;
#2038 = CARTESIAN_POINT ( 'NONE',  ( 0.6346341463414636452, 2.031707317073169872, 3.550000000000007816 ) ) ;
#2039 = MECHANICAL_DESIGN_GEOMETRIC_PRESENTATION_REPRESENTATION (  '', ( #5698 ), #1628 ) ;
#2040 = STYLED_ITEM ( 'NONE', ( #2004 ), #7340 ) ;
#2041 = FILL_AREA_STYLE ('',( #4016 ) ) ;
#2042 =( GEOMETRIC_REPRESENTATION_CONTEXT ( 3 ) GLOBAL_UNCERTAINTY_ASSIGNED_CONTEXT ( ( #619 ) ) GLOBAL_UNIT_ASSIGNED_CONTEXT ( ( #6477, #1301, #7766 ) ) REPRESENTATION_CONTEXT ( 'NONE', 'WORKASPACE' ) );
#2043 =( NAMED_UNIT ( * ) PLANE_ANGLE_UNIT ( ) SI_UNIT ( $, .RADIAN. ) );
#2044 = CARTESIAN_POINT ( 'NONE',  ( 0.7700000000000001288, 2.639024390243903007, 3.551000000000010370 ) ) ;
#2045 = B_SPLINE_SURFACE_WITH_KNOTS ( 'NONE', 3, 1, ( 
 ( #3048, #2321 ),
 ( #6254, #505 ),
 ( #1819, #5641 ),
 ( #1175, #3719 ),
 ( #6205, #5684 ),
 ( #8320, #2451 ),
 ( #8279, #5050 ),
 ( #5726, #7039 ),
 ( #422, #6339 ),
 ( #380, #2969 ),
 ( #3761, #4426 ) ),
 .UNSPECIFIED., .F., .F., .F.,
 ( 4, 1, 1, 1, 1, 1, 1, 1, 4 ),
 ( 2, 2 ),
 ( 0.0000000000000000000, 0.1252796967356279434, 0.2494199707420534651, 0.3733567994928204126, 0.4966812787822857400, 0.6202029157439824525, 0.7450863201614601472, 0.8712691950191007173, 0.9999999999999998890 ),
 ( 0.0000000000000000000, 1.000000000000000000 ),
 .UNSPECIFIED. ) ;
#2046 = MECHANICAL_DESIGN_GEOMETRIC_PRESENTATION_REPRESENTATION (  '', ( #2859 ), #8047 ) ;
#2047 = CARTESIAN_POINT ( 'NONE',  ( 0.7710000147646413060, 2.284431041985109268, 3.551000000000009038 ) ) ;
#2048 = ADVANCED_FACE ( 'NONE', ( #5490 ), #4897, .T. ) ;
#2049 = ORIENTED_EDGE ( 'NONE', *, *, #6972, .T. ) ;
#2050 = ORIENTED_EDGE ( 'NONE', *, *, #3666, .T. ) ;
#2051 = CARTESIAN_POINT ( 'NONE',  ( 0.6989573493412838401, 2.445025348839795054, 3.550000000000008704 ) ) ;
#2052 = EDGE_CURVE ( 'NONE', #6993, #241, #528, .T. ) ;
#2053 = ORIENTED_EDGE ( 'NONE', *, *, #2749, .T. ) ;
#2054 = CARTESIAN_POINT ( 'NONE',  ( -3.560000000000000497, 3.099999999999991651, 5.800000000000011369 ) ) ;
#2055 = CARTESIAN_POINT ( 'NONE',  ( 0.4670273995444583770, 2.286896258492243206, 3.550000000000008260 ) ) ;
#2056 =( LENGTH_UNIT ( ) NAMED_UNIT ( * ) SI_UNIT ( .MILLI., .METRE. ) );
#2057 = DIRECTION ( 'NONE',  ( -0.9396926207859098712, 0.3420201433256647716, 1.194156947930012438E-15 ) ) ;
#2058 = SURFACE_STYLE_USAGE ( .BOTH. , #47 ) ;
#2059 = PLANE ( 'NONE',  #1030 ) ;
#2060 = CLOSED_SHELL ( 'NONE', ( #2372, #3122, #2893, #1632, #7950, #7852, #1305, #6335, #4053, #8315, #2966, #8302, #7848, #4512, #2814, #3067, #2512, #4624, #877, #1639, #256, #6583, #2037, #1551, #6692, #4145, #7244, #4206, #2527, #2387, #7779, #3099, #7061, #3865, #8145, #1789, #7561, #6559, #5422, #6646, #6154, #2156, #1159, #5997, #4131, #3219, #2978, #5454, #4037, #4229, #7276, #3322, #4397, #5736, #7412, #7635, #2515, #6931, #2048, #6370, #4682, #6422, #6284, #1949, #101, #5350, #2906, #843, #7235, #854, #2831, #4524, #6966, #3237, #4457, #2438, #1654, #5199, #3111, #648, #2615, #7794, #1012, #2092, #4570, #5101, #605, #7790, #4653, #7295, #5679, #389, #868, #3171, #5021, #2010, #5768, #2491, #1105, #2001, #2260, #4713, #1154, #316, #1204, #3988, #3831, #1235, #5896, #5064, #5717, #7596, #4672, #3613, #466, #2565, #7749, #4343, #7610, #4613, #712, #6802, #46, #7164, #2757, #3002, #1619, #6060, #690, #6053, #6919, #7644, #5828, #7654, #5038, #3651, #5072, #1722, #4077, #4951, #6977, #2775, #6041, #6013, #3355, #8043, #134, #6489, #2933, #7263, #7546, #4086, #3435, #6722, #5905, #3941, #2298, #2725, #2665, #4787, #1369, #4485, #242, #2383, #7992, #7386, #7332, #1592, #1783, #6632, #5245, #1568 ) ) ;
#2061 = UNCERTAINTY_MEASURE_WITH_UNIT (LENGTH_MEASURE( 1.000000000000000082E-05 ), #1842, 'distance_accuracy_value', 'NONE');
#2062 = CARTESIAN_POINT ( 'NONE',  ( 0.5509474138852877845, 2.402017836307531073, 3.551000000000009482 ) ) ;
#2063 = PRESENTATION_STYLE_ASSIGNMENT (( #3349 ) ) ;
#2064 = PLANE ( 'NONE',  #3201 ) ;
#2065 = VECTOR ( 'NONE', #1276, 1000.000000000000000 ) ;
#2066 = CARTESIAN_POINT ( 'NONE',  ( 0.4772623504278112883, 2.238973402906854648, 3.551000000000009482 ) ) ;
#2067 = ORIENTED_EDGE ( 'NONE', *, *, #1118, .F. ) ;
#2068 = ORIENTED_EDGE ( 'NONE', *, *, #4730, .F. ) ;
#2069 = CARTESIAN_POINT ( 'NONE',  ( 0.5673238370142983378, 1.765123344336013034, 3.550000000000006928 ) ) ;
#2070 = CARTESIAN_POINT ( 'NONE',  ( 2.860000000000000320, -5.200000000000002842, 4.479999999999982663 ) ) ;
#2071 = VERTEX_POINT ( 'NONE', #4496 ) ;
#2072 = FILL_AREA_STYLE ('',( #6680 ) ) ;
#2073 = CARTESIAN_POINT ( 'NONE',  ( 0.5608829702152327012, 2.449318252817548558, 3.551000000000010814 ) ) ;
#2074 = CARTESIAN_POINT ( 'NONE',  ( -2.220000000000000195, -4.699999999999995737, 3.799999999999983391 ) ) ;
#2075 = PRESENTATION_STYLE_ASSIGNMENT (( #5900 ) ) ;
#2076 = EDGE_LOOP ( 'NONE', ( #4693, #5943, #2643, #2744 ) ) ;
#2077 = CARTESIAN_POINT ( 'NONE',  ( 0.7165233344196609844, 2.382812869559784108, 3.550000000000007372 ) ) ;
#2078 = SURFACE_STYLE_USAGE ( .BOTH. , #1467 ) ;
#2079 = COLOUR_RGB ( '',0.7529411764705882248, 0.7529411764705882248, 0.7529411764705882248 ) ;
#2080 = PLANE ( 'NONE',  #5150 ) ;
#2081 = CARTESIAN_POINT ( 'NONE',  ( 0.7352702152831365190, 1.849516008320988725, 3.550000000000006928 ) ) ;
#2082 = DIRECTION ( 'NONE',  ( -0.0000000000000000000, 3.491481338843133355E-15, -1.000000000000000000 ) ) ;
#2083 = EDGE_CURVE ( 'NONE', #6203, #4902, #479, .T. ) ;
#2084 = CARTESIAN_POINT ( 'NONE',  ( 0.7629973064254100823, 2.254140144503266718, 3.551000000000010814 ) ) ;
#2085 = COLOUR_RGB ( '',0.7529411764705882248, 0.7529411764705882248, 0.7529411764705882248 ) ;
#2086 = ORIENTED_EDGE ( 'NONE', *, *, #6469, .F. ) ;
#2087 = FACE_OUTER_BOUND ( 'NONE', #4717, .T. ) ;
#2088 = CARTESIAN_POINT ( 'NONE',  ( 0.6858536585365855309, 1.498647103658536928, 3.551000000000006374 ) ) ;
#2089 = VERTEX_POINT ( 'NONE', #5707 ) ;
#2090 = CARTESIAN_POINT ( 'NONE',  ( 0.4700000000000001954, 2.178048780487804148, 3.550000000000008704 ) ) ;
#2091 = LINE ( 'NONE', #842, #6035 ) ;
#2092 = ADVANCED_FACE ( 'NONE', ( #8352 ), #1844, .F. ) ;
#2093 = COLOUR_RGB ( '',0.7529411764705882248, 0.7529411764705882248, 0.7529411764705882248 ) ;
#2094 = DIRECTION ( 'NONE',  ( 0.0000000000000000000, 1.000000000000000000, 3.491481338843133355E-15 ) ) ;
#2095 = LINE ( 'NONE', #7653, #5451 ) ;
#2096 =( NAMED_UNIT ( * ) SI_UNIT ( $, .STERADIAN. ) SOLID_ANGLE_UNIT ( ) );
#2097 = EDGE_CURVE ( 'NONE', #4004, #4765, #4909, .T. ) ;
#2098 = DIRECTION ( 'NONE',  ( -1.000000000000000000, 0.0000000000000000000, 0.0000000000000000000 ) ) ;
#2099 = CARTESIAN_POINT ( 'NONE',  ( 0.5839132541423337486, 2.415321089524289366, 3.551000000000009482 ) ) ;
#2100 = ORIENTED_EDGE ( 'NONE', *, *, #365, .T. ) ;
#2101 = COLOUR_RGB ( '',0.2509803921568627416, 0.2509803921568627416, 0.2509803921568627416 ) ;
#2102 = CARTESIAN_POINT ( 'NONE',  ( 0.4852335578258809012, 1.798398100330709903, 3.551000000000007262 ) ) ;
#2103 = FILL_AREA_STYLE_COLOUR ( '', #3866 ) ;
#2104 = ORIENTED_EDGE ( 'NONE', *, *, #7699, .T. ) ;
#2105 = SURFACE_STYLE_FILL_AREA ( #8121 ) ;
#2106 = SURFACE_STYLE_USAGE ( .BOTH. , #2702 ) ;
#2107 = AXIS2_PLACEMENT_3D ( 'NONE', #2148, #8044, #277 ) ;
#2108 = CARTESIAN_POINT ( 'NONE',  ( -2.220000000000000195, 5.199999999999997513, 3.800000000000018474 ) ) ;
#2109 = ORIENTED_EDGE ( 'NONE', *, *, #210, .F. ) ;
#2110 = EDGE_CURVE ( 'NONE', #2935, #7389, #2959, .T. ) ;
#2111 = SURFACE_STYLE_USAGE ( .BOTH. , #7455 ) ;
#2112 = EDGE_LOOP ( 'NONE', ( #7558, #1426, #6189, #5497 ) ) ;
#2113 = DIRECTION ( 'NONE',  ( -0.0000000000000000000, 1.000000000000000000, 3.491481338843133355E-15 ) ) ;
#2114 = FILL_AREA_STYLE_COLOUR ( '', #8397 ) ;
#2115 = COLOUR_RGB ( '',0.5019607843137254832, 0.2509803921568627416, 0.2509803921568627416 ) ;
#2116 = AXIS2_PLACEMENT_3D ( 'NONE', #740, #6027, #248 ) ;
#2117 = PRESENTATION_LAYER_ASSIGNMENT (  '', '', ( #5364 ) ) ;
#2118 = ORIENTED_EDGE ( 'NONE', *, *, #2245, .T. ) ;
#2119 = ORIENTED_EDGE ( 'NONE', *, *, #171, .F. ) ;
#2120 = EDGE_CURVE ( 'NONE', #1959, #3186, #1051, .T. ) ;
#2121 = VECTOR ( 'NONE', #5910, 1000.000000000000000 ) ;
#2122 = FACE_OUTER_BOUND ( 'NONE', #49, .T. ) ;
#2123 =( NAMED_UNIT ( * ) SI_UNIT ( $, .STERADIAN. ) SOLID_ANGLE_UNIT ( ) );
#2124 =( NAMED_UNIT ( * ) PLANE_ANGLE_UNIT ( ) SI_UNIT ( $, .RADIAN. ) );
#2125 = EDGE_LOOP ( 'NONE', ( #2528, #5379, #2157, #7567 ) ) ;
#2126 = DIRECTION ( 'NONE',  ( -1.000000000000000000, -0.0000000000000000000, -0.0000000000000000000 ) ) ;
#2127 = AXIS2_PLACEMENT_3D ( 'NONE', #8127, #1640, #4905 ) ;
#2128 =( GEOMETRIC_REPRESENTATION_CONTEXT ( 3 ) GLOBAL_UNCERTAINTY_ASSIGNED_CONTEXT ( ( #3479 ) ) GLOBAL_UNIT_ASSIGNED_CONTEXT ( ( #4644, #4552, #5240 ) ) REPRESENTATION_CONTEXT ( 'NONE', 'WORKASPACE' ) );
#2129 = LINE ( 'NONE', #5174, #6201 ) ;
#2130 = ORIENTED_EDGE ( 'NONE', *, *, #3877, .F. ) ;
#2131 = EDGE_CURVE ( 'NONE', #3003, #4026, #1940, .T. ) ;
#2132 = VERTEX_POINT ( 'NONE', #7708 ) ;
#2133 =( NAMED_UNIT ( * ) PLANE_ANGLE_UNIT ( ) SI_UNIT ( $, .RADIAN. ) );
#2134 = CARTESIAN_POINT ( 'NONE',  ( 0.7370731707317075276, 1.875705030487805347, 3.551000000000008150 ) ) ;
#2135 =( LENGTH_UNIT ( ) NAMED_UNIT ( * ) SI_UNIT ( .MILLI., .METRE. ) );
#2136 = PRESENTATION_LAYER_ASSIGNMENT (  '', '', ( #8285 ) ) ;
#2137 = CARTESIAN_POINT ( 'NONE',  ( -1.020000000000000462, 3.099999999999991651, 5.800000000000011369 ) ) ;
#2138 = DIRECTION ( 'NONE',  ( 0.0000000000000000000, 1.000000000000000000, 3.491481338843133355E-15 ) ) ;
#2139 = VECTOR ( 'NONE', #5924, 1000.000000000000000 ) ;
#2140 = CARTESIAN_POINT ( 'NONE',  ( -2.220000000000000195, -5.200000000000002842, 4.479999999999982663 ) ) ;
#2141 = CARTESIAN_POINT ( 'NONE',  ( -3.560000000000000497, 3.299999999999992273, 5.800000000000012257 ) ) ;
#2142 = EDGE_CURVE ( 'NONE', #3051, #4024, #2483, .T. ) ;
#2143 = UNCERTAINTY_MEASURE_WITH_UNIT (LENGTH_MEASURE( 1.000000000000000082E-05 ), #6106, 'distance_accuracy_value', 'NONE');
#2144 = CARTESIAN_POINT ( 'NONE',  ( 0.6417341190429372011, 2.459478461413805661, 3.551000000000009926 ) ) ;
#2145 = VECTOR ( 'NONE', #5226, 1000.000000000000000 ) ;
#2146 = FACE_OUTER_BOUND ( 'NONE', #8364, .T. ) ;
#2147 =( NAMED_UNIT ( * ) PLANE_ANGLE_UNIT ( ) SI_UNIT ( $, .RADIAN. ) );
#2148 = CARTESIAN_POINT ( 'NONE',  ( -0.7700000000000000178, 0.7999999999999997113, 3.550000000000003819 ) ) ;
#2149 = ORIENTED_EDGE ( 'NONE', *, *, #1491, .F. ) ;
#2150 = VERTEX_POINT ( 'NONE', #5716 ) ;
#2151 = ORIENTED_EDGE ( 'NONE', *, *, #1752, .F. ) ;
#2152 =( NAMED_UNIT ( * ) SI_UNIT ( $, .STERADIAN. ) SOLID_ANGLE_UNIT ( ) );
#2153 = DIRECTION ( 'NONE',  ( 0.9466707760722532505, 0.3222024856061132536, 0.0000000000000000000 ) ) ;
#2154 = FILL_AREA_STYLE_COLOUR ( '', #4817 ) ;
#2155 =( NAMED_UNIT ( * ) SI_UNIT ( $, .STERADIAN. ) SOLID_ANGLE_UNIT ( ) );
#2156 = ADVANCED_FACE ( 'NONE', ( #622 ), #3710, .F. ) ;
#2157 = ORIENTED_EDGE ( 'NONE', *, *, #6270, .F. ) ;
#2158 = CARTESIAN_POINT ( 'NONE',  ( 1.769999999999999796, 0.7999999999999910516, 6.050000000000003375 ) ) ;
#2159 = DIRECTION ( 'NONE',  ( -1.000000000000000000, 0.0000000000000000000, 0.0000000000000000000 ) ) ;
#2160 = LINE ( 'NONE', #6766, #2437 ) ;
#2161 = FILL_AREA_STYLE_COLOUR ( '', #187 ) ;
#2162 = SURFACE_SIDE_STYLE ('',( #6160 ) ) ;
#2163 = VERTEX_POINT ( 'NONE', #653 ) ;
#2164 = VECTOR ( 'NONE', #970, 1000.000000000000000 ) ;
#2165 = VECTOR ( 'NONE', #1274, 1000.000000000000000 ) ;
#2166 = EDGE_CURVE ( 'NONE', #4024, #1481, #4684, .T. ) ;
#2167 = ORIENTED_EDGE ( 'NONE', *, *, #8343, .T. ) ;
#2168 = CARTESIAN_POINT ( 'NONE',  ( 0.7294192456216378462, 1.826067830386382207, 3.550000000000007816 ) ) ;
#2169 = DIRECTION ( 'NONE',  ( 0.3236155771181811747, -0.8891264907159892594, -0.3236155771181855600 ) ) ;
#2170 = AXIS2_PLACEMENT_3D ( 'NONE', #2140, #5878, #7313 ) ;
#2171 =( LENGTH_UNIT ( ) NAMED_UNIT ( * ) SI_UNIT ( .MILLI., .METRE. ) );
#2172 = STYLED_ITEM ( 'NONE', ( #1363 ), #1619 ) ;
#2173 = VECTOR ( 'NONE', #1493, 1000.000000000000000 ) ;
#2174 = MECHANICAL_DESIGN_GEOMETRIC_PRESENTATION_REPRESENTATION (  '', ( #2040 ), #4872 ) ;
#2175 =( LENGTH_UNIT ( ) NAMED_UNIT ( * ) SI_UNIT ( .MILLI., .METRE. ) );
#2176 = CARTESIAN_POINT ( 'NONE',  ( -0.3200000000000000067, 3.099999999999995204, 4.800000000000011369 ) ) ;
#2177 = FILL_AREA_STYLE_COLOUR ( '', #6066 ) ;
#2178 = SURFACE_STYLE_USAGE ( .BOTH. , #694 ) ;
#2179 = ORIENTED_EDGE ( 'NONE', *, *, #4754, .F. ) ;
#2180 =( LENGTH_UNIT ( ) NAMED_UNIT ( * ) SI_UNIT ( .MILLI., .METRE. ) );
#2181 = VECTOR ( 'NONE', #4699, 1000.000000000000000 ) ;
#2182 = CARTESIAN_POINT ( 'NONE',  ( 0.4700000000000001954, 2.598780487804878359, 3.551000000000010370 ) ) ;
#2183 = CARTESIAN_POINT ( 'NONE',  ( 0.6675348770826408096, 1.764899272976817590, 3.550000000000008260 ) ) ;
#2184 = COLOUR_RGB ( '',0.7529411764705882248, 0.7529411764705882248, 0.7529411764705882248 ) ;
#2185 = CARTESIAN_POINT ( 'NONE',  ( 3.810000000000000941, 3.099999999999997868, 4.050000000000012257 ) ) ;
#2186 = PLANE ( 'NONE',  #1483 ) ;
#2187 = EDGE_CURVE ( 'NONE', #364, #384, #3994, .T. ) ;
#2188 = PRESENTATION_STYLE_ASSIGNMENT (( #1448 ) ) ;
#2189 = LINE ( 'NONE', #6799, #6052 ) ;
#2190 = EDGE_LOOP ( 'NONE', ( #5297, #1725, #7429, #3154 ) ) ;
#2191 = CARTESIAN_POINT ( 'NONE',  ( 0.6330010317927220465, 1.717430021897416559, 3.551000000000007262 ) ) ;
#2192 = DIRECTION ( 'NONE',  ( -0.0000000000000000000, 3.491481338843133355E-15, -1.000000000000000000 ) ) ;
#2193 =( NAMED_UNIT ( * ) PLANE_ANGLE_UNIT ( ) SI_UNIT ( $, .RADIAN. ) );
#2194 = DIRECTION ( 'NONE',  ( 0.0000000000000000000, -1.000000000000000000, -3.491481338843133355E-15 ) ) ;
#2195 =( NAMED_UNIT ( * ) PLANE_ANGLE_UNIT ( ) SI_UNIT ( $, .RADIAN. ) );
#2196 = DIRECTION ( 'NONE',  ( 0.0000000000000000000, 1.000000000000000000, 3.491481338843133750E-15 ) ) ;
#2197 = CARTESIAN_POINT ( 'NONE',  ( 0.3200000000000000067, 4.741985117133110883, 0.5500000000000174749 ) ) ;
#2198 = EDGE_LOOP ( 'NONE', ( #8147, #730, #4395, #3426 ) ) ;
#2199 = UNCERTAINTY_MEASURE_WITH_UNIT (LENGTH_MEASURE( 1.000000000000000082E-05 ), #3445, 'distance_accuracy_value', 'NONE');
#2200 =( LENGTH_UNIT ( ) NAMED_UNIT ( * ) SI_UNIT ( .MILLI., .METRE. ) );
#2201 = EDGE_CURVE ( 'NONE', #4492, #1418, #2777, .T. ) ;
#2202 = FILL_AREA_STYLE ('',( #8058 ) ) ;
#2203 = DIRECTION ( 'NONE',  ( -0.0000000000000000000, 3.491481338843133355E-15, -1.000000000000000000 ) ) ;
#2204 = CARTESIAN_POINT ( 'NONE',  ( 2.220000000000000195, -4.700000000000001066, 5.119999999999984119 ) ) ;
#2205 = DIRECTION ( 'NONE',  ( 0.0000000000000000000, 1.000000000000000000, 3.491481338843133750E-15 ) ) ;
#2206 = ORIENTED_EDGE ( 'NONE', *, *, #6862, .T. ) ;
#2207 = CARTESIAN_POINT ( 'NONE',  ( -2.220000000000000195, 0.7999999999999967137, 4.480000000000003091 ) ) ;
#2208 = DIRECTION ( 'NONE',  ( 0.0000000000000000000, 0.0000000000000000000, 1.000000000000000000 ) ) ;
#2209 =( NAMED_UNIT ( * ) SI_UNIT ( $, .STERADIAN. ) SOLID_ANGLE_UNIT ( ) );
#2210 = VERTEX_POINT ( 'NONE', #1975 ) ;
#2211 = CARTESIAN_POINT ( 'NONE',  ( 0.5029268292682927965, 2.137804878048779944, 3.551000000000008594 ) ) ;
#2212 = UNCERTAINTY_MEASURE_WITH_UNIT (LENGTH_MEASURE( 1.000000000000000082E-05 ), #3358, 'distance_accuracy_value', 'NONE');
#2213 = ORIENTED_EDGE ( 'NONE', *, *, #3877, .T. ) ;
#2214 =( NAMED_UNIT ( * ) SI_UNIT ( $, .STERADIAN. ) SOLID_ANGLE_UNIT ( ) );
#2215 = ORIENTED_EDGE ( 'NONE', *, *, #477, .T. ) ;
#2216 = DIRECTION ( 'NONE',  ( 0.0000000000000000000, 1.000000000000000000, 3.491481338843133750E-15 ) ) ;
#2217 = VECTOR ( 'NONE', #1775, 1000.000000000000227 ) ;
#2218 = DIRECTION ( 'NONE',  ( 0.7071067811865474617, 2.468850131082265738E-15, -0.7071067811865474617 ) ) ;
#2219 = DIRECTION ( 'NONE',  ( -0.0000000000000000000, 1.000000000000000000, 3.491481338843133355E-15 ) ) ;
#2220 = CARTESIAN_POINT ( 'NONE',  ( -0.3200000000000000067, 3.880000000000008331, 1.050000000000018474 ) ) ;
#2221 = EDGE_CURVE ( 'NONE', #7592, #241, #7201, .T. ) ;
#2222 = LINE ( 'NONE', #7620, #7436 ) ;
#2223 = UNCERTAINTY_MEASURE_WITH_UNIT (LENGTH_MEASURE( 1.000000000000000082E-05 ), #8244, 'distance_accuracy_value', 'NONE');
#2224 = CARTESIAN_POINT ( 'NONE',  ( 0.6675348770826408096, 1.764899272976817590, 3.551000000000008150 ) ) ;
#2225 = ORIENTED_EDGE ( 'NONE', *, *, #1772, .F. ) ;
#2226 = MECHANICAL_DESIGN_GEOMETRIC_PRESENTATION_REPRESENTATION (  '', ( #7820 ), #6459 ) ;
#2227 = CARTESIAN_POINT ( 'NONE',  ( 0.7112312225487014139, 2.438425512497220282, 3.551000000000010814 ) ) ;
#2228 = ORIENTED_EDGE ( 'NONE', *, *, #8439, .F. ) ;
#2229 = CARTESIAN_POINT ( 'NONE',  ( 0.7700000000000001288, 2.485365853658537016, 3.551000000000009926 ) ) ;
#2230 = LINE ( 'NONE', #8255, #1624 ) ;
#2231 = CARTESIAN_POINT ( 'NONE',  ( 0.5029268292682927965, 2.137804878048779944, 3.551000000000008594 ) ) ;
#2232 = VERTEX_POINT ( 'NONE', #401 ) ;
#2233 = FACE_OUTER_BOUND ( 'NONE', #5075, .T. ) ;
#2234 = DIRECTION ( 'NONE',  ( -1.000000000000000000, -0.0000000000000000000, -0.0000000000000000000 ) ) ;
#2235 = AXIS2_PLACEMENT_3D ( 'NONE', #474, #4352, #6360 ) ;
#2236 = VERTEX_POINT ( 'NONE', #3538 ) ;
#2237 = EDGE_CURVE ( 'NONE', #2232, #5703, #851, .T. ) ;
#2238 = DIRECTION ( 'NONE',  ( 0.0000000000000000000, 1.000000000000000000, 3.491481338843133355E-15 ) ) ;
#2239 = DIRECTION ( 'NONE',  ( 0.7071067811865473507, 2.468850131082266527E-15, -0.7071067811865477948 ) ) ;
#2240 = ORIENTED_EDGE ( 'NONE', *, *, #4112, .T. ) ;
#2241 = CARTESIAN_POINT ( 'NONE',  ( 0.5608829702152327012, 2.449318252817548558, 3.550000000000011369 ) ) ;
#2242 = CARTESIAN_POINT ( 'NONE',  ( 0.4772623504278112883, 2.238973402906854648, 3.551000000000009482 ) ) ;
#2243 = ORIENTED_EDGE ( 'NONE', *, *, #5277, .T. ) ;
#2244 = MECHANICAL_DESIGN_GEOMETRIC_PRESENTATION_REPRESENTATION (  '', ( #735 ), #4529 ) ;
#2245 = EDGE_CURVE ( 'NONE', #7273, #3292, #273, .T. ) ;
#2246 = MECHANICAL_DESIGN_GEOMETRIC_PRESENTATION_REPRESENTATION (  '', ( #874 ), #736 ) ;
#2247 = LINE ( 'NONE', #6258, #7139 ) ;
#2248 = CARTESIAN_POINT ( 'NONE',  ( 2.860000000000000320, 0.7999999999999940492, 5.120000000000002771 ) ) ;
#2249 = PRESENTATION_STYLE_ASSIGNMENT (( #6038 ) ) ;
#2250 = ORIENTED_EDGE ( 'NONE', *, *, #8099, .F. ) ;
#2251 = CARTESIAN_POINT ( 'NONE',  ( 0.7008276310125493014, 2.397256504005311317, 3.550000000000007372 ) ) ;
#2252 = VECTOR ( 'NONE', #5998, 1000.000000000000000 ) ;
#2253 = LINE ( 'NONE', #4879, #7583 ) ;
#2254 = ORIENTED_EDGE ( 'NONE', *, *, #4240, .T. ) ;
#2255 = EDGE_CURVE ( 'NONE', #4824, #6898, #7387, .T. ) ;
#2256 = SURFACE_STYLE_FILL_AREA ( #2292 ) ;
#2257 = ORIENTED_EDGE ( 'NONE', *, *, #6547, .F. ) ;
#2258 = CARTESIAN_POINT ( 'NONE',  ( 0.5039824551148485154, 2.270121926599691253, 3.551000000000009482 ) ) ;
#2259 = CARTESIAN_POINT ( 'NONE',  ( 0.6346341463414636452, 2.137804878048779944, 3.551000000000008594 ) ) ;
#2260 = ADVANCED_FACE ( 'NONE', ( #967 ), #5560, .T. ) ;
#2261 = SURFACE_STYLE_USAGE ( .BOTH. , #8110 ) ;
#2262 = PRESENTATION_STYLE_ASSIGNMENT (( #4200 ) ) ;
#2263 = DIRECTION ( 'NONE',  ( -1.000000000000000000, -0.0000000000000000000, 0.0000000000000000000 ) ) ;
#2264 =( GEOMETRIC_REPRESENTATION_CONTEXT ( 3 ) GLOBAL_UNCERTAINTY_ASSIGNED_CONTEXT ( ( #1891 ) ) GLOBAL_UNIT_ASSIGNED_CONTEXT ( ( #3413, #5420, #4169 ) ) REPRESENTATION_CONTEXT ( 'NONE', 'WORKASPACE' ) );
#2265 = EDGE_CURVE ( 'NONE', #1187, #2715, #6713, .T. ) ;
#2266 =( GEOMETRIC_REPRESENTATION_CONTEXT ( 3 ) GLOBAL_UNCERTAINTY_ASSIGNED_CONTEXT ( ( #5189 ) ) GLOBAL_UNIT_ASSIGNED_CONTEXT ( ( #4325, #8249, #4893 ) ) REPRESENTATION_CONTEXT ( 'NONE', 'WORKASPACE' ) );
#2267 = CARTESIAN_POINT ( 'NONE',  ( 0.6256592987804878714, 2.459756097560975352, 3.551000000000009926 ) ) ;
#2268 = CARTESIAN_POINT ( 'NONE',  ( -2.860000000000000320, 0.7999999999999953815, 4.800000000000004263 ) ) ;
#2269 = LINE ( 'NONE', #6236, #4593 ) ;
#2270 = ORIENTED_EDGE ( 'NONE', *, *, #2503, .T. ) ;
#2271 = SURFACE_STYLE_FILL_AREA ( #3590 ) ;
#2272 = VERTEX_POINT ( 'NONE', #7414 ) ;
#2273 = VECTOR ( 'NONE', #5693, 1000.000000000000000 ) ;
#2274 = ORIENTED_EDGE ( 'NONE', *, *, #5946, .F. ) ;
#2275 = LINE ( 'NONE', #283, #893 ) ;
#2276 = SURFACE_STYLE_FILL_AREA ( #6115 ) ;
#2277 = CARTESIAN_POINT ( 'NONE',  ( -0.3200000000000000067, 3.099999999999990319, 5.120000000000010765 ) ) ;
#2278 = DIRECTION ( 'NONE',  ( 0.0000000000000000000, -2.822367560120991731E-15, 1.000000000000000000 ) ) ;
#2279 = ORIENTED_EDGE ( 'NONE', *, *, #1875, .F. ) ;
#2280 = UNCERTAINTY_MEASURE_WITH_UNIT (LENGTH_MEASURE( 1.000000000000000082E-05 ), #3098, 'distance_accuracy_value', 'NONE');
#2281 = DIRECTION ( 'NONE',  ( 0.0000000000000000000, 3.491481338843133355E-15, -1.000000000000000000 ) ) ;
#2282 = CARTESIAN_POINT ( 'NONE',  ( 1.519999999999999574, 3.099999999999991651, 5.800000000000011369 ) ) ;
#2283 = CARTESIAN_POINT ( 'NONE',  ( -2.220000000000000195, 5.018014882866909332, 0.5500000000000183631 ) ) ;
#2284 = ORIENTED_EDGE ( 'NONE', *, *, #738, .F. ) ;
#2285 = PRESENTATION_STYLE_ASSIGNMENT (( #2889 ) ) ;
#2286 = STYLED_ITEM ( 'NONE', ( #5344 ), #877 ) ;
#2287 = FILL_AREA_STYLE_COLOUR ( '', #7314 ) ;
#2288 = CARTESIAN_POINT ( 'NONE',  ( 0.6917919755222337042, 2.403252309331255887, 3.550000000000010481 ) ) ;
#2289 = EDGE_CURVE ( 'NONE', #5883, #4196, #324, .T. ) ;
#2290 = VECTOR ( 'NONE', #5586, 1000.000000000000000 ) ;
#2291 = VECTOR ( 'NONE', #7225, 1000.000000000000000 ) ;
#2292 = FILL_AREA_STYLE ('',( #6135 ) ) ;
#2293 = UNCERTAINTY_MEASURE_WITH_UNIT (LENGTH_MEASURE( 1.000000000000000082E-05 ), #6591, 'distance_accuracy_value', 'NONE');
#2294 = CARTESIAN_POINT ( 'NONE',  ( 1.020000000000000462, 3.099999999999992539, 5.550000000000011369 ) ) ;
#2295 = FILL_AREA_STYLE ('',( #7617 ) ) ;
#2296 = VECTOR ( 'NONE', #4327, 1000.000000000000114 ) ;
#2297 = CARTESIAN_POINT ( 'NONE',  ( -1.519999999999999574, 1.084435562925354368, 5.800000000000005151 ) ) ;
#2298 = ADVANCED_FACE ( 'NONE', ( #8131 ), #5334, .T. ) ;
#2299 = LINE ( 'NONE', #4146, #3793 ) ;
#2300 = VECTOR ( 'NONE', #2218, 1000.000000000000114 ) ;
#2301 = EDGE_CURVE ( 'NONE', #3688, #1048, #5715, .T. ) ;
#2302 = ORIENTED_EDGE ( 'NONE', *, *, #4498, .T. ) ;
#2303 = PRESENTATION_LAYER_ASSIGNMENT (  '', '', ( #6402 ) ) ;
#2304 =( LENGTH_UNIT ( ) NAMED_UNIT ( * ) SI_UNIT ( .MILLI., .METRE. ) );
#2305 = VECTOR ( 'NONE', #4791, 1000.000000000000000 ) ;
#2306 = SURFACE_SIDE_STYLE ('',( #2474 ) ) ;
#2307 = AXIS2_PLACEMENT_3D ( 'NONE', #4175, #7511, #1734 ) ;
#2308 = CARTESIAN_POINT ( 'NONE',  ( -1.270000000000000018, 3.299999999999998046, 4.050000000000012257 ) ) ;
#2309 =( NAMED_UNIT ( * ) SI_UNIT ( $, .STERADIAN. ) SOLID_ANGLE_UNIT ( ) );
#2310 = VECTOR ( 'NONE', #5041, 1000.000000000000000 ) ;
#2311 = VERTEX_POINT ( 'NONE', #5546 ) ;
#2312 =( NAMED_UNIT ( * ) SI_UNIT ( $, .STERADIAN. ) SOLID_ANGLE_UNIT ( ) );
#2313 = ORIENTED_EDGE ( 'NONE', *, *, #155, .T. ) ;
#2314 = CARTESIAN_POINT ( 'NONE',  ( 0.4993556935087202220, 2.310905509778864442, 3.550000000000008704 ) ) ;
#2315 = VECTOR ( 'NONE', #4370, 1000.000000000000000 ) ;
#2316 =( LENGTH_UNIT ( ) NAMED_UNIT ( * ) SI_UNIT ( .MILLI., .METRE. ) );
#2317 = LINE ( 'NONE', #4994, #8115 ) ;
#2318 = CARTESIAN_POINT ( 'NONE',  ( -0.3200000000000000067, 4.741985117133110883, 0.5500000000000174749 ) ) ;
#2319 = FILL_AREA_STYLE_COLOUR ( '', #860 ) ;
#2320 = VECTOR ( 'NONE', #8213, 1000.000000000000227 ) ;
#2321 = CARTESIAN_POINT ( 'NONE',  ( 0.5184756097560976329, 2.236585365853658303, 3.550000000000008704 ) ) ;
#2322 = LINE ( 'NONE', #3514, #5544 ) ;
#2323 = FILL_AREA_STYLE_COLOUR ( '', #7813 ) ;
#2324 = LINE ( 'NONE', #2367, #4868 ) ;
#2325 = ORIENTED_EDGE ( 'NONE', *, *, #1359, .F. ) ;
#2326 = DIRECTION ( 'NONE',  ( -0.0000000000000000000, 1.000000000000000000, 3.491481338843133355E-15 ) ) ;
#2327 = DIRECTION ( 'NONE',  ( -1.000000000000000000, -0.0000000000000000000, 0.0000000000000000000 ) ) ;
#2328 = FILL_AREA_STYLE_COLOUR ( '', #1788 ) ;
#2329 = EDGE_LOOP ( 'NONE', ( #6909, #1010, #756, #5983 ) ) ;
#2330 = EDGE_CURVE ( 'NONE', #6770, #917, #8263, .T. ) ;
#2331 = CARTESIAN_POINT ( 'NONE',  ( 3.560000000000000497, 3.299999999999998046, 4.050000000000012257 ) ) ;
#2332 = CARTESIAN_POINT ( 'NONE',  ( 2.860000000000000320, -5.200000000000002842, 4.479999999999982663 ) ) ;
#2333 = DIRECTION ( 'NONE',  ( -1.000000000000000000, -0.0000000000000000000, -0.0000000000000000000 ) ) ;
#2334 = MECHANICAL_DESIGN_GEOMETRIC_PRESENTATION_REPRESENTATION (  '', ( #5876 ), #8080 ) ;
#2335 = FILL_AREA_STYLE ('',( #3661 ) ) ;
#2336 = EDGE_CURVE ( 'NONE', #1108, #1095, #4988, .T. ) ;
#2337 = VERTEX_POINT ( 'NONE', #367 ) ;
#2338 = CARTESIAN_POINT ( 'NONE',  ( 2.540000000000000036, 3.299999999999995826, 4.800000000000012257 ) ) ;
#2339 = EDGE_CURVE ( 'NONE', #6629, #8037, #4215, .T. ) ;
#2340 = LINE ( 'NONE', #2909, #7085 ) ;
#2341 = CARTESIAN_POINT ( 'NONE',  ( 0.4797000553973438386, 1.812159751349704750, 3.550000000000006484 ) ) ;
#2342 = VERTEX_POINT ( 'NONE', #2347 ) ;
#2343 = EDGE_LOOP ( 'NONE', ( #7578, #6143, #6380, #6148 ) ) ;
#2344 = AXIS2_PLACEMENT_3D ( 'NONE', #1446, #4718, #3354 ) ;
#2345 = VERTEX_POINT ( 'NONE', #7591 ) ;
#2346 = CARTESIAN_POINT ( 'NONE',  ( 0.6095437715678969637, 2.419205983537874971, 3.550000000000008704 ) ) ;
#2347 = CARTESIAN_POINT ( 'NONE',  ( 0.6162271341463415597, 1.717073170731707510, 3.551000000000007262 ) ) ;
#2348 = DIRECTION ( 'NONE',  ( 0.9417224702971438433, 0.3363908276654479779, 0.0000000000000000000 ) ) ;
#2349 = DIRECTION ( 'NONE',  ( -0.0000000000000000000, 3.491481338843133355E-15, -1.000000000000000000 ) ) ;
#2350 = SURFACE_STYLE_FILL_AREA ( #3506 ) ;
#2351 = VERTEX_POINT ( 'NONE', #3672 ) ;
#2352 = CARTESIAN_POINT ( 'NONE',  ( 0.7284800705656493403, 2.365809998136607639, 3.551000000000010814 ) ) ;
#2353 = VECTOR ( 'NONE', #6782, 1000.000000000000000 ) ;
#2354 = FILL_AREA_STYLE_COLOUR ( '', #5371 ) ;
#2355 = EDGE_CURVE ( 'NONE', #1517, #413, #6986, .T. ) ;
#2356 = FACE_OUTER_BOUND ( 'NONE', #6239, .T. ) ;
#2357 =( NAMED_UNIT ( * ) PLANE_ANGLE_UNIT ( ) SI_UNIT ( $, .RADIAN. ) );
#2358 = COLOUR_RGB ( '',0.2509803921568627416, 0.2509803921568627416, 0.2509803921568627416 ) ;
#2359 = CARTESIAN_POINT ( 'NONE',  ( 0.4752860973414685386, 2.243841956118739933, 3.551000000000009482 ) ) ;
#2360 = VECTOR ( 'NONE', #3396, 1000.000000000000000 ) ;
#2361 = ORIENTED_EDGE ( 'NONE', *, *, #6844, .T. ) ;
#2362 = CARTESIAN_POINT ( 'NONE',  ( 0.7370731707317075276, 2.485365853658537016, 3.551000000000009926 ) ) ;
#2363 = UNCERTAINTY_MEASURE_WITH_UNIT (LENGTH_MEASURE( 1.000000000000000082E-05 ), #475, 'distance_accuracy_value', 'NONE');
#2364 = SURFACE_SIDE_STYLE ('',( #3639 ) ) ;
#2365 = CARTESIAN_POINT ( 'NONE',  ( 0.7700000000000001288, 2.639024390243903007, 3.551000000000010370 ) ) ;
#2366 = AXIS2_PLACEMENT_3D ( 'NONE', #6741, #2057, #4636 ) ;
#2367 = CARTESIAN_POINT ( 'NONE',  ( 0.3200000000000000067, -5.200000000000004619, 4.938014882866880839 ) ) ;
#2368 = ORIENTED_EDGE ( 'NONE', *, *, #3031, .T. ) ;
#2369 =( NAMED_UNIT ( * ) SI_UNIT ( $, .STERADIAN. ) SOLID_ANGLE_UNIT ( ) );
#2370 = SURFACE_SIDE_STYLE ('',( #5778 ) ) ;
#2371 = CARTESIAN_POINT ( 'NONE',  ( 0.7329908408300706002, 2.356470571933711788, 3.550000000000009148 ) ) ;
#2372 = ADVANCED_FACE ( 'NONE', ( #1128 ), #7633, .F. ) ;
#2373 = FACE_OUTER_BOUND ( 'NONE', #2754, .T. ) ;
#2374 = COLOUR_RGB ( '',0.2509803921568627416, 0.2509803921568627416, 0.2509803921568627416 ) ;
#2375 = UNCERTAINTY_MEASURE_WITH_UNIT (LENGTH_MEASURE( 1.000000000000000082E-05 ), #1769, 'distance_accuracy_value', 'NONE');
#2376 = EDGE_LOOP ( 'NONE', ( #7375, #2086, #6108, #1667 ) ) ;
#2377 = CARTESIAN_POINT ( 'NONE',  ( 0.7226653564850946676, 2.430601477675555344, 3.551000000000151591 ) ) ;
#2378 = CARTESIAN_POINT ( 'NONE',  ( 0.4992682926829269396, 2.306840701219512013, 3.551000000000009482 ) ) ;
#2379 = ORIENTED_EDGE ( 'NONE', *, *, #3547, .F. ) ;
#2380 = VECTOR ( 'NONE', #924, 1000.000000000000000 ) ;
#2381 = VECTOR ( 'NONE', #8036, 1000.000000000000000 ) ;
#2382 = PRESENTATION_STYLE_ASSIGNMENT (( #4239 ) ) ;
#2383 = ADVANCED_FACE ( 'NONE', ( #5850, #4418 ), #580, .F. ) ;
#2384 = SURFACE_STYLE_USAGE ( .BOTH. , #6274 ) ;
#2385 =( LENGTH_UNIT ( ) NAMED_UNIT ( * ) SI_UNIT ( .MILLI., .METRE. ) );
#2386 = CARTESIAN_POINT ( 'NONE',  ( 0.1380148828668992245, -5.200000000000004619, 4.938014882866880839 ) ) ;
#2387 = ADVANCED_FACE ( 'NONE', ( #2868 ), #2064, .T. ) ;
#2388 = CARTESIAN_POINT ( 'NONE',  ( 0.5310904246644593263, 1.742055521533522278, 3.550000000000006928 ) ) ;
#2389 = ORIENTED_EDGE ( 'NONE', *, *, #7743, .F. ) ;
#2390 = CARTESIAN_POINT ( 'NONE',  ( 0.6790415143094963302, 1.728019774363149574, 3.551000000000009038 ) ) ;
#2391 = CARTESIAN_POINT ( 'NONE',  ( -2.220000000000000195, 3.879999999999999005, 3.800000000000013589 ) ) ;
#2392 = VERTEX_POINT ( 'NONE', #647 ) ;
#2393 = EDGE_LOOP ( 'NONE', ( #447, #3791, #880, #7485 ) ) ;
#2394 = CARTESIAN_POINT ( 'NONE',  ( 0.3200000000000000067, 5.200000000000008171, 1.050000000000023581 ) ) ;
#2395 = PRESENTATION_STYLE_ASSIGNMENT (( #3001 ) ) ;
#2396 = MECHANICAL_DESIGN_GEOMETRIC_PRESENTATION_REPRESENTATION (  '', ( #8277 ), #7738 ) ;
#2397 = ORIENTED_EDGE ( 'NONE', *, *, #2330, .T. ) ;
#2398 = CARTESIAN_POINT ( 'NONE',  ( 0.4992682926829269396, 2.306840701219512013, 3.550000000000009148 ) ) ;
#2399 = CARTESIAN_POINT ( 'NONE',  ( 3.810000000000000497, 3.099999999999998312, 4.050000000000012257 ) ) ;
#2400 = LINE ( 'NONE', #1596, #5913 ) ;
#2401 = SURFACE_SIDE_STYLE ('',( #3556 ) ) ;
#2402 = LINE ( 'NONE', #5723, #6036 ) ;
#2403 = ORIENTED_EDGE ( 'NONE', *, *, #1311, .T. ) ;
#2404 = COLOUR_RGB ( '',0.7529411764705882248, 0.7529411764705882248, 0.7529411764705882248 ) ;
#2405 = DIRECTION ( 'NONE',  ( 0.7071067811865477948, -2.468850131082265344E-15, 0.7071067811865473507 ) ) ;
#2406 = EDGE_CURVE ( 'NONE', #1627, #6136, #5070, .T. ) ;
#2407 = LINE ( 'NONE', #2283, #3238 ) ;
#2408 = CARTESIAN_POINT ( 'NONE',  ( 0.1380148828668992245, -5.200000000000002842, 4.479999999999982663 ) ) ;
#2409 = CARTESIAN_POINT ( 'NONE',  ( 0.6232012195121952036, 2.419512195121951148, 3.550000000000009148 ) ) ;
#2410 = CARTESIAN_POINT ( 'NONE',  ( 0.4907769610697942375, 2.393836186263418320, 3.550000000000009148 ) ) ;
#2411 = DIRECTION ( 'NONE',  ( 0.7071067811865474617, 2.468850131082265738E-15, -0.7071067811865474617 ) ) ;
#2412 = EDGE_CURVE ( 'NONE', #1314, #4506, #4537, .T. ) ;
#2413 =( NAMED_UNIT ( * ) SI_UNIT ( $, .STERADIAN. ) SOLID_ANGLE_UNIT ( ) );
#2414 = ORIENTED_EDGE ( 'NONE', *, *, #5469, .F. ) ;
#2415 = DIRECTION ( 'NONE',  ( 0.0000000000000000000, -1.000000000000000000, -3.491481338843133355E-15 ) ) ;
#2416 =( NAMED_UNIT ( * ) PLANE_ANGLE_UNIT ( ) SI_UNIT ( $, .RADIAN. ) );
#2417 = VERTEX_POINT ( 'NONE', #2692 ) ;
#2418 = CARTESIAN_POINT ( 'NONE',  ( 0.7700000000000000178, 1.958536585365853844, 3.551000000000008150 ) ) ;
#2419 = DIRECTION ( 'NONE',  ( 0.0000000000000000000, 3.491481338843133355E-15, -1.000000000000000000 ) ) ;
#2420 = PRESENTATION_LAYER_ASSIGNMENT (  '', '', ( #6248 ) ) ;
#2421 = COLOUR_RGB ( '',0.7529411764705882248, 0.7529411764705882248, 0.7529411764705882248 ) ;
#2422 = MECHANICAL_DESIGN_GEOMETRIC_PRESENTATION_REPRESENTATION (  '', ( #8025 ), #2567 ) ;
#2423 = CARTESIAN_POINT ( 'NONE',  ( -3.310000000000000497, 3.299999999999991385, 6.050000000000012257 ) ) ;
#2424 = SURFACE_STYLE_USAGE ( .BOTH. , #5583 ) ;
#2425 = VECTOR ( 'NONE', #3678, 999.9999999999998863 ) ;
#2426 = COLOUR_RGB ( '',0.7529411764705882248, 0.7529411764705882248, 0.7529411764705882248 ) ;
#2427 = DIRECTION ( 'NONE',  ( -0.0000000000000000000, 3.491481338843133355E-15, -1.000000000000000000 ) ) ;
#2428 =( GEOMETRIC_REPRESENTATION_CONTEXT ( 3 ) GLOBAL_UNCERTAINTY_ASSIGNED_CONTEXT ( ( #6501 ) ) GLOBAL_UNIT_ASSIGNED_CONTEXT ( ( #1486, #2011, #2096 ) ) REPRESENTATION_CONTEXT ( 'NONE', 'WORKASPACE' ) );
#2429 = DIRECTION ( 'NONE',  ( 0.0000000000000000000, 1.000000000000000000, 3.491481338843133750E-15 ) ) ;
#2430 = ORIENTED_EDGE ( 'NONE', *, *, #5360, .T. ) ;
#2431 = CARTESIAN_POINT ( 'NONE',  ( 0.7281998855233435819, 1.761616864214940792, 3.550000000000006040 ) ) ;
#2432 = DIRECTION ( 'NONE',  ( 0.0000000000000000000, 1.000000000000000000, 1.913297951445010284E-15 ) ) ;
#2433 = MECHANICAL_DESIGN_GEOMETRIC_PRESENTATION_REPRESENTATION (  '', ( #3521 ), #1341 ) ;
#2434 = VECTOR ( 'NONE', #8345, 1000.000000000000000 ) ;
#2435 = CARTESIAN_POINT ( 'NONE',  ( 0.5074130513654628860, 2.352157592667488473, 3.550000000000009148 ) ) ;
#2436 = DIRECTION ( 'NONE',  ( 0.0000000000000000000, 0.0000000000000000000, 1.000000000000000000 ) ) ;
#2437 = VECTOR ( 'NONE', #6121, 1000.000000000000000 ) ;
#2438 = ADVANCED_FACE ( 'NONE', ( #8021 ), #129, .F. ) ;
#2439 = LINE ( 'NONE', #7154, #7356 ) ;
#2440 = CARTESIAN_POINT ( 'NONE',  ( 0.5065853658536587645, 1.561928353658536883, 3.551000000000006818 ) ) ;
#2441 = VERTEX_POINT ( 'NONE', #6089 ) ;
#2442 = LINE ( 'NONE', #6421, #137 ) ;
#2443 = VECTOR ( 'NONE', #675, 1000.000000000000000 ) ;
#2444 =( NAMED_UNIT ( * ) SI_UNIT ( $, .STERADIAN. ) SOLID_ANGLE_UNIT ( ) );
#2445 =( NAMED_UNIT ( * ) PLANE_ANGLE_UNIT ( ) SI_UNIT ( $, .RADIAN. ) );
#2446 = VECTOR ( 'NONE', #6828, 1000.000000000000000 ) ;
#2447 = CARTESIAN_POINT ( 'NONE',  ( 0.7056738649877107861, 1.788427461406836505, 3.550000000000006484 ) ) ;
#2448 = ORIENTED_EDGE ( 'NONE', *, *, #4745, .F. ) ;
#2449 = ORIENTED_EDGE ( 'NONE', *, *, #5532, .T. ) ;
#2450 = UNCERTAINTY_MEASURE_WITH_UNIT (LENGTH_MEASURE( 1.000000000000000082E-05 ), #7177, 'distance_accuracy_value', 'NONE');
#2451 = CARTESIAN_POINT ( 'NONE',  ( 0.5039824551148485154, 2.270121926599691253, 3.550000000000009148 ) ) ;
#2452 = VECTOR ( 'NONE', #3959, 1000.000000000000000 ) ;
#2453 = DIRECTION ( 'NONE',  ( -0.7071067811865477948, 2.468850131082265344E-15, -0.7071067811865473507 ) ) ;
#2454 = PLANE ( 'NONE',  #7563 ) ;
#2455 = VERTEX_POINT ( 'NONE', #1351 ) ;
#2456 = CARTESIAN_POINT ( 'NONE',  ( -2.931214388392402892, -4.504340075951596134, 4.408785611607580535 ) ) ;
#2457 = FACE_OUTER_BOUND ( 'NONE', #589, .T. ) ;
#2458 = CARTESIAN_POINT ( 'NONE',  ( 0.7370731707317074166, 1.875705030487805125, 3.550000000000007372 ) ) ;
#2459 = EDGE_CURVE ( 'NONE', #6593, #1496, #8363, .T. ) ;
#2460 = STYLED_ITEM ( 'NONE', ( #7564 ), #242 ) ;
#2461 = ORIENTED_EDGE ( 'NONE', *, *, #3151, .F. ) ;
#2462 = LINE ( 'NONE', #600, #7373 ) ;
#2463 = DIRECTION ( 'NONE',  ( 0.0000000000000000000, 1.000000000000000000, 3.491481338843133355E-15 ) ) ;
#2464 = ORIENTED_EDGE ( 'NONE', *, *, #28, .F. ) ;
#2465 = CARTESIAN_POINT ( 'NONE',  ( 0.7381795066963088292, 2.282083995143976640, 3.550000000000008704 ) ) ;
#2466 =( LENGTH_UNIT ( ) NAMED_UNIT ( * ) SI_UNIT ( .MILLI., .METRE. ) );
#2467 = STYLED_ITEM ( 'NONE', ( #55 ), #256 ) ;
#2468 = EDGE_LOOP ( 'NONE', ( #2118, #7669, #6069, #1909 ) ) ;
#2469 = FILL_AREA_STYLE_COLOUR ( '', #5098 ) ;
#2470 = ORIENTED_EDGE ( 'NONE', *, *, #4498, .F. ) ;
#2471 = CARTESIAN_POINT ( 'NONE',  ( 0.4700000000000001954, 2.178048780487804148, 3.551000000000009038 ) ) ;
#2472 =( LENGTH_UNIT ( ) NAMED_UNIT ( * ) SI_UNIT ( .MILLI., .METRE. ) );
#2473 = ORIENTED_EDGE ( 'NONE', *, *, #3776, .T. ) ;
#2474 = SURFACE_STYLE_FILL_AREA ( #4248 ) ;
#2475 =( NAMED_UNIT ( * ) SI_UNIT ( $, .STERADIAN. ) SOLID_ANGLE_UNIT ( ) );
#2476 = EDGE_CURVE ( 'NONE', #1481, #708, #4840, .T. ) ;
#2477 = CARTESIAN_POINT ( 'NONE',  ( 0.3200000000000000067, -5.200000000000002842, 4.479999999999982663 ) ) ;
#2478 = CARTESIAN_POINT ( 'NONE',  ( 0.4753685044210967936, 1.826591586487126051, 3.550000000000008260 ) ) ;
#2479 = CARTESIAN_POINT ( 'NONE',  ( 0.7700000000000000178, 1.876962652439024604, 3.550000000000007372 ) ) ;
#2480 = PRESENTATION_STYLE_ASSIGNMENT (( #3115 ) ) ;
#2481 = CARTESIAN_POINT ( 'NONE',  ( 1.020000000000000462, 1.084435562925354368, 5.800000000000005151 ) ) ;
#2482 = ORIENTED_EDGE ( 'NONE', *, *, #250, .F. ) ;
#2483 = LINE ( 'NONE', #4462, #3990 ) ;
#2484 = VECTOR ( 'NONE', #3821, 1000.000000000000000 ) ;
#2485 = CARTESIAN_POINT ( 'NONE',  ( 0.7700000000000001288, 1.695121951219512368, 3.550000000000006928 ) ) ;
#2486 = LINE ( 'NONE', #5677, #2801 ) ;
#2487 = PLANE ( 'NONE',  #5413 ) ;
#2488 = VECTOR ( 'NONE', #6826, 1000.000000000000000 ) ;
#2489 = ORIENTED_EDGE ( 'NONE', *, *, #1388, .F. ) ;
#2490 = DIRECTION ( 'NONE',  ( -0.7071067811865473507, -2.468850131082266527E-15, 0.7071067811865477948 ) ) ;
#2491 = ADVANCED_FACE ( 'NONE', ( #7615 ), #6138, .F. ) ;
#2492 = ORIENTED_EDGE ( 'NONE', *, *, #7572, .F. ) ;
#2493 =( GEOMETRIC_REPRESENTATION_CONTEXT ( 3 ) GLOBAL_UNCERTAINTY_ASSIGNED_CONTEXT ( ( #3652 ) ) GLOBAL_UNIT_ASSIGNED_CONTEXT ( ( #6638, #4083, #5176 ) ) REPRESENTATION_CONTEXT ( 'NONE', 'WORKASPACE' ) );
#2494 = CARTESIAN_POINT ( 'NONE',  ( 0.6017073170731709331, 2.137804878048779944, 3.550000000000008260 ) ) ;
#2495 =( LENGTH_UNIT ( ) NAMED_UNIT ( * ) SI_UNIT ( .MILLI., .METRE. ) );
#2496 = CARTESIAN_POINT ( 'NONE',  ( 0.4700000000000001954, 2.598780487804878359, 3.550000000000010036 ) ) ;
#2497 = ORIENTED_EDGE ( 'NONE', *, *, #1976, .F. ) ;
#2498 = FILL_AREA_STYLE_COLOUR ( '', #2674 ) ;
#2499 = DIRECTION ( 'NONE',  ( 1.000000000000000000, 0.0000000000000000000, 0.0000000000000000000 ) ) ;
#2500 = CARTESIAN_POINT ( 'NONE',  ( -1.519999999999999574, 1.084435562925354368, 5.800000000000005151 ) ) ;
#2501 = UNCERTAINTY_MEASURE_WITH_UNIT (LENGTH_MEASURE( 1.000000000000000082E-05 ), #7775, 'distance_accuracy_value', 'NONE');
#2502 = SURFACE_STYLE_USAGE ( .BOTH. , #5690 ) ;
#2503 = EDGE_CURVE ( 'NONE', #4658, #3292, #5867, .T. ) ;
#2504 = CARTESIAN_POINT ( 'NONE',  ( -1.020000000000000462, 3.299999999999993161, 5.550000000000012257 ) ) ;
#2505 = FILL_AREA_STYLE ('',( #3889 ) ) ;
#2506 =( GEOMETRIC_REPRESENTATION_CONTEXT ( 3 ) GLOBAL_UNCERTAINTY_ASSIGNED_CONTEXT ( ( #7267 ) ) GLOBAL_UNIT_ASSIGNED_CONTEXT ( ( #3876, #4726, #8083 ) ) REPRESENTATION_CONTEXT ( 'NONE', 'WORKASPACE' ) );
#2507 = LINE ( 'NONE', #4483, #2273 ) ;
#2508 =( NAMED_UNIT ( * ) PLANE_ANGLE_UNIT ( ) SI_UNIT ( $, .RADIAN. ) );
#2509 = ORIENTED_EDGE ( 'NONE', *, *, #6668, .T. ) ;
#2510 = PRESENTATION_LAYER_ASSIGNMENT (  '', '', ( #6886 ) ) ;
#2511 = CARTESIAN_POINT ( 'NONE',  ( 0.6162271341463415597, 1.717073170731707510, 3.551000000000007262 ) ) ;
#2512 = ADVANCED_FACE ( 'NONE', ( #3144 ), #1786, .F. ) ;
#2513 = CARTESIAN_POINT ( 'NONE',  ( 1.020000000000000462, 1.084435562925361474, 3.800000000000004707 ) ) ;
#2514 = VECTOR ( 'NONE', #4657, 1000.000000000000000 ) ;
#2515 = ADVANCED_FACE ( 'NONE', ( #4170 ), #5421, .T. ) ;
#2516 = LINE ( 'NONE', #4539, #4246 ) ;
#2517 =( NAMED_UNIT ( * ) SI_UNIT ( $, .STERADIAN. ) SOLID_ANGLE_UNIT ( ) );
#2518 = DIRECTION ( 'NONE',  ( 1.000000000000000000, 0.0000000000000000000, 0.0000000000000000000 ) ) ;
#2519 = DIRECTION ( 'NONE',  ( -0.0000000000000000000, 1.000000000000000000, 3.491481338843133355E-15 ) ) ;
#2520 = MECHANICAL_DESIGN_GEOMETRIC_PRESENTATION_REPRESENTATION (  '', ( #4816 ), #4396 ) ;
#2521 = AXIS2_PLACEMENT_3D ( 'NONE', #6907, #3043, #4821 ) ;
#2522 = SURFACE_STYLE_FILL_AREA ( #4586 ) ;
#2523 = CARTESIAN_POINT ( 'NONE',  ( 0.7696464210706982501, 2.277197716158388729, 3.550000000000009148 ) ) ;
#2524 = ORIENTED_EDGE ( 'NONE', *, *, #5500, .F. ) ;
#2525 = CARTESIAN_POINT ( 'NONE',  ( 0.4701228475784284822, 1.868364202959133857, 3.550000000000008704 ) ) ;
#2526 = FILL_AREA_STYLE_COLOUR ( '', #5495 ) ;
#2527 = ADVANCED_FACE ( 'NONE', ( #7114 ), #3908, .F. ) ;
#2528 = ORIENTED_EDGE ( 'NONE', *, *, #3188, .T. ) ;
#2529 = VECTOR ( 'NONE', #1279, 1000.000000000000000 ) ;
#2530 = DIRECTION ( 'NONE',  ( 1.000000000000000000, 0.0000000000000000000, -0.0000000000000000000 ) ) ;
#2531 = LINE ( 'NONE', #6329, #2310 ) ;
#2532 = SURFACE_STYLE_USAGE ( .BOTH. , #5765 ) ;
#2533 =( LENGTH_UNIT ( ) NAMED_UNIT ( * ) SI_UNIT ( .MILLI., .METRE. ) );
#2534 = FILL_AREA_STYLE_COLOUR ( '', #1754 ) ;
#2535 = ORIENTED_EDGE ( 'NONE', *, *, #1509, .T. ) ;
#2536 = MECHANICAL_DESIGN_GEOMETRIC_PRESENTATION_REPRESENTATION (  '', ( #5523 ), #8288 ) ;
#2537 = ORIENTED_EDGE ( 'NONE', *, *, #1764, .T. ) ;
#2538 = CARTESIAN_POINT ( 'NONE',  ( 0.7597372439560977631, 1.812957306678017133, 3.550000000000006928 ) ) ;
#2539 = PRESENTATION_STYLE_ASSIGNMENT (( #4517 ) ) ;
#2540 = LINE ( 'NONE', #2496, #37 ) ;
#2541 = ORIENTED_EDGE ( 'NONE', *, *, #8464, .T. ) ;
#2542 = CARTESIAN_POINT ( 'NONE',  ( 0.7056738649877107861, 1.788427461406836505, 3.550000000000006928 ) ) ;
#2543 = PRESENTATION_LAYER_ASSIGNMENT (  '', '', ( #1866 ) ) ;
#2544 = PRESENTATION_STYLE_ASSIGNMENT (( #8329 ) ) ;
#2545 = SURFACE_SIDE_STYLE ('',( #7083 ) ) ;
#2546 = DIRECTION ( 'NONE',  ( 1.000000000000000000, 0.0000000000000000000, 0.0000000000000000000 ) ) ;
#2547 = CARTESIAN_POINT ( 'NONE',  ( 0.5335956557956923474, 2.435769204743353900, 3.550000000000008704 ) ) ;
#2548 = SURFACE_STYLE_USAGE ( .BOTH. , #1916 ) ;
#2549 = VECTOR ( 'NONE', #4393, 1000.000000000000000 ) ;
#2550 = VERTEX_POINT ( 'NONE', #5890 ) ;
#2551 = CARTESIAN_POINT ( 'NONE',  ( 0.7333786914247263367, 2.262768691694591716, 3.551000000000009926 ) ) ;
#2552 = SURFACE_STYLE_USAGE ( .BOTH. , #6442 ) ;
#2553 = SURFACE_STYLE_USAGE ( .BOTH. , #3148 ) ;
#2554 = EDGE_CURVE ( 'NONE', #2351, #5819, #728, .T. ) ;
#2555 = FILL_AREA_STYLE ('',( #2469 ) ) ;
#2556 =( NAMED_UNIT ( * ) PLANE_ANGLE_UNIT ( ) SI_UNIT ( $, .RADIAN. ) );
#2557 = CARTESIAN_POINT ( 'NONE',  ( 3.560000000000000497, 1.084435562925354368, 5.800000000000005151 ) ) ;
#2558 = CARTESIAN_POINT ( 'NONE',  ( 2.860000000000000320, -5.200000000000006395, 5.119999999999982343 ) ) ;
#2559 = LINE ( 'NONE', #5149, #857 ) ;
#2560 = MECHANICAL_DESIGN_GEOMETRIC_PRESENTATION_REPRESENTATION (  '', ( #6248 ), #5687 ) ;
#2561 = CARTESIAN_POINT ( 'NONE',  ( 0.4700000000000001954, 2.639024390243903007, 3.551000000000010370 ) ) ;
#2562 = SURFACE_STYLE_FILL_AREA ( #7107 ) ;
#2563 = DIRECTION ( 'NONE',  ( 0.0000000000000000000, -3.491481338843133355E-15, 1.000000000000000000 ) ) ;
#2564 = ORIENTED_EDGE ( 'NONE', *, *, #4047, .F. ) ;
#2565 = ADVANCED_FACE ( 'NONE', ( #2668 ), #1245, .T. ) ;
#2566 = SURFACE_STYLE_FILL_AREA ( #7066 ) ;
#2567 =( GEOMETRIC_REPRESENTATION_CONTEXT ( 3 ) GLOBAL_UNCERTAINTY_ASSIGNED_CONTEXT ( ( #7949 ) ) GLOBAL_UNIT_ASSIGNED_CONTEXT ( ( #4371, #3950, #6067 ) ) REPRESENTATION_CONTEXT ( 'NONE', 'WORKASPACE' ) );
#2568 = UNCERTAINTY_MEASURE_WITH_UNIT (LENGTH_MEASURE( 1.000000000000000082E-05 ), #7747, 'distance_accuracy_value', 'NONE');
#2569 = CARTESIAN_POINT ( 'NONE',  ( -2.449951660894842842, 4.789951660894853802, 0.4182130041253482311 ) ) ;
#2570 = ORIENTED_EDGE ( 'NONE', *, *, #7477, .T. ) ;
#2571 = COLOUR_RGB ( '',0.7529411764705882248, 0.7529411764705882248, 0.7529411764705882248 ) ;
#2572 = CARTESIAN_POINT ( 'NONE',  ( 0.4721934038540109846, 1.841710340212297847, 3.551000000000006374 ) ) ;
#2573 = AXIS2_PLACEMENT_3D ( 'NONE', #2620, #584, #4464 ) ;
#2574 = DIRECTION ( 'NONE',  ( 0.0000000000000000000, -1.000000000000000000, -3.491481338843133355E-15 ) ) ;
#2575 = DIRECTION ( 'NONE',  ( 0.0000000000000000000, -0.9396926207859107594, 0.3420201433256621071 ) ) ;
#2576 = COLOUR_RGB ( '',0.7529411764705882248, 0.7529411764705882248, 0.7529411764705882248 ) ;
#2577 = FACE_OUTER_BOUND ( 'NONE', #3601, .T. ) ;
#2578 = FILL_AREA_STYLE_COLOUR ( '', #7760 ) ;
#2579 = VECTOR ( 'NONE', #561, 1000.000000000000000 ) ;
#2580 = CARTESIAN_POINT ( 'NONE',  ( 0.4708473264982486195, 2.259679599107410120, 3.551000000000011259 ) ) ;
#2581 = FILL_AREA_STYLE ('',( #5767 ) ) ;
#2582 = VECTOR ( 'NONE', #4774, 1000.000000000000000 ) ;
#2583 = VECTOR ( 'NONE', #5369, 1000.000000000000000 ) ;
#2584 = ORIENTED_EDGE ( 'NONE', *, *, #1861, .F. ) ;
#2585 = ORIENTED_EDGE ( 'NONE', *, *, #6972, .F. ) ;
#2586 = AXIS2_PLACEMENT_3D ( 'NONE', #2197, #1505, #8091 ) ;
#2587 = ORIENTED_EDGE ( 'NONE', *, *, #1875, .T. ) ;
#2588 = CARTESIAN_POINT ( 'NONE',  ( 0.6162271341463415597, 1.717073170731707510, 3.550000000000006928 ) ) ;
#2589 = STYLED_ITEM ( 'NONE', ( #6464 ), #1592 ) ;
#2590 = CARTESIAN_POINT ( 'NONE',  ( 0.7405903649754754792, 2.302820628330825237, 3.551000000000009926 ) ) ;
#2591 = VERTEX_POINT ( 'NONE', #5264 ) ;
#2592 = CARTESIAN_POINT ( 'NONE',  ( 0.6084003709846657060, 2.459367883913083030, 3.550000000000010481 ) ) ;
#2593 = CARTESIAN_POINT ( 'NONE',  ( -1.020000000000000462, 3.099999999999991651, 5.800000000000011369 ) ) ;
#2594 = DIRECTION ( 'NONE',  ( -0.0000000000000000000, 1.000000000000000000, 3.491481338843133355E-15 ) ) ;
#2595 = DIRECTION ( 'NONE',  ( -1.000000000000000000, -0.0000000000000000000, 0.0000000000000000000 ) ) ;
#2596 = VECTOR ( 'NONE', #3284, 1000.000000000000000 ) ;
#2597 = CARTESIAN_POINT ( 'NONE',  ( 0.7261975465765403426, 2.244882178262786354, 3.551000000000010370 ) ) ;
#2598 = SURFACE_STYLE_USAGE ( .BOTH. , #4929 ) ;
#2599 = PLANE ( 'NONE',  #2720 ) ;
#2600 = PLANE ( 'NONE',  #8275 ) ;
#2601 = CARTESIAN_POINT ( 'NONE',  ( 0.6927155612519305672, 1.734211549773470473, 3.551000000000006374 ) ) ;
#2602 = EDGE_CURVE ( 'NONE', #5036, #3978, #2129, .T. ) ;
#2603 = CARTESIAN_POINT ( 'NONE',  ( 0.7689851138769089323, 2.273782808123950172, 3.551000000000010814 ) ) ;
#2604 = EDGE_LOOP ( 'NONE', ( #4448, #6747, #5253, #255 ) ) ;
#2605 = SURFACE_STYLE_USAGE ( .BOTH. , #570 ) ;
#2606 = FILL_AREA_STYLE ('',( #6569 ) ) ;
#2607 = CARTESIAN_POINT ( 'NONE',  ( -1.270000000000000684, 0.7999999999999928280, 5.550000000000003375 ) ) ;
#2608 = ORIENTED_EDGE ( 'NONE', *, *, #2083, .T. ) ;
#2609 = CARTESIAN_POINT ( 'NONE',  ( 1.270000000000000240, 3.299999999999998046, 4.050000000000012257 ) ) ;
#2610 =( NAMED_UNIT ( * ) SI_UNIT ( $, .STERADIAN. ) SOLID_ANGLE_UNIT ( ) );
#2611 = CARTESIAN_POINT ( 'NONE',  ( -1.769999999999999796, 3.299999999999991385, 6.050000000000012257 ) ) ;
#2612 = SURFACE_STYLE_USAGE ( .BOTH. , #8 ) ;
#2613 = SURFACE_SIDE_STYLE ('',( #3158 ) ) ;
#2614 = LINE ( 'NONE', #6415, #2529 ) ;
#2615 = ADVANCED_FACE ( 'NONE', ( #786 ), #2600, .F. ) ;
#2616 = CARTESIAN_POINT ( 'NONE',  ( 0.7663286590084975591, 2.263682824380140790, 3.550000000000007816 ) ) ;
#2617 = ORIENTED_EDGE ( 'NONE', *, *, #4414, .T. ) ;
#2618 = CARTESIAN_POINT ( 'NONE',  ( -2.860000000000000320, -4.699999999999999289, 4.479999999999984439 ) ) ;
#2619 = FILL_AREA_STYLE_COLOUR ( '', #5552 ) ;
#2620 = CARTESIAN_POINT ( 'NONE',  ( 0.3200000000000000067, -5.200000000000002842, 4.479999999999982663 ) ) ;
#2621 = FILL_AREA_STYLE ('',( #5972 ) ) ;
#2622 = SURFACE_STYLE_FILL_AREA ( #103 ) ;
#2623 = PRESENTATION_STYLE_ASSIGNMENT (( #696 ) ) ;
#2624 = CARTESIAN_POINT ( 'NONE',  ( 2.860000000000000320, -4.700000000000001066, 5.119999999999984119 ) ) ;
#2625 = LINE ( 'NONE', #4469, #5009 ) ;
#2626 = EDGE_LOOP ( 'NONE', ( #4651, #6128, #2389, #5488 ) ) ;
#2627 = ORIENTED_EDGE ( 'NONE', *, *, #4780, .T. ) ;
#2628 = UNCERTAINTY_MEASURE_WITH_UNIT (LENGTH_MEASURE( 1.000000000000000082E-05 ), #7544, 'distance_accuracy_value', 'NONE');
#2629 = CARTESIAN_POINT ( 'NONE',  ( 0.7300264730925146717, 2.253676545799250253, 3.551000000000008150 ) ) ;
#2630 = EDGE_CURVE ( 'NONE', #14, #592, #7227, .T. ) ;
#2631 = ORIENTED_EDGE ( 'NONE', *, *, #7447, .T. ) ;
#2632 = DIRECTION ( 'NONE',  ( 1.000000000000000000, 0.0000000000000000000, 0.0000000000000000000 ) ) ;
#2633 =( NAMED_UNIT ( * ) PLANE_ANGLE_UNIT ( ) SI_UNIT ( $, .RADIAN. ) );
#2634 = AXIS2_PLACEMENT_3D ( 'NONE', #1381, #3969, #3333 ) ;
#2635 =( NAMED_UNIT ( * ) PLANE_ANGLE_UNIT ( ) SI_UNIT ( $, .RADIAN. ) );
#2636 = CARTESIAN_POINT ( 'NONE',  ( 0.7300264730925146717, 2.253676545799250253, 3.550000000000007816 ) ) ;
#2637 = DIRECTION ( 'NONE',  ( 0.0000000000000000000, 1.000000000000000000, 4.087566811209707212E-15 ) ) ;
#2638 = UNCERTAINTY_MEASURE_WITH_UNIT (LENGTH_MEASURE( 1.000000000000000082E-05 ), #6724, 'distance_accuracy_value', 'NONE');
#2639 = PLANE ( 'NONE',  #4168 ) ;
#2640 = PRESENTATION_STYLE_ASSIGNMENT (( #3594 ) ) ;
#2641 = LINE ( 'NONE', #6597, #5555 ) ;
#2642 = EDGE_CURVE ( 'NONE', #3452, #7719, #1560, .T. ) ;
#2643 = ORIENTED_EDGE ( 'NONE', *, *, #3016, .T. ) ;
#2644 = FILL_AREA_STYLE_COLOUR ( '', #1484 ) ;
#2645 = LINE ( 'NONE', #7305, #2252 ) ;
#2646 = VECTOR ( 'NONE', #1938, 1000.000000000000114 ) ;
#2647 = CARTESIAN_POINT ( 'NONE',  ( 0.7560049944131629340, 2.239400383086155077, 3.550000000000008260 ) ) ;
#2648 = UNCERTAINTY_MEASURE_WITH_UNIT (LENGTH_MEASURE( 1.000000000000000082E-05 ), #8018, 'distance_accuracy_value', 'NONE');
#2649 = ORIENTED_EDGE ( 'NONE', *, *, #3585, .T. ) ;
#2650 =( NAMED_UNIT ( * ) PLANE_ANGLE_UNIT ( ) SI_UNIT ( $, .RADIAN. ) );
#2651 = CARTESIAN_POINT ( 'NONE',  ( 2.860000000000000320, -5.200000000000002842, 4.479999999999982663 ) ) ;
#2652 = ORIENTED_EDGE ( 'NONE', *, *, #5580, .F. ) ;
#2653 = FILL_AREA_STYLE ('',( #5875 ) ) ;
#2654 = STYLED_ITEM ( 'NONE', ( #1953 ), #3651 ) ;
#2655 = EDGE_CURVE ( 'NONE', #3951, #7676, #6040, .T. ) ;
#2656 =( LENGTH_UNIT ( ) NAMED_UNIT ( * ) SI_UNIT ( .MILLI., .METRE. ) );
#2657 = PRESENTATION_STYLE_ASSIGNMENT (( #720 ) ) ;
#2658 = B_SPLINE_SURFACE_WITH_KNOTS ( 'NONE', 3, 1, ( 
 ( #510, #2409 ),
 ( #4832, #5007 ),
 ( #427, #3609 ),
 ( #6295, #1780 ),
 ( #6211, #386 ),
 ( #2976, #3094 ),
 ( #1741, #4341 ),
 ( #5566, #2288 ),
 ( #7476, #2251 ),
 ( #7560, #1609 ),
 ( #1700, #973 ),
 ( #5607, #4309 ),
 ( #6168, #4877 ),
 ( #462, #2371 ),
 ( #342, #3681 ),
 ( #5647, #4266 ),
 ( #6961, #8232 ),
 ( #4964, #1103 ),
 ( #3052, #8287 ) ),
 .UNSPECIFIED., .F., .F., .F.,
 ( 4, 1, 1, 1, 1, 1, 1, 1, 1, 1, 1, 1, 1, 1, 1, 1, 4 ),
 ( 2, 2 ),
 ( 0.0000000000000000000, 0.07377411937406355702, 0.1440791147260410965, 0.2113485183089110486, 0.2760768857398838150, 0.3385209158196762491, 0.3998851166931334244, 0.4602540674652125796, 0.5205889643912473552, 0.5802076845630439461, 0.6386329085525459526, 0.6963645494905243982, 0.7540017746600127246, 0.8128056813744982678, 0.8727544255255603733, 0.9351819969782676489, 0.9999999999999998890 ),
 ( 0.0000000000000000000, 1.000000000000000000 ),
 .UNSPECIFIED. ) ;
#2659 = VECTOR ( 'NONE', #6883, 1000.000000000000227 ) ;
#2660 = VECTOR ( 'NONE', #2159, 1000.000000000000000 ) ;
#2661 = UNCERTAINTY_MEASURE_WITH_UNIT (LENGTH_MEASURE( 1.000000000000000082E-05 ), #6497, 'distance_accuracy_value', 'NONE');
#2662 = ORIENTED_EDGE ( 'NONE', *, *, #1294, .F. ) ;
#2663 = LINE ( 'NONE', #15, #6506 ) ;
#2664 = DIRECTION ( 'NONE',  ( 0.0000000000000000000, 1.000000000000000000, 3.491481338843133355E-15 ) ) ;
#2665 = ADVANCED_FACE ( 'NONE', ( #1608 ), #6829, .T. ) ;
#2666 = STYLED_ITEM ( 'NONE', ( #7638 ), #3865 ) ;
#2667 =( GEOMETRIC_REPRESENTATION_CONTEXT ( 3 ) GLOBAL_UNCERTAINTY_ASSIGNED_CONTEXT ( ( #4061 ) ) GLOBAL_UNIT_ASSIGNED_CONTEXT ( ( #8075, #7994, #4110 ) ) REPRESENTATION_CONTEXT ( 'NONE', 'WORKASPACE' ) );
#2668 = FACE_OUTER_BOUND ( 'NONE', #4564, .T. ) ;
#2669 = SURFACE_SIDE_STYLE ('',( #1367 ) ) ;
#2670 = ORIENTED_EDGE ( 'NONE', *, *, #1833, .F. ) ;
#2671 = VECTOR ( 'NONE', #3923, 1000.000000000000000 ) ;
#2672 = ORIENTED_EDGE ( 'NONE', *, *, #7602, .F. ) ;
#2673 =( GEOMETRIC_REPRESENTATION_CONTEXT ( 3 ) GLOBAL_UNCERTAINTY_ASSIGNED_CONTEXT ( ( #4231 ) ) GLOBAL_UNIT_ASSIGNED_CONTEXT ( ( #3508, #4333, #2882 ) ) REPRESENTATION_CONTEXT ( 'NONE', 'WORKASPACE' ) );
#2674 = COLOUR_RGB ( '',0.7529411764705882248, 0.7529411764705882248, 0.7529411764705882248 ) ;
#2675 = CARTESIAN_POINT ( 'NONE',  ( 0.7700000000000001288, 2.017073170731706888, 3.550000000000007816 ) ) ;
#2676 = ORIENTED_EDGE ( 'NONE', *, *, #2602, .F. ) ;
#2677 = FACE_OUTER_BOUND ( 'NONE', #819, .T. ) ;
#2678 = EDGE_CURVE ( 'NONE', #4024, #1418, #299, .T. ) ;
#2679 = CARTESIAN_POINT ( 'NONE',  ( -2.540000000000000036, 0.7999999999999967137, 4.480000000000003091 ) ) ;
#2680 = LINE ( 'NONE', #8374, #5023 ) ;
#2681 = ORIENTED_EDGE ( 'NONE', *, *, #2289, .F. ) ;
#2682 = CARTESIAN_POINT ( 'NONE',  ( -1.020000000000000462, 3.099999999999998312, 4.050000000000012257 ) ) ;
#2683 = EDGE_CURVE ( 'NONE', #6136, #3958, #4185, .T. ) ;
#2684 = VERTEX_POINT ( 'NONE', #8286 ) ;
#2685 = STYLED_ITEM ( 'NONE', ( #4848 ), #6583 ) ;
#2686 = CARTESIAN_POINT ( 'NONE',  ( 2.220000000000000195, 3.879999999999994564, 5.120000000000012541 ) ) ;
#2687 = CARTESIAN_POINT ( 'NONE',  ( 2.860000000000000320, -4.699999999999999289, 4.479999999999984439 ) ) ;
#2688 = AXIS2_PLACEMENT_3D ( 'NONE', #4599, #3909, #1405 ) ;
#2689 = COLOUR_RGB ( '',0.7529411764705882248, 0.7529411764705882248, 0.7529411764705882248 ) ;
#2690 = VERTEX_POINT ( 'NONE', #1180 ) ;
#2691 = LINE ( 'NONE', #2176, #1874 ) ;
#2692 = CARTESIAN_POINT ( 'NONE',  ( 2.678014882866899260, 4.741985117133110883, 0.5500000000000174749 ) ) ;
#2693 = ORIENTED_EDGE ( 'NONE', *, *, #7272, .F. ) ;
#2694 = MECHANICAL_DESIGN_GEOMETRIC_PRESENTATION_REPRESENTATION (  '', ( #5257 ), #3167 ) ;
#2695 = CARTESIAN_POINT ( 'NONE',  ( 0.5065853658536587645, 1.562900152439024692, 3.551000000000006818 ) ) ;
#2696 = PLANE ( 'NONE',  #5696 ) ;
#2697 = CARTESIAN_POINT ( 'NONE',  ( 0.3200000000000000067, 4.560000000000008491, 1.050000000000020473 ) ) ;
#2698 = DIRECTION ( 'NONE',  ( 0.0000000000000000000, 3.491481338843133355E-15, -1.000000000000000000 ) ) ;
#2699 = CARTESIAN_POINT ( 'NONE',  ( 0.5012100544121134149, 2.330523925317369738, 3.551000000000009926 ) ) ;
#2700 = CARTESIAN_POINT ( 'NONE',  ( -0.3912143883924030230, -4.504340075951596134, 4.408785611607580535 ) ) ;
#2701 = SURFACE_SIDE_STYLE ('',( #1977 ) ) ;
#2702 = SURFACE_SIDE_STYLE ('',( #189 ) ) ;
#2703 = CARTESIAN_POINT ( 'NONE',  ( 0.3200000000000000067, 3.099999999999995204, 4.800000000000011369 ) ) ;
#2704 = MECHANICAL_DESIGN_GEOMETRIC_PRESENTATION_REPRESENTATION (  '', ( #5959 ), #6521 ) ;
#2705 = ORIENTED_EDGE ( 'NONE', *, *, #3630, .F. ) ;
#2706 = EDGE_CURVE ( 'NONE', #5036, #4819, #7044, .T. ) ;
#2707 = CARTESIAN_POINT ( 'NONE',  ( -2.220000000000000195, -5.200000000000006395, 5.119999999999982343 ) ) ;
#2708 = ORIENTED_EDGE ( 'NONE', *, *, #3552, .T. ) ;
#2709 = CARTESIAN_POINT ( 'NONE',  ( 0.7700000000000001288, 1.695121951219512368, 3.551000000000007262 ) ) ;
#2710 = PRESENTATION_LAYER_ASSIGNMENT (  '', '', ( #7088 ) ) ;
#2711 = FILL_AREA_STYLE_COLOUR ( '', #213 ) ;
#2712 =( GEOMETRIC_REPRESENTATION_CONTEXT ( 3 ) GLOBAL_UNCERTAINTY_ASSIGNED_CONTEXT ( ( #2363 ) ) GLOBAL_UNIT_ASSIGNED_CONTEXT ( ( #475, #4353, #3625 ) ) REPRESENTATION_CONTEXT ( 'NONE', 'WORKASPACE' ) );
#2713 = PLANE ( 'NONE',  #2586 ) ;
#2714 = DIRECTION ( 'NONE',  ( 0.0000000000000000000, -3.491481338843133355E-15, 1.000000000000000000 ) ) ;
#2715 = VERTEX_POINT ( 'NONE', #4963 ) ;
#2716 = STYLED_ITEM ( 'NONE', ( #2657 ), #5064 ) ;
#2717 = LINE ( 'NONE', #6640, #3616 ) ;
#2718 = EDGE_CURVE ( 'NONE', #7748, #1095, #3136, .T. ) ;
#2719 = MECHANICAL_DESIGN_GEOMETRIC_PRESENTATION_REPRESENTATION (  '', ( #2589 ), #3658 ) ;
#2720 = AXIS2_PLACEMENT_3D ( 'NONE', #7976, #4092, #4622 ) ;
#2721 = CARTESIAN_POINT ( 'NONE',  ( -2.401985117133101255, 4.741985117133110883, 0.5500000000000174749 ) ) ;
#2722 = CARTESIAN_POINT ( 'NONE',  ( 0.6858536585365855309, 1.498647103658536928, 3.551000000000006374 ) ) ;
#2723 = VERTEX_POINT ( 'NONE', #5730 ) ;
#2724 = STYLED_ITEM ( 'NONE', ( #3886 ), #4485 ) ;
#2725 = ADVANCED_FACE ( 'NONE', ( #8371 ), #6917, .T. ) ;
#2726 = AXIS2_PLACEMENT_3D ( 'NONE', #3883, #5087, #3093 ) ;
#2727 = EDGE_LOOP ( 'NONE', ( #6570, #1335, #6863, #8188 ) ) ;
#2728 = LINE ( 'NONE', #1478, #113 ) ;
#2729 = CARTESIAN_POINT ( 'NONE',  ( 0.7712108514703667206, 2.349160335858918813, 3.551000000000150258 ) ) ;
#2730 = VECTOR ( 'NONE', #1133, 1000.000000000000000 ) ;
#2731 = ORIENTED_EDGE ( 'NONE', *, *, #6213, .F. ) ;
#2732 = LINE ( 'NONE', #2090, #2360 ) ;
#2733 = SURFACE_SIDE_STYLE ('',( #8026 ) ) ;
#2734 = FILL_AREA_STYLE_COLOUR ( '', #544 ) ;
#2735 = CARTESIAN_POINT ( 'NONE',  ( 0.6162271341463415597, 1.717073170731707510, 3.550000000000006928 ) ) ;
#2736 = DIRECTION ( 'NONE',  ( 1.000000000000000000, 0.0000000000000000000, 0.0000000000000000000 ) ) ;
#2737 = UNCERTAINTY_MEASURE_WITH_UNIT (LENGTH_MEASURE( 1.000000000000000082E-05 ), #5869, 'distance_accuracy_value', 'NONE');
#2738 = ORIENTED_EDGE ( 'NONE', *, *, #7194, .T. ) ;
#2739 = CARTESIAN_POINT ( 'NONE',  ( 0.5002551018783165659, 1.773132023208021435, 3.550000000000007372 ) ) ;
#2740 = CARTESIAN_POINT ( 'NONE',  ( -2.860000000000000320, 3.879999999999999005, 3.800000000000013589 ) ) ;
#2741 = EDGE_CURVE ( 'NONE', #7587, #4606, #4340, .T. ) ;
#2742 = AXIS2_PLACEMENT_3D ( 'NONE', #8362, #586, #105 ) ;
#2743 = FACE_OUTER_BOUND ( 'NONE', #882, .T. ) ;
#2744 = ORIENTED_EDGE ( 'NONE', *, *, #5930, .F. ) ;
#2745 = ORIENTED_EDGE ( 'NONE', *, *, #2289, .T. ) ;
#2746 = DIRECTION ( 'NONE',  ( -1.000000000000000000, -0.0000000000000000000, -0.0000000000000000000 ) ) ;
#2747 = FILL_AREA_STYLE ('',( #780 ) ) ;
#2748 = SURFACE_SIDE_STYLE ('',( #152 ) ) ;
#2749 = EDGE_CURVE ( 'NONE', #6896, #3501, #3960, .T. ) ;
#2750 =( NAMED_UNIT ( * ) PLANE_ANGLE_UNIT ( ) SI_UNIT ( $, .RADIAN. ) );
#2751 = ORIENTED_EDGE ( 'NONE', *, *, #117, .F. ) ;
#2752 = PLANE ( 'NONE',  #7548 ) ;
#2753 = LINE ( 'NONE', #5347, #7354 ) ;
#2754 = EDGE_LOOP ( 'NONE', ( #3816, #7888, #5999, #6433, #3410, #3980 ) ) ;
#2755 = DIRECTION ( 'NONE',  ( 0.0000000000000000000, 1.000000000000000000, 1.642730564371977449E-15 ) ) ;
#2756 =( LENGTH_UNIT ( ) NAMED_UNIT ( * ) SI_UNIT ( .MILLI., .METRE. ) );
#2757 = ADVANCED_FACE ( 'NONE', ( #6635 ), #5908, .T. ) ;
#2758 = CARTESIAN_POINT ( 'NONE',  ( 0.7544512195121951814, 2.236585365853658303, 3.551000000000009038 ) ) ;
#2759 = STYLED_ITEM ( 'NONE', ( #7473 ), #7061 ) ;
#2760 = VERTEX_POINT ( 'NONE', #2277 ) ;
#2761 = SURFACE_STYLE_USAGE ( .BOTH. , #2811 ) ;
#2762 = PRESENTATION_STYLE_ASSIGNMENT (( #260 ) ) ;
#2763 = CARTESIAN_POINT ( 'NONE',  ( 0.5184756097560976329, 2.236585365853658303, 3.551000000000009038 ) ) ;
#2764 = ORIENTED_EDGE ( 'NONE', *, *, #8059, .T. ) ;
#2765 = FACE_OUTER_BOUND ( 'NONE', #8308, .T. ) ;
#2766 = SURFACE_STYLE_FILL_AREA ( #6050 ) ;
#2767 = MECHANICAL_DESIGN_GEOMETRIC_PRESENTATION_REPRESENTATION (  '', ( #7953 ), #3174 ) ;
#2768 = EDGE_CURVE ( 'NONE', #7697, #7628, #7731, .T. ) ;
#2769 = CARTESIAN_POINT ( 'NONE',  ( 0.4708473264982486195, 2.259679599107410120, 3.550000000000010925 ) ) ;
#2770 = DIRECTION ( 'NONE',  ( 1.000000000000000000, 0.0000000000000000000, -0.0000000000000000000 ) ) ;
#2771 =( GEOMETRIC_REPRESENTATION_CONTEXT ( 3 ) GLOBAL_UNCERTAINTY_ASSIGNED_CONTEXT ( ( #8193 ) ) GLOBAL_UNIT_ASSIGNED_CONTEXT ( ( #5922, #5024, #8425 ) ) REPRESENTATION_CONTEXT ( 'NONE', 'WORKASPACE' ) );
#2772 = DIRECTION ( 'NONE',  ( 0.0000000000000000000, -1.000000000000000000, -3.491481338843133355E-15 ) ) ;
#2773 =( NAMED_UNIT ( * ) SI_UNIT ( $, .STERADIAN. ) SOLID_ANGLE_UNIT ( ) );
#2774 =( NAMED_UNIT ( * ) PLANE_ANGLE_UNIT ( ) SI_UNIT ( $, .RADIAN. ) );
#2775 = ADVANCED_FACE ( 'NONE', ( #3507 ), #816, .T. ) ;
#2776 = CARTESIAN_POINT ( 'NONE',  ( 0.4921655835545581947, 1.785436343859475361, 3.550000000000008260 ) ) ;
#2777 = LINE ( 'NONE', #5192, #1417 ) ;
#2778 = ORIENTED_EDGE ( 'NONE', *, *, #1065, .T. ) ;
#2779 =( NAMED_UNIT ( * ) PLANE_ANGLE_UNIT ( ) SI_UNIT ( $, .RADIAN. ) );
#2780 = DIRECTION ( 'NONE',  ( 0.0000000000000000000, -1.000000000000000000, -3.491481338843133355E-15 ) ) ;
#2781 = CARTESIAN_POINT ( 'NONE',  ( 0.1380148828668992245, 5.200000000000009948, 0.5500000000000192513 ) ) ;
#2782 = CARTESIAN_POINT ( 'NONE',  ( 0.6170846036585366789, 1.757317073170731936, 3.551000000000007262 ) ) ;
#2783 = DIRECTION ( 'NONE',  ( 0.0000000000000000000, -3.491481338843133355E-15, 1.000000000000000000 ) ) ;
#2784 = VECTOR ( 'NONE', #7489, 1000.000000000000000 ) ;
#2785 = VECTOR ( 'NONE', #145, 1000.000000000000000 ) ;
#2786 = CARTESIAN_POINT ( 'NONE',  ( 1.769999999999999796, 3.299999999999991385, 6.050000000000012257 ) ) ;
#2787 = DIRECTION ( 'NONE',  ( -1.000000000000000000, 0.0000000000000000000, 0.0000000000000000000 ) ) ;
#2788 =( LENGTH_UNIT ( ) NAMED_UNIT ( * ) SI_UNIT ( .MILLI., .METRE. ) );
#2789 = MECHANICAL_DESIGN_GEOMETRIC_PRESENTATION_REPRESENTATION (  '', ( #73 ), #8400 ) ;
#2790 = VECTOR ( 'NONE', #8358, 1000.000000000000114 ) ;
#2791 = DIRECTION ( 'NONE',  ( 1.000000000000000000, 0.0000000000000000000, 0.0000000000000000000 ) ) ;
#2792 = ORIENTED_EDGE ( 'NONE', *, *, #5979, .F. ) ;
#2793 = SURFACE_STYLE_FILL_AREA ( #2072 ) ;
#2794 = PRESENTATION_STYLE_ASSIGNMENT (( #4735 ) ) ;
#2795 = CARTESIAN_POINT ( 'NONE',  ( -0.3200000000000000067, 0.7999999999999953815, 4.800000000000004263 ) ) ;
#2796 = SURFACE_STYLE_USAGE ( .BOTH. , #4010 ) ;
#2797 = ORIENTED_EDGE ( 'NONE', *, *, #687, .F. ) ;
#2798 = FILL_AREA_STYLE_COLOUR ( '', #3477 ) ;
#2799 = UNCERTAINTY_MEASURE_WITH_UNIT (LENGTH_MEASURE( 1.000000000000000082E-05 ), #6149, 'distance_accuracy_value', 'NONE');
#2800 = CIRCLE ( 'NONE', #635, 0.6799999999999991607 ) ;
#2801 = VECTOR ( 'NONE', #3123, 1000.000000000000000 ) ;
#2802 = AXIS2_PLACEMENT_3D ( 'NONE', #7526, #3224, #8465 ) ;
#2803 =( LENGTH_UNIT ( ) NAMED_UNIT ( * ) SI_UNIT ( .MILLI., .METRE. ) );
#2804 = ORIENTED_EDGE ( 'NONE', *, *, #6943, .F. ) ;
#2805 =( NAMED_UNIT ( * ) SI_UNIT ( $, .STERADIAN. ) SOLID_ANGLE_UNIT ( ) );
#2806 = MECHANICAL_DESIGN_GEOMETRIC_PRESENTATION_REPRESENTATION (  '', ( #6491 ), #7598 ) ;
#2807 = CARTESIAN_POINT ( 'NONE',  ( 0.7407317073170731625, 2.313586128048780388, 3.550000000000009148 ) ) ;
#2808 = ORIENTED_EDGE ( 'NONE', *, *, #783, .T. ) ;
#2809 = LINE ( 'NONE', #3565, #148 ) ;
#2810 =( GEOMETRIC_REPRESENTATION_CONTEXT ( 3 ) GLOBAL_UNCERTAINTY_ASSIGNED_CONTEXT ( ( #7187 ) ) GLOBAL_UNIT_ASSIGNED_CONTEXT ( ( #5483, #7398, #6057 ) ) REPRESENTATION_CONTEXT ( 'NONE', 'WORKASPACE' ) );
#2811 = SURFACE_SIDE_STYLE ('',( #1565 ) ) ;
#2812 = UNCERTAINTY_MEASURE_WITH_UNIT (LENGTH_MEASURE( 1.000000000000000082E-05 ), #5595, 'distance_accuracy_value', 'NONE');
#2813 = ORIENTED_EDGE ( 'NONE', *, *, #3905, .T. ) ;
#2814 = ADVANCED_FACE ( 'NONE', ( #6332 ), #8270, .F. ) ;
#2815 = CARTESIAN_POINT ( 'NONE',  ( 0.7693954655392986064, 2.358078720109429760, 3.550000000000009148 ) ) ;
#2816 = ORIENTED_EDGE ( 'NONE', *, *, #5236, .F. ) ;
#2817 = B_SPLINE_CURVE_WITH_KNOTS ( 'NONE', 3,
 ( #328, #4782, #5548, #6117, #2881, #2918, #5506, #4860, #1648, #8442, #2398 ),
 .UNSPECIFIED., .F., .F.,
 ( 4, 1, 1, 1, 1, 1, 1, 1, 4 ),
 ( 0.0000000000000000000, 0.1252796967356279434, 0.2494199707420534651, 0.3733567994928204126, 0.4966812787822857400, 0.6202029157439824525, 0.7450863201614601472, 0.8712691950191007173, 0.9999999999999998890 ),
 .UNSPECIFIED. ) ;
#2818 = MECHANICAL_DESIGN_GEOMETRIC_PRESENTATION_REPRESENTATION (  '', ( #4700 ), #4566 ) ;
#2819 = FILL_AREA_STYLE ('',( #1182 ) ) ;
#2820 = VECTOR ( 'NONE', #4939, 1000.000000000000000 ) ;
#2821 = CARTESIAN_POINT ( 'NONE',  ( 0.6216993714160369278, 1.757420600224206764, 3.550000000000006928 ) ) ;
#2822 = EDGE_CURVE ( 'NONE', #7268, #460, #4760, .T. ) ;
#2823 = DIRECTION ( 'NONE',  ( 0.0000000000000000000, 1.000000000000000000, 0.0000000000000000000 ) ) ;
#2824 = VERTEX_POINT ( 'NONE', #4029 ) ;
#2825 = COLOUR_RGB ( '',0.7529411764705882248, 0.7529411764705882248, 0.7529411764705882248 ) ;
#2826 =( NAMED_UNIT ( * ) PLANE_ANGLE_UNIT ( ) SI_UNIT ( $, .RADIAN. ) );
#2827 = DIRECTION ( 'NONE',  ( 1.000000000000000000, 0.0000000000000000000, -0.0000000000000000000 ) ) ;
#2828 = DIRECTION ( 'NONE',  ( 0.0000000000000000000, 1.000000000000000000, 3.491481338843133355E-15 ) ) ;
#2829 = LINE ( 'NONE', #6748, #5151 ) ;
#2830 = FILL_AREA_STYLE ('',( #8041 ) ) ;
#2831 = ADVANCED_FACE ( 'NONE', ( #1529 ), #3439, .T. ) ;
#2832 = EDGE_LOOP ( 'NONE', ( #8168, #5391, #7964, #5906 ) ) ;
#2833 = FILL_AREA_STYLE_COLOUR ( '', #3044 ) ;
#2834 = EDGE_LOOP ( 'NONE', ( #7674, #4045, #6940, #4062, #1228, #6427, #35, #2842, #5063, #2928, #5978, #7855, #742, #2537, #4696, #6022, #1453, #2430, #8401, #5289 ) ) ;
#2835 = VECTOR ( 'NONE', #3802, 1000.000000000000000 ) ;
#2836 = SURFACE_STYLE_USAGE ( .BOTH. , #244 ) ;
#2837 = SURFACE_STYLE_USAGE ( .BOTH. , #7256 ) ;
#2838 =( NAMED_UNIT ( * ) SI_UNIT ( $, .STERADIAN. ) SOLID_ANGLE_UNIT ( ) );
#2839 = MECHANICAL_DESIGN_GEOMETRIC_PRESENTATION_REPRESENTATION (  '', ( #7763 ), #4040 ) ;
#2840 = FILL_AREA_STYLE_COLOUR ( '', #2358 ) ;
#2841 = MECHANICAL_DESIGN_GEOMETRIC_PRESENTATION_REPRESENTATION (  '', ( #3898 ), #4864 ) ;
#2842 = ORIENTED_EDGE ( 'NONE', *, *, #6005, .F. ) ;
#2843 = FILL_AREA_STYLE_COLOUR ( '', #4901 ) ;
#2844 =( GEOMETRIC_REPRESENTATION_CONTEXT ( 3 ) GLOBAL_UNCERTAINTY_ASSIGNED_CONTEXT ( ( #2143 ) ) GLOBAL_UNIT_ASSIGNED_CONTEXT ( ( #6106, #4074, #3321 ) ) REPRESENTATION_CONTEXT ( 'NONE', 'WORKASPACE' ) );
#2845 = CARTESIAN_POINT ( 'NONE',  ( 2.220000000000000195, -4.699999999999995737, 3.799999999999983391 ) ) ;
#2846 = STYLED_ITEM ( 'NONE', ( #6987 ), #2001 ) ;
#2847 = DIRECTION ( 'NONE',  ( -0.7071067811865473507, -2.468850131082266527E-15, 0.7071067811865477948 ) ) ;
#2848 = ORIENTED_EDGE ( 'NONE', *, *, #6577, .F. ) ;
#2849 = FACE_OUTER_BOUND ( 'NONE', #4728, .T. ) ;
#2850 = MECHANICAL_DESIGN_GEOMETRIC_PRESENTATION_REPRESENTATION (  '', ( #6531 ), #7508 ) ;
#2851 = EDGE_LOOP ( 'NONE', ( #456, #2891, #3995, #4781 ) ) ;
#2852 = COLOUR_RGB ( '',0.2509803921568627416, 0.2509803921568627416, 0.2509803921568627416 ) ;
#2853 = VERTEX_POINT ( 'NONE', #4203 ) ;
#2854 =( LENGTH_UNIT ( ) NAMED_UNIT ( * ) SI_UNIT ( .MILLI., .METRE. ) );
#2855 = CARTESIAN_POINT ( 'NONE',  ( 2.401985117133100811, 5.200000000000009948, 0.5500000000000192513 ) ) ;
#2856 = VERTEX_POINT ( 'NONE', #4865 ) ;
#2857 = LINE ( 'NONE', #263, #6161 ) ;
#2858 = VECTOR ( 'NONE', #1830, 1000.000000000000000 ) ;
#2859 = STYLED_ITEM ( 'NONE', ( #5138 ), #7654 ) ;
#2860 = PRESENTATION_STYLE_ASSIGNMENT (( #2261 ) ) ;
#2861 = CARTESIAN_POINT ( 'NONE',  ( 0.7328434151274620945, 1.837419171218074743, 3.551000000000007706 ) ) ;
#2862 = EDGE_CURVE ( 'NONE', #4335, #7474, #7420, .T. ) ;
#2863 =( LENGTH_UNIT ( ) NAMED_UNIT ( * ) SI_UNIT ( .MILLI., .METRE. ) );
#2864 = DIRECTION ( 'NONE',  ( 1.000000000000000000, 0.0000000000000000000, 0.0000000000000000000 ) ) ;
#2865 =( GEOMETRIC_REPRESENTATION_CONTEXT ( 3 ) GLOBAL_UNCERTAINTY_ASSIGNED_CONTEXT ( ( #8233 ) ) GLOBAL_UNIT_ASSIGNED_CONTEXT ( ( #7124, #1256, #3724 ) ) REPRESENTATION_CONTEXT ( 'NONE', 'WORKASPACE' ) );
#2866 = CARTESIAN_POINT ( 'NONE',  ( 0.5721720569815927915, 2.411913239750977933, 3.551000000000010370 ) ) ;
#2867 = CARTESIAN_POINT ( 'NONE',  ( 0.7637295098056954279, 2.376740434698439763, 3.551000000000008594 ) ) ;
#2868 = FACE_OUTER_BOUND ( 'NONE', #234, .T. ) ;
#2869 = LINE ( 'NONE', #5453, #1533 ) ;
#2870 = SURFACE_SIDE_STYLE ('',( #2994 ) ) ;
#2871 = CARTESIAN_POINT ( 'NONE',  ( 0.5390107642314940772, 1.781735037378472164, 3.550000000000009148 ) ) ;
#2872 = EDGE_CURVE ( 'NONE', #7411, #7058, #8459, .T. ) ;
#2873 = DIRECTION ( 'NONE',  ( 0.0000000000000000000, 1.000000000000000000, 3.491481338843133750E-15 ) ) ;
#2874 = FACE_BOUND ( 'NONE', #7110, .T. ) ;
#2875 = ORIENTED_EDGE ( 'NONE', *, *, #8447, .F. ) ;
#2876 = FILL_AREA_STYLE ('',( #2833 ) ) ;
#2877 =( NAMED_UNIT ( * ) PLANE_ANGLE_UNIT ( ) SI_UNIT ( $, .RADIAN. ) );
#2878 = ORIENTED_EDGE ( 'NONE', *, *, #8173, .T. ) ;
#2879 = CARTESIAN_POINT ( 'NONE',  ( 1.770000000000000018, 0.7999999999999997113, 3.550000000000003819 ) ) ;
#2880 = B_SPLINE_CURVE_WITH_KNOTS ( 'NONE', 3,
 ( #856, #3448, #6153, #7539 ),
 .UNSPECIFIED., .F., .F.,
 ( 4, 4 ),
 ( 3.305188637719394291E-06, 8.953164528467344674E-06 ),
 .UNSPECIFIED. ) ;
#2881 = CARTESIAN_POINT ( 'NONE',  ( 0.5066503553637533575, 2.261398685133214403, 3.550000000000007816 ) ) ;
#2882 =( NAMED_UNIT ( * ) SI_UNIT ( $, .STERADIAN. ) SOLID_ANGLE_UNIT ( ) );
#2883 = PLANE ( 'NONE',  #1265 ) ;
#2884 = EDGE_CURVE ( 'NONE', #6240, #3858, #2965, .T. ) ;
#2885 = LINE ( 'NONE', #3013, #1886 ) ;
#2886 = CARTESIAN_POINT ( 'NONE',  ( 0.7215243902439024692, 2.236585365853658303, 3.550000000000008704 ) ) ;
#2887 = LINE ( 'NONE', #4183, #124 ) ;
#2888 = EDGE_LOOP ( 'NONE', ( #5751, #7780, #7379, #503 ) ) ;
#2889 = SURFACE_STYLE_USAGE ( .BOTH. , #7605 ) ;
#2890 = CARTESIAN_POINT ( 'NONE',  ( 2.860000000000000320, -5.200000000000006395, 5.119999999999982343 ) ) ;
#2891 = ORIENTED_EDGE ( 'NONE', *, *, #7675, .F. ) ;
#2892 = COLOUR_RGB ( '',0.7529411764705882248, 0.7529411764705882248, 0.7529411764705882248 ) ;
#2893 = ADVANCED_FACE ( 'NONE', ( #205 ), #4740, .F. ) ;
#2894 = UNCERTAINTY_MEASURE_WITH_UNIT (LENGTH_MEASURE( 1.000000000000000082E-05 ), #247, 'distance_accuracy_value', 'NONE');
#2895 = CARTESIAN_POINT ( 'NONE',  ( 0.6256592987804878714, 2.459756097560975352, 3.551000000000151591 ) ) ;
#2896 =( GEOMETRIC_REPRESENTATION_CONTEXT ( 3 ) GLOBAL_UNCERTAINTY_ASSIGNED_CONTEXT ( ( #2902 ) ) GLOBAL_UNIT_ASSIGNED_CONTEXT ( ( #6978, #613, #4359 ) ) REPRESENTATION_CONTEXT ( 'NONE', 'WORKASPACE' ) );
#2897 = STYLED_ITEM ( 'NONE', ( #7922 ), #7164 ) ;
#2898 = CARTESIAN_POINT ( 'NONE',  ( 0.7700000000000000178, 1.876962652439024604, 3.551000000000007706 ) ) ;
#2899 = SURFACE_SIDE_STYLE ('',( #4202 ) ) ;
#2900 = CARTESIAN_POINT ( 'NONE',  ( 0.4782317073170732624, 2.236585365853658303, 3.550000000000008704 ) ) ;
#2901 = FILL_AREA_STYLE_COLOUR ( '', #6599 ) ;
#2902 = UNCERTAINTY_MEASURE_WITH_UNIT (LENGTH_MEASURE( 1.000000000000000082E-05 ), #6978, 'distance_accuracy_value', 'NONE');
#2903 = CARTESIAN_POINT ( 'NONE',  ( 0.6560131579035334282, 1.761503439473108390, 3.550000000000006484 ) ) ;
#2904 = LINE ( 'NONE', #4207, #8137 ) ;
#2905 = SURFACE_SIDE_STYLE ('',( #2105 ) ) ;
#2906 = ADVANCED_FACE ( 'NONE', ( #5081 ), #420, .T. ) ;
#2907 = DIRECTION ( 'NONE',  ( 1.000000000000000000, 0.0000000000000000000, -0.0000000000000000000 ) ) ;
#2908 = LINE ( 'NONE', #4209, #272 ) ;
#2909 = CARTESIAN_POINT ( 'NONE',  ( 0.4700000000000001954, 2.639024390243903007, 3.550000000000010036 ) ) ;
#2910 = ORIENTED_EDGE ( 'NONE', *, *, #1562, .T. ) ;
#2911 = SURFACE_STYLE_USAGE ( .BOTH. , #997 ) ;
#2912 = DIRECTION ( 'NONE',  ( 0.0000000000000000000, 3.491481338843133355E-15, -1.000000000000000000 ) ) ;
#2913 = EDGE_LOOP ( 'NONE', ( #1719, #7018, #3301, #5801 ) ) ;
#2914 = LINE ( 'NONE', #7965, #6762 ) ;
#2915 = DIRECTION ( 'NONE',  ( 0.0000000000000000000, 3.891802140991627604E-15, -1.000000000000000000 ) ) ;
#2916 =( NAMED_UNIT ( * ) SI_UNIT ( $, .STERADIAN. ) SOLID_ANGLE_UNIT ( ) );
#2917 = EDGE_CURVE ( 'NONE', #6297, #3168, #4812, .T. ) ;
#2918 = CARTESIAN_POINT ( 'NONE',  ( 0.5039824551148485154, 2.270121926599691253, 3.550000000000009148 ) ) ;
#2919 = COLOUR_RGB ( '',0.2509803921568627416, 0.2509803921568627416, 0.2509803921568627416 ) ;
#2920 = CARTESIAN_POINT ( 'NONE',  ( 0.6437343904432795139, 1.759043133931803560, 3.550000000000007372 ) ) ;
#2921 = CARTESIAN_POINT ( 'NONE',  ( -0.1380148828668992800, 5.018014882866909332, 0.5500000000000183631 ) ) ;
#2922 = ORIENTED_EDGE ( 'NONE', *, *, #296, .T. ) ;
#2923 = CARTESIAN_POINT ( 'NONE',  ( 0.5247219751229258433, 1.797700551839304994, 3.551000000000006818 ) ) ;
#2924 = PRESENTATION_LAYER_ASSIGNMENT (  '', '', ( #7032 ) ) ;
#2925 = EDGE_CURVE ( 'NONE', #3688, #5874, #7376, .T. ) ;
#2926 = LINE ( 'NONE', #337, #844 ) ;
#2927 = CARTESIAN_POINT ( 'NONE',  ( -2.401985117133101255, -5.200000000000004619, 4.938014882866880839 ) ) ;
#2928 = ORIENTED_EDGE ( 'NONE', *, *, #2925, .F. ) ;
#2929 =( LENGTH_UNIT ( ) NAMED_UNIT ( * ) SI_UNIT ( .MILLI., .METRE. ) );
#2930 =( LENGTH_UNIT ( ) NAMED_UNIT ( * ) SI_UNIT ( .MILLI., .METRE. ) );
#2931 = UNCERTAINTY_MEASURE_WITH_UNIT (LENGTH_MEASURE( 1.000000000000000082E-05 ), #2973, 'distance_accuracy_value', 'NONE');
#2932 = PRESENTATION_LAYER_ASSIGNMENT (  '', '', ( #73 ) ) ;
#2933 = ADVANCED_FACE ( 'NONE', ( #2233 ), #61, .T. ) ;
#2934 = DIRECTION ( 'NONE',  ( -0.9396926207859098712, 0.3420201433256647716, 1.194156947930012438E-15 ) ) ;
#2935 = VERTEX_POINT ( 'NONE', #1851 ) ;
#2936 = ORIENTED_EDGE ( 'NONE', *, *, #3682, .F. ) ;
#2937 = AXIS2_PLACEMENT_3D ( 'NONE', #7799, #2234, #8084 ) ;
#2938 = MECHANICAL_DESIGN_GEOMETRIC_PRESENTATION_REPRESENTATION (  '', ( #3743 ), #3330 ) ;
#2939 =( NAMED_UNIT ( * ) SI_UNIT ( $, .STERADIAN. ) SOLID_ANGLE_UNIT ( ) );
#2940 = FACE_OUTER_BOUND ( 'NONE', #4102, .T. ) ;
#2941 = DIRECTION ( 'NONE',  ( -0.0000000000000000000, 1.000000000000000000, 3.491481338843133355E-15 ) ) ;
#2942 = CARTESIAN_POINT ( 'NONE',  ( 0.7367850781576206209, 1.862366473771744912, 3.551000000000009038 ) ) ;
#2943 =( NAMED_UNIT ( * ) SI_UNIT ( $, .STERADIAN. ) SOLID_ANGLE_UNIT ( ) );
#2944 = FILL_AREA_STYLE ('',( #5581 ) ) ;
#2945 = ORIENTED_EDGE ( 'NONE', *, *, #4268, .F. ) ;
#2946 = PRESENTATION_STYLE_ASSIGNMENT (( #6276 ) ) ;
#2947 = SURFACE_STYLE_USAGE ( .BOTH. , #3582 ) ;
#2948 = MECHANICAL_DESIGN_GEOMETRIC_PRESENTATION_REPRESENTATION (  '', ( #512 ), #3885 ) ;
#2949 = CARTESIAN_POINT ( 'NONE',  ( 0.6035565342092709118, 1.757606600514067585, 3.551000000000007262 ) ) ;
#2950 = CARTESIAN_POINT ( 'NONE',  ( 0.7700000000000001288, 2.485365853658537016, 3.550000000000009592 ) ) ;
#2951 = ORIENTED_EDGE ( 'NONE', *, *, #3689, .F. ) ;
#2952 = CARTESIAN_POINT ( 'NONE',  ( 0.7675989643470630952, 1.843508785323452415, 3.551000000000008150 ) ) ;
#2953 = PLANE ( 'NONE',  #2127 ) ;
#2954 = MECHANICAL_DESIGN_GEOMETRIC_PRESENTATION_REPRESENTATION (  '', ( #4844 ), #8139 ) ;
#2955 = STYLED_ITEM ( 'NONE', ( #32 ), #6919 ) ;
#2956 =( NAMED_UNIT ( * ) SI_UNIT ( $, .STERADIAN. ) SOLID_ANGLE_UNIT ( ) );
#2957 = DIRECTION ( 'NONE',  ( 0.0000000000000000000, -3.491481338843133355E-15, 1.000000000000000000 ) ) ;
#2958 = CARTESIAN_POINT ( 'NONE',  ( 0.5029268292682927965, 1.918292682926829418, 3.551000000000007706 ) ) ;
#2959 = LINE ( 'NONE', #5547, #5094 ) ;
#2960 = FACE_OUTER_BOUND ( 'NONE', #3765, .T. ) ;
#2961 = FILL_AREA_STYLE ('',( #2354 ) ) ;
#2962 = DIRECTION ( 'NONE',  ( -1.000000000000000000, -0.0000000000000000000, 0.0000000000000000000 ) ) ;
#2963 = CARTESIAN_POINT ( 'NONE',  ( -3.560000000000000497, 3.099999999999998757, 3.800000000000011813 ) ) ;
#2964 = ORIENTED_EDGE ( 'NONE', *, *, #1515, .F. ) ;
#2965 = LINE ( 'NONE', #5557, #236 ) ;
#2966 = ADVANCED_FACE ( 'NONE', ( #6190 ), #6573, .F. ) ;
#2967 = ORIENTED_EDGE ( 'NONE', *, *, #2655, .T. ) ;
#2968 = UNCERTAINTY_MEASURE_WITH_UNIT (LENGTH_MEASURE( 1.000000000000000082E-05 ), #496, 'distance_accuracy_value', 'NONE');
#2969 = CARTESIAN_POINT ( 'NONE',  ( 0.4993161548618285095, 2.303675062306684840, 3.550000000000008704 ) ) ;
#2970 = CARTESIAN_POINT ( 'NONE',  ( 0.4700000000000000844, 1.958536585365853844, 3.551000000000008150 ) ) ;
#2971 = DIRECTION ( 'NONE',  ( 0.0000000000000000000, 3.491481338843133355E-15, -1.000000000000000000 ) ) ;
#2972 = ORIENTED_EDGE ( 'NONE', *, *, #4896, .T. ) ;
#2973 =( LENGTH_UNIT ( ) NAMED_UNIT ( * ) SI_UNIT ( .MILLI., .METRE. ) );
#2974 = STYLED_ITEM ( 'NONE', ( #4881 ), #854 ) ;
#2975 = DIRECTION ( 'NONE',  ( -1.000000000000000000, 0.0000000000000000000, 0.0000000000000000000 ) ) ;
#2976 = CARTESIAN_POINT ( 'NONE',  ( 0.6716096714431731840, 2.412418524713659362, 3.551000000000010814 ) ) ;
#2977 = AXIS2_PLACEMENT_3D ( 'NONE', #6951, #2278, #4863 ) ;
#2978 = ADVANCED_FACE ( 'NONE', ( #1461 ), #2883, .F. ) ;
#2979 = LINE ( 'NONE', #881, #6456 ) ;
#2980 = UNCERTAINTY_MEASURE_WITH_UNIT (LENGTH_MEASURE( 1.000000000000000082E-05 ), #2533, 'distance_accuracy_value', 'NONE');
#2981 = CARTESIAN_POINT ( 'NONE',  ( 0.6719740476100178883, 2.454645683392973954, 3.551000000000150703 ) ) ;
#2982 = CARTESIAN_POINT ( 'NONE',  ( 0.5099923968159805199, 2.252895712187929611, 3.551000000000009038 ) ) ;
#2983 = CARTESIAN_POINT ( 'NONE',  ( 0.3200000000000000067, 3.099999999999996536, 4.480000000000011084 ) ) ;
#2984 = EDGE_CURVE ( 'NONE', #4212, #1959, #5791, .T. ) ;
#2985 = MECHANICAL_DESIGN_GEOMETRIC_PRESENTATION_REPRESENTATION (  '', ( #2716 ), #7641 ) ;
#2986 = DIRECTION ( 'NONE',  ( 0.0000000000000000000, 1.000000000000000000, 3.491481338843133355E-15 ) ) ;
#2987 = ORIENTED_EDGE ( 'NONE', *, *, #3801, .F. ) ;
#2988 =( GEOMETRIC_REPRESENTATION_CONTEXT ( 3 ) GLOBAL_UNCERTAINTY_ASSIGNED_CONTEXT ( ( #5683 ) ) GLOBAL_UNIT_ASSIGNED_CONTEXT ( ( #737, #7887, #2155 ) ) REPRESENTATION_CONTEXT ( 'NONE', 'WORKASPACE' ) );
#2989 = LINE ( 'NONE', #1034, #7233 ) ;
#2990 = MECHANICAL_DESIGN_GEOMETRIC_PRESENTATION_REPRESENTATION (  '', ( #6669 ), #1479 ) ;
#2991 = EDGE_CURVE ( 'NONE', #1191, #6049, #2402, .T. ) ;
#2992 = ORIENTED_EDGE ( 'NONE', *, *, #3370, .F. ) ;
#2993 = DIRECTION ( 'NONE',  ( -1.000000000000000000, 0.0000000000000000000, 0.0000000000000000000 ) ) ;
#2994 = SURFACE_STYLE_FILL_AREA ( #1537 ) ;
#2995 = CARTESIAN_POINT ( 'NONE',  ( 0.5475497641830842088, 1.775150881019782689, 3.550000000000010036 ) ) ;
#2996 = CARTESIAN_POINT ( 'NONE',  ( -1.020000000000000462, 3.299999999999992273, 5.800000000000012257 ) ) ;
#2997 = ORIENTED_EDGE ( 'NONE', *, *, #6399, .T. ) ;
#2998 = CARTESIAN_POINT ( 'NONE',  ( 0.6645838694942847180, 1.723045114818308798, 3.550000000000006484 ) ) ;
#2999 = LINE ( 'NONE', #6157, #5903 ) ;
#3000 = LINE ( 'NONE', #2394, #237 ) ;
#3001 = SURFACE_STYLE_USAGE ( .BOTH. , #5631 ) ;
#3002 = ADVANCED_FACE ( 'NONE', ( #4297 ), #7377, .T. ) ;
#3003 = VERTEX_POINT ( 'NONE', #4810 ) ;
#3004 = FILL_AREA_STYLE ('',( #3554 ) ) ;
#3005 = FILL_AREA_STYLE_COLOUR ( '', #1049 ) ;
#3006 = SURFACE_STYLE_FILL_AREA ( #2747 ) ;
#3007 =( NAMED_UNIT ( * ) SI_UNIT ( $, .STERADIAN. ) SOLID_ANGLE_UNIT ( ) );
#3008 = CARTESIAN_POINT ( 'NONE',  ( 0.4663414634146342275, 2.307183689024390194, 3.551000000000009482 ) ) ;
#3009 = CARTESIAN_POINT ( 'NONE',  ( 0.5310904246644593263, 1.742055521533522278, 3.551000000000007262 ) ) ;
#3010 = ORIENTED_EDGE ( 'NONE', *, *, #3936, .F. ) ;
#3011 = PRESENTATION_LAYER_ASSIGNMENT (  '', '', ( #1233 ) ) ;
#3012 = SURFACE_STYLE_USAGE ( .BOTH. , #6255 ) ;
#3013 = CARTESIAN_POINT ( 'NONE',  ( -1.519999999999999574, 1.084435562925361474, 3.800000000000004707 ) ) ;
#3014 =( NAMED_UNIT ( * ) PLANE_ANGLE_UNIT ( ) SI_UNIT ( $, .RADIAN. ) );
#3015 = VERTEX_POINT ( 'NONE', #2108 ) ;
#3016 = EDGE_CURVE ( 'NONE', #4221, #7762, #6628, .T. ) ;
#3017 = FACE_OUTER_BOUND ( 'NONE', #8019, .T. ) ;
#3018 = DIRECTION ( 'NONE',  ( -0.0000000000000000000, 1.000000000000000000, 3.491481338843133355E-15 ) ) ;
#3019 = EDGE_LOOP ( 'NONE', ( #7236, #2848, #172, #8346 ) ) ;
#3020 = PRESENTATION_STYLE_ASSIGNMENT (( #1106 ) ) ;
#3021 = DIRECTION ( 'NONE',  ( 0.0000000000000000000, -1.000000000000000000, -3.491481338843133355E-15 ) ) ;
#3022 = LINE ( 'NONE', #5615, #7878 ) ;
#3023 = CARTESIAN_POINT ( 'NONE',  ( 0.7700000000000000178, 0.7999999999999997113, 3.550000000000003819 ) ) ;
#3024 = EDGE_CURVE ( 'NONE', #1290, #6367, #4117, .T. ) ;
#3025 = ORIENTED_EDGE ( 'NONE', *, *, #8087, .T. ) ;
#3026 = PRESENTATION_LAYER_ASSIGNMENT (  '', '', ( #5466 ) ) ;
#3027 = DIRECTION ( 'NONE',  ( 0.0000000000000000000, 1.000000000000000000, 3.491481338843133750E-15 ) ) ;
#3028 = EDGE_LOOP ( 'NONE', ( #2652, #5659, #861, #6733 ) ) ;
#3029 = DIRECTION ( 'NONE',  ( 1.000000000000000000, 0.0000000000000000000, -0.0000000000000000000 ) ) ;
#3030 = VERTEX_POINT ( 'NONE', #5295 ) ;
#3031 = EDGE_CURVE ( 'NONE', #5082, #6004, #8000, .T. ) ;
#3032 = VECTOR ( 'NONE', #5562, 1000.000000000000000 ) ;
#3033 = DIRECTION ( 'NONE',  ( -0.7071067811865479058, 2.468850131082264949E-15, -0.7071067811865472397 ) ) ;
#3034 =( LENGTH_UNIT ( ) NAMED_UNIT ( * ) SI_UNIT ( .MILLI., .METRE. ) );
#3035 = EDGE_CURVE ( 'NONE', #3992, #732, #905, .T. ) ;
#3036 = CARTESIAN_POINT ( 'NONE',  ( 0.7054070521059516707, 1.742043612853606094, 3.550000000000007372 ) ) ;
#3037 =( NAMED_UNIT ( * ) SI_UNIT ( $, .STERADIAN. ) SOLID_ANGLE_UNIT ( ) );
#3038 = ORIENTED_EDGE ( 'NONE', *, *, #1933, .T. ) ;
#3039 =( GEOMETRIC_REPRESENTATION_CONTEXT ( 3 ) GLOBAL_UNCERTAINTY_ASSIGNED_CONTEXT ( ( #6721 ) ) GLOBAL_UNIT_ASSIGNED_CONTEXT ( ( #804, #6011, #6707 ) ) REPRESENTATION_CONTEXT ( 'NONE', 'WORKASPACE' ) );
#3040 = CARTESIAN_POINT ( 'NONE',  ( 0.5721720569815927915, 2.411913239750977933, 3.550000000000010036 ) ) ;
#3041 = PLANE ( 'NONE',  #1613 ) ;
#3042 = CARTESIAN_POINT ( 'NONE',  ( 0.6604793620892958073, 2.415602227222972243, 3.551000000000009482 ) ) ;
#3043 = DIRECTION ( 'NONE',  ( 0.0000000000000000000, 0.3420201433256692680, -0.9396926207859083169 ) ) ;
#3044 = COLOUR_RGB ( '',0.7529411764705882248, 0.7529411764705882248, 0.7529411764705882248 ) ;
#3045 = FACE_OUTER_BOUND ( 'NONE', #3, .T. ) ;
#3046 = SURFACE_STYLE_USAGE ( .BOTH. , #4915 ) ;
#3047 = ORIENTED_EDGE ( 'NONE', *, *, #2201, .T. ) ;
#3048 = CARTESIAN_POINT ( 'NONE',  ( 0.5184756097560976329, 2.236585365853658303, 3.551000000000009038 ) ) ;
#3049 = COLOUR_RGB ( '',0.7529411764705882248, 0.7529411764705882248, 0.7529411764705882248 ) ;
#3050 = CARTESIAN_POINT ( 'NONE',  ( -2.220000000000000195, -4.700000000000002842, 5.119999999999984119 ) ) ;
#3051 = VERTEX_POINT ( 'NONE', #6673 ) ;
#3052 = CARTESIAN_POINT ( 'NONE',  ( 0.7407317073170731625, 2.313586128048780388, 3.551000000000009482 ) ) ;
#3053 = CARTESIAN_POINT ( 'NONE',  ( 1.269999999999999352, 3.099999999999992539, 5.550000000000011369 ) ) ;
#3054 = VECTOR ( 'NONE', #3632, 1000.000000000000000 ) ;
#3055 =( NAMED_UNIT ( * ) PLANE_ANGLE_UNIT ( ) SI_UNIT ( $, .RADIAN. ) );
#3056 = UNCERTAINTY_MEASURE_WITH_UNIT (LENGTH_MEASURE( 1.000000000000000082E-05 ), #3059, 'distance_accuracy_value', 'NONE');
#3057 = CARTESIAN_POINT ( 'NONE',  ( 0.7682159633034425505, 2.363476391821519140, 3.550000000000009148 ) ) ;
#3058 = ORIENTED_EDGE ( 'NONE', *, *, #5568, .F. ) ;
#3059 =( LENGTH_UNIT ( ) NAMED_UNIT ( * ) SI_UNIT ( .MILLI., .METRE. ) );
#3060 =( LENGTH_UNIT ( ) NAMED_UNIT ( * ) SI_UNIT ( .MILLI., .METRE. ) );
#3061 = PRESENTATION_LAYER_ASSIGNMENT (  '', '', ( #5914 ) ) ;
#3062 = LINE ( 'NONE', #1582, #1763 ) ;
#3063 = CARTESIAN_POINT ( 'NONE',  ( 2.630048339105157673, -5.331786995874674417, 4.890048339105137920 ) ) ;
#3064 = LINE ( 'NONE', #6310, #8462 ) ;
#3065 = LINE ( 'NONE', #2513, #5781 ) ;
#3066 =( GEOMETRIC_REPRESENTATION_CONTEXT ( 3 ) GLOBAL_UNCERTAINTY_ASSIGNED_CONTEXT ( ( #3989 ) ) GLOBAL_UNIT_ASSIGNED_CONTEXT ( ( #3497, #2877, #363 ) ) REPRESENTATION_CONTEXT ( 'NONE', 'WORKASPACE' ) );
#3067 = ADVANCED_FACE ( 'NONE', ( #1451, #279, #2874, #5457 ), #1586, .F. ) ;
#3068 = VECTOR ( 'NONE', #5006, 1000.000000000000000 ) ;
#3069 = DIRECTION ( 'NONE',  ( 0.0000000000000000000, 1.000000000000000000, 3.491481338843133355E-15 ) ) ;
#3070 = ORIENTED_EDGE ( 'NONE', *, *, #1244, .F. ) ;
#3071 = FACE_OUTER_BOUND ( 'NONE', #311, .T. ) ;
#3072 = COLOUR_RGB ( '',0.7529411764705882248, 0.7529411764705882248, 0.7529411764705882248 ) ;
#3073 = SURFACE_STYLE_USAGE ( .BOTH. , #4411 ) ;
#3074 = CARTESIAN_POINT ( 'NONE',  ( 0.5095200696446854360, 1.761646152742451621, 3.550000000000007372 ) ) ;
#3075 = ORIENTED_EDGE ( 'NONE', *, *, #7221, .T. ) ;
#3076 = CARTESIAN_POINT ( 'NONE',  ( 0.7054070521059516707, 1.742043612853606094, 3.551000000000007706 ) ) ;
#3077 = PRESENTATION_STYLE_ASSIGNMENT (( #2911 ) ) ;
#3078 = ORIENTED_EDGE ( 'NONE', *, *, #4561, .T. ) ;
#3079 = DIRECTION ( 'NONE',  ( 1.000000000000000000, -1.514188661106529085E-30, 4.336808689942017736E-16 ) ) ;
#3080 =( NAMED_UNIT ( * ) SI_UNIT ( $, .STERADIAN. ) SOLID_ANGLE_UNIT ( ) );
#3081 = AXIS2_PLACEMENT_3D ( 'NONE', #5849, #4592, #4460 ) ;
#3082 = EDGE_CURVE ( 'NONE', #4606, #7604, #5187, .T. ) ;
#3083 = LINE ( 'NONE', #1942, #3394 ) ;
#3084 = FILL_AREA_STYLE ('',( #3005 ) ) ;
#3085 = CARTESIAN_POINT ( 'NONE',  ( 0.7370731707317074166, 1.875705030487805125, 3.550000000000007372 ) ) ;
#3086 = VECTOR ( 'NONE', #346, 1000.000000000000000 ) ;
#3087 = ORIENTED_EDGE ( 'NONE', *, *, #7035, .F. ) ;
#3088 = SURFACE_STYLE_FILL_AREA ( #6956 ) ;
#3089 =( LENGTH_UNIT ( ) NAMED_UNIT ( * ) SI_UNIT ( .MILLI., .METRE. ) );
#3090 = FILL_AREA_STYLE_COLOUR ( '', #5561 ) ;
#3091 = ORIENTED_EDGE ( 'NONE', *, *, #7229, .T. ) ;
#3092 = PRESENTATION_LAYER_ASSIGNMENT (  '', '', ( #5257 ) ) ;
#3093 = DIRECTION ( 'NONE',  ( -1.000000000000000000, 0.0000000000000000000, 0.0000000000000000000 ) ) ;
#3094 = CARTESIAN_POINT ( 'NONE',  ( 0.6716096714431731840, 2.412418524713659362, 3.550000000000010481 ) ) ;
#3095 = PRESENTATION_STYLE_ASSIGNMENT (( #637 ) ) ;
#3096 = CYLINDRICAL_SURFACE ( 'NONE', #6551, 1.319999999999999174 ) ;
#3097 = CARTESIAN_POINT ( 'NONE',  ( 0.0000000000000000000, 3.299999999999995826, 4.800000000000012257 ) ) ;
#3098 =( LENGTH_UNIT ( ) NAMED_UNIT ( * ) SI_UNIT ( .MILLI., .METRE. ) );
#3099 = ADVANCED_FACE ( 'NONE', ( #1237 ), #4546, .F. ) ;
#3100 = VERTEX_POINT ( 'NONE', #3576 ) ;
#3101 = EDGE_LOOP ( 'NONE', ( #2875, #6598, #6032, #6706 ) ) ;
#3102 = CARTESIAN_POINT ( 'NONE',  ( 0.7544512195121951814, 2.236585365853658303, 3.551000000000009038 ) ) ;
#3103 = MECHANICAL_DESIGN_GEOMETRIC_PRESENTATION_REPRESENTATION (  '', ( #2846 ), #7495 ) ;
#3104 = CARTESIAN_POINT ( 'NONE',  ( 0.7710494573479325098, 2.284732402356016490, 3.551000000000009038 ) ) ;
#3105 = STYLED_ITEM ( 'NONE', ( #3243 ), #4624 ) ;
#3106 = ORIENTED_EDGE ( 'NONE', *, *, #895, .F. ) ;
#3107 = FILL_AREA_STYLE ('',( #4581 ) ) ;
#3108 = STYLED_ITEM ( 'NONE', ( #5981 ), #1551 ) ;
#3109 = DIRECTION ( 'NONE',  ( -0.0000000000000000000, 1.000000000000000000, 3.491481338843133355E-15 ) ) ;
#3110 =( GEOMETRIC_REPRESENTATION_CONTEXT ( 3 ) GLOBAL_UNCERTAINTY_ASSIGNED_CONTEXT ( ( #4572 ) ) GLOBAL_UNIT_ASSIGNED_CONTEXT ( ( #5929, #3357, #4036 ) ) REPRESENTATION_CONTEXT ( 'NONE', 'WORKASPACE' ) );
#3111 = ADVANCED_FACE ( 'NONE', ( #1573 ), #7597, .F. ) ;
#3112 = PRESENTATION_STYLE_ASSIGNMENT (( #7106 ) ) ;
#3113 = PRESENTATION_STYLE_ASSIGNMENT (( #6499 ) ) ;
#3114 = VERTEX_POINT ( 'NONE', #6817 ) ;
#3115 = SURFACE_STYLE_USAGE ( .BOTH. , #7025 ) ;
#3116 = COLOUR_RGB ( '',0.2509803921568627416, 0.2509803921568627416, 0.2509803921568627416 ) ;
#3117 = MECHANICAL_DESIGN_GEOMETRIC_PRESENTATION_REPRESENTATION (  '', ( #7771 ), #7239 ) ;
#3118 = LINE ( 'NONE', #2481, #672 ) ;
#3119 = SURFACE_SIDE_STYLE ('',( #3591 ) ) ;
#3120 =( GEOMETRIC_REPRESENTATION_CONTEXT ( 3 ) GLOBAL_UNCERTAINTY_ASSIGNED_CONTEXT ( ( #5283 ) ) GLOBAL_UNIT_ASSIGNED_CONTEXT ( ( #6881, #5576, #4199 ) ) REPRESENTATION_CONTEXT ( 'NONE', 'WORKASPACE' ) );
#3121 =( NAMED_UNIT ( * ) SI_UNIT ( $, .STERADIAN. ) SOLID_ANGLE_UNIT ( ) );
#3122 = ADVANCED_FACE ( 'NONE', ( #4913 ), #1691, .F. ) ;
#3123 = DIRECTION ( 'NONE',  ( -1.000000000000000000, -0.0000000000000000000, 0.0000000000000000000 ) ) ;
#3124 = SURFACE_STYLE_USAGE ( .BOTH. , #1859 ) ;
#3125 = VERTEX_POINT ( 'NONE', #1585 ) ;
#3126 = ORIENTED_EDGE ( 'NONE', *, *, #1096, .F. ) ;
#3127 = LINE ( 'NONE', #8368, #5387 ) ;
#3128 = FILL_AREA_STYLE ('',( #7554 ) ) ;
#3129 = MECHANICAL_DESIGN_GEOMETRIC_PRESENTATION_REPRESENTATION (  '', ( #5438 ), #4205 ) ;
#3130 = DIRECTION ( 'NONE',  ( 0.3236155771181820628, 0.3236155771181854490, -0.8891264907159890374 ) ) ;
#3131 = PLANE ( 'NONE',  #4180 ) ;
#3132 = ORIENTED_EDGE ( 'NONE', *, *, #1687, .F. ) ;
#3133 = CARTESIAN_POINT ( 'NONE',  ( 0.6973498347226291250, 1.781099805549463788, 3.551000000000007706 ) ) ;
#3134 = FACE_OUTER_BOUND ( 'NONE', #1488, .T. ) ;
#3135 = EDGE_CURVE ( 'NONE', #6695, #889, #4808, .T. ) ;
#3136 = LINE ( 'NONE', #3806, #3068 ) ;
#3137 = DIRECTION ( 'NONE',  ( 0.0000000000000000000, 3.491481338843133355E-15, -1.000000000000000000 ) ) ;
#3138 = CARTESIAN_POINT ( 'NONE',  ( 3.560000000000000497, 3.299999999999998934, 3.800000000000012701 ) ) ;
#3139 = FILL_AREA_STYLE ('',( #6390 ) ) ;
#3140 = CARTESIAN_POINT ( 'NONE',  ( 0.6198228588349938839, 2.459624815614104065, 3.550000000000010481 ) ) ;
#3141 = EDGE_CURVE ( 'NONE', #5970, #5384, #2189, .T. ) ;
#3142 = UNCERTAINTY_MEASURE_WITH_UNIT (LENGTH_MEASURE( 1.000000000000000082E-05 ), #5492, 'distance_accuracy_value', 'NONE');
#3143 = FACE_OUTER_BOUND ( 'NONE', #2190, .T. ) ;
#3144 = FACE_OUTER_BOUND ( 'NONE', #8142, .T. ) ;
#3145 = LINE ( 'NONE', #1186, #412 ) ;
#3146 = SURFACE_STYLE_FILL_AREA ( #4930 ) ;
#3147 = EDGE_LOOP ( 'NONE', ( #864, #980, #1815, #676 ) ) ;
#3148 = SURFACE_SIDE_STYLE ('',( #564 ) ) ;
#3149 =( GEOMETRIC_REPRESENTATION_CONTEXT ( 3 ) GLOBAL_UNCERTAINTY_ASSIGNED_CONTEXT ( ( #5516 ) ) GLOBAL_UNIT_ASSIGNED_CONTEXT ( ( #3360, #19, #7498 ) ) REPRESENTATION_CONTEXT ( 'NONE', 'WORKASPACE' ) );
#3150 = CARTESIAN_POINT ( 'NONE',  ( 0.7700000000000001288, 1.651219512195122308, 3.551000000000006818 ) ) ;
#3151 = EDGE_CURVE ( 'NONE', #3453, #2132, #6730, .T. ) ;
#3152 = PLANE ( 'NONE',  #4115 ) ;
#3153 = LINE ( 'NONE', #8383, #5954 ) ;
#3154 = ORIENTED_EDGE ( 'NONE', *, *, #1359, .T. ) ;
#3155 = EDGE_LOOP ( 'NONE', ( #876, #2053, #1047, #141 ) ) ;
#3156 = CARTESIAN_POINT ( 'NONE',  ( 0.7700000000000001288, 2.178048780487804148, 3.551000000000009038 ) ) ;
#3157 = EDGE_LOOP ( 'NONE', ( #4354, #8063, #5333, #2049, #3963, #7740 ) ) ;
#3158 = SURFACE_STYLE_FILL_AREA ( #5757 ) ;
#3159 = CARTESIAN_POINT ( 'NONE',  ( 0.5037279361817947887, 2.341632143271902500, 3.550000000000010481 ) ) ;
#3160 = AXIS2_PLACEMENT_3D ( 'NONE', #2297, #519, #5479 ) ;
#3161 = CARTESIAN_POINT ( 'NONE',  ( 0.4753685044210967936, 1.826591586487126051, 3.550000000000009592 ) ) ;
#3162 = DIRECTION ( 'NONE',  ( 0.0000000000000000000, 1.000000000000000000, 3.491481338843133355E-15 ) ) ;
#3163 =( GEOMETRIC_REPRESENTATION_CONTEXT ( 3 ) GLOBAL_UNCERTAINTY_ASSIGNED_CONTEXT ( ( #2661 ) ) GLOBAL_UNIT_ASSIGNED_CONTEXT ( ( #6497, #529, #2475 ) ) REPRESENTATION_CONTEXT ( 'NONE', 'WORKASPACE' ) );
#3164 = DIRECTION ( 'NONE',  ( 0.0000000000000000000, -3.491481338843133355E-15, 1.000000000000000000 ) ) ;
#3165 = FILL_AREA_STYLE ('',( #2578 ) ) ;
#3166 = CARTESIAN_POINT ( 'NONE',  ( 0.4678925121599064596, 2.277372075353833125, 3.551000000000009926 ) ) ;
#3167 =( GEOMETRIC_REPRESENTATION_CONTEXT ( 3 ) GLOBAL_UNCERTAINTY_ASSIGNED_CONTEXT ( ( #2638 ) ) GLOBAL_UNIT_ASSIGNED_CONTEXT ( ( #6724, #5214, #6560 ) ) REPRESENTATION_CONTEXT ( 'NONE', 'WORKASPACE' ) );
#3168 = VERTEX_POINT ( 'NONE', #5275 ) ;
#3169 = SURFACE_STYLE_FILL_AREA ( #6910 ) ;
#3170 = VERTEX_POINT ( 'NONE', #2611 ) ;
#3171 = ADVANCED_FACE ( 'NONE', ( #7193 ), #6612, .T. ) ;
#3172 = CARTESIAN_POINT ( 'NONE',  ( 0.5067175955708265178, 1.837681967913762149, 3.550000000000008260 ) ) ;
#3173 = SURFACE_SIDE_STYLE ('',( #7041 ) ) ;
#3174 =( GEOMETRIC_REPRESENTATION_CONTEXT ( 3 ) GLOBAL_UNCERTAINTY_ASSIGNED_CONTEXT ( ( #2199 ) ) GLOBAL_UNIT_ASSIGNED_CONTEXT ( ( #3445, #2779, #142 ) ) REPRESENTATION_CONTEXT ( 'NONE', 'WORKASPACE' ) );
#3175 = CARTESIAN_POINT ( 'NONE',  ( 0.7381795066963088292, 2.282083995143976640, 3.551000000000009038 ) ) ;
#3176 = EDGE_LOOP ( 'NONE', ( #2497, #1211, #1605, #5695 ) ) ;
#3177 = DIRECTION ( 'NONE',  ( 0.0000000000000000000, -1.000000000000000000, -3.491481338843133355E-15 ) ) ;
#3178 = LINE ( 'NONE', #5132, #1553 ) ;
#3179 = COLOUR_RGB ( '',0.7529411764705882248, 0.7529411764705882248, 0.7529411764705882248 ) ;
#3180 = SURFACE_SIDE_STYLE ('',( #7218 ) ) ;
#3181 = CARTESIAN_POINT ( 'NONE',  ( 0.4667148438499928997, 2.323231495709269456, 3.550000000000009592 ) ) ;
#3182 = CARTESIAN_POINT ( 'NONE',  ( 0.5087237814744829389, 1.563240132426379381, 3.550000000000006928 ) ) ;
#3183 = EDGE_CURVE ( 'NONE', #7592, #1191, #4711, .T. ) ;
#3184 = ORIENTED_EDGE ( 'NONE', *, *, #4769, .T. ) ;
#3185 =( LENGTH_UNIT ( ) NAMED_UNIT ( * ) SI_UNIT ( .MILLI., .METRE. ) );
#3186 = VERTEX_POINT ( 'NONE', #3770 ) ;
#3187 = ORIENTED_EDGE ( 'NONE', *, *, #8381, .T. ) ;
#3188 = EDGE_CURVE ( 'NONE', #1539, #1444, #5734, .T. ) ;
#3189 = VECTOR ( 'NONE', #6139, 1000.000000000000000 ) ;
#3190 = VECTOR ( 'NONE', #8375, 1000.000000000000000 ) ;
#3191 = CARTESIAN_POINT ( 'NONE',  ( 0.7379577983572884747, 1.773196050581376859, 3.551000000000007706 ) ) ;
#3192 = DIRECTION ( 'NONE',  ( -0.0000000000000000000, 1.000000000000000000, 3.491481338843133355E-15 ) ) ;
#3193 = LINE ( 'NONE', #2557, #4870 ) ;
#3194 = COLOUR_RGB ( '',0.7529411764705882248, 0.7529411764705882248, 0.7529411764705882248 ) ;
#3195 = DIRECTION ( 'NONE',  ( 0.0000000000000000000, -1.000000000000000000, -3.491481338843133355E-15 ) ) ;
#3196 = ORIENTED_EDGE ( 'NONE', *, *, #7860, .F. ) ;
#3197 = SURFACE_SIDE_STYLE ('',( #7020 ) ) ;
#3198 = DIRECTION ( 'NONE',  ( 0.0000000000000000000, 1.000000000000000000, 3.823852823389738749E-15 ) ) ;
#3199 = CARTESIAN_POINT ( 'NONE',  ( 0.6017073170731709331, 2.031707317073169872, 3.551000000000008150 ) ) ;
#3200 = STYLED_ITEM ( 'NONE', ( #1701 ), #5350 ) ;
#3201 = AXIS2_PLACEMENT_3D ( 'NONE', #2651, #8430, #6495 ) ;
#3202 = ORIENTED_EDGE ( 'NONE', *, *, #5186, .T. ) ;
#3203 = DIRECTION ( 'NONE',  ( 1.000000000000000000, 0.0000000000000000000, 0.0000000000000000000 ) ) ;
#3204 = CARTESIAN_POINT ( 'NONE',  ( 0.5248231583750186946, 2.380197067324262505, 3.550000000000011813 ) ) ;
#3205 = EDGE_LOOP ( 'NONE', ( #4665, #1718, #3572, #897 ) ) ;
#3206 =( NAMED_UNIT ( * ) PLANE_ANGLE_UNIT ( ) SI_UNIT ( $, .RADIAN. ) );
#3207 = AXIS2_PLACEMENT_3D ( 'NONE', #7205, #7880, #7284 ) ;
#3208 = LINE ( 'NONE', #5811, #4891 ) ;
#3209 = PRESENTATION_STYLE_ASSIGNMENT (( #627 ) ) ;
#3210 = EDGE_LOOP ( 'NONE', ( #4946, #616, #5062, #99 ) ) ;
#3211 = PRESENTATION_LAYER_ASSIGNMENT (  '', '', ( #5523 ) ) ;
#3212 = EDGE_LOOP ( 'NONE', ( #3047, #450, #2379, #6314 ) ) ;
#3213 = UNCERTAINTY_MEASURE_WITH_UNIT (LENGTH_MEASURE( 1.000000000000000082E-05 ), #79, 'distance_accuracy_value', 'NONE');
#3214 = DIRECTION ( 'NONE',  ( 0.0000000000000000000, -1.000000000000000000, -3.491481338843133355E-15 ) ) ;
#3215 = DIRECTION ( 'NONE',  ( -0.7071067811865479058, 2.468850131082264949E-15, -0.7071067811865472397 ) ) ;
#3216 = ORIENTED_EDGE ( 'NONE', *, *, #5186, .F. ) ;
#3217 = CARTESIAN_POINT ( 'NONE',  ( 1.269999999999999352, 0.7999999999999928280, 5.550000000000003375 ) ) ;
#3218 = DIRECTION ( 'NONE',  ( -0.9407669869669988971, 0.3390537954853692915, 3.255999692765956281E-15 ) ) ;
#3219 = ADVANCED_FACE ( 'NONE', ( #4431 ), #513, .F. ) ;
#3220 =( LENGTH_UNIT ( ) NAMED_UNIT ( * ) SI_UNIT ( .MILLI., .METRE. ) );
#3221 = CARTESIAN_POINT ( 'NONE',  ( 0.7215243902439024692, 2.236585365853658303, 3.550000000000008704 ) ) ;
#3222 = DIRECTION ( 'NONE',  ( 0.0000000000000000000, 1.000000000000000000, 3.491481338843133750E-15 ) ) ;
#3223 = VERTEX_POINT ( 'NONE', #6592 ) ;
#3224 = DIRECTION ( 'NONE',  ( 0.0000000000000000000, -3.491481338843133355E-15, 1.000000000000000000 ) ) ;
#3225 = DIRECTION ( 'NONE',  ( 0.3236155771181811747, 0.8891264907159892594, 0.3236155771181855600 ) ) ;
#3226 =( NAMED_UNIT ( * ) SI_UNIT ( $, .STERADIAN. ) SOLID_ANGLE_UNIT ( ) );
#3227 = CARTESIAN_POINT ( 'NONE',  ( 0.7370731707317075276, 2.017073170731706888, 3.551000000000008150 ) ) ;
#3228 = EDGE_CURVE ( 'NONE', #3223, #1501, #3419, .T. ) ;
#3229 = CARTESIAN_POINT ( 'NONE',  ( 0.6218936317837764349, 1.717193720906152965, 3.551000000000006818 ) ) ;
#3230 = DIRECTION ( 'NONE',  ( 0.0000000000000000000, 1.000000000000000000, 3.491481338843133355E-15 ) ) ;
#3231 = CARTESIAN_POINT ( 'NONE',  ( 0.7591350793917520656, 2.245071245157886697, 3.550000000000007816 ) ) ;
#3232 = PRESENTATION_STYLE_ASSIGNMENT (( #2605 ) ) ;
#3233 = PLANE ( 'NONE',  #5335 ) ;
#3234 = LINE ( 'NONE', #5844, #8274 ) ;
#3235 =( GEOMETRIC_REPRESENTATION_CONTEXT ( 3 ) GLOBAL_UNCERTAINTY_ASSIGNED_CONTEXT ( ( #3577 ) ) GLOBAL_UNIT_ASSIGNED_CONTEXT ( ( #20, #6510, #6466 ) ) REPRESENTATION_CONTEXT ( 'NONE', 'WORKASPACE' ) );
#3236 = UNCERTAINTY_MEASURE_WITH_UNIT (LENGTH_MEASURE( 1.000000000000000082E-05 ), #741, 'distance_accuracy_value', 'NONE');
#3237 = ADVANCED_FACE ( 'NONE', ( #3290 ), #39, .F. ) ;
#3238 = VECTOR ( 'NONE', #1776, 1000.000000000000000 ) ;
#3239 =( NAMED_UNIT ( * ) SI_UNIT ( $, .STERADIAN. ) SOLID_ANGLE_UNIT ( ) );
#3240 = CARTESIAN_POINT ( 'NONE',  ( 3.560000000000000497, 3.099999999999991651, 5.800000000000011369 ) ) ;
#3241 = PRESENTATION_STYLE_ASSIGNMENT (( #52 ) ) ;
#3242 = VECTOR ( 'NONE', #5185, 1000.000000000000000 ) ;
#3243 = PRESENTATION_STYLE_ASSIGNMENT (( #3124 ) ) ;
#3244 = CARTESIAN_POINT ( 'NONE',  ( 0.4729406000558674661, 2.251544065019055907, 3.550000000000008260 ) ) ;
#3245 = ORIENTED_EDGE ( 'NONE', *, *, #4886, .F. ) ;
#3246 = EDGE_CURVE ( 'NONE', #3411, #7517, #5911, .T. ) ;
#3247 = PRESENTATION_LAYER_ASSIGNMENT (  '', '', ( #6669 ) ) ;
#3248 = ORIENTED_EDGE ( 'NONE', *, *, #7860, .T. ) ;
#3249 = CARTESIAN_POINT ( 'NONE',  ( 0.6645838694942847180, 1.723045114818308798, 3.550000000000006484 ) ) ;
#3250 =( NAMED_UNIT ( * ) PLANE_ANGLE_UNIT ( ) SI_UNIT ( $, .RADIAN. ) );
#3251 = CARTESIAN_POINT ( 'NONE',  ( 0.7407317073170731625, 2.313586128048780388, 3.551000000000009482 ) ) ;
#3252 = ORIENTED_EDGE ( 'NONE', *, *, #4754, .T. ) ;
#3253 = PRESENTATION_LAYER_ASSIGNMENT (  '', '', ( #4764 ) ) ;
#3254 =( NAMED_UNIT ( * ) SI_UNIT ( $, .STERADIAN. ) SOLID_ANGLE_UNIT ( ) );
#3255 = CARTESIAN_POINT ( 'NONE',  ( 0.7370731707317075276, 2.017073170731706888, 3.551000000000008150 ) ) ;
#3256 = CARTESIAN_POINT ( 'NONE',  ( -2.220000000000000195, -5.200000000000004619, 4.938014882866880839 ) ) ;
#3257 =( GEOMETRIC_REPRESENTATION_CONTEXT ( 3 ) GLOBAL_UNCERTAINTY_ASSIGNED_CONTEXT ( ( #5732 ) ) GLOBAL_UNIT_ASSIGNED_CONTEXT ( ( #7796, #1865, #1220 ) ) REPRESENTATION_CONTEXT ( 'NONE', 'WORKASPACE' ) );
#3258 = FILL_AREA_STYLE ('',( #1185 ) ) ;
#3259 = EDGE_CURVE ( 'NONE', #4196, #193, #6215, .T. ) ;
#3260 = SURFACE_STYLE_USAGE ( .BOTH. , #3731 ) ;
#3261 = VERTEX_POINT ( 'NONE', #1564 ) ;
#3262 = CARTESIAN_POINT ( 'NONE',  ( 0.7370731707317075276, 1.875705030487805347, 3.550000000000008260 ) ) ;
#3263 = DIRECTION ( 'NONE',  ( -0.7071067811865474617, -2.468850131082265738E-15, 0.7071067811865474617 ) ) ;
#3264 = FILL_AREA_STYLE ('',( #7228 ) ) ;
#3265 = EDGE_CURVE ( 'NONE', #6777, #7474, #1612, .T. ) ;
#3266 = AXIS2_PLACEMENT_3D ( 'NONE', #822, #6079, #6772 ) ;
#3267 = CARTESIAN_POINT ( 'NONE',  ( 0.6529268292682929298, 1.612461890243902518, 3.550000000000006928 ) ) ;
#3268 = PLANE ( 'NONE',  #4256 ) ;
#3269 =( NAMED_UNIT ( * ) SI_UNIT ( $, .STERADIAN. ) SOLID_ANGLE_UNIT ( ) );
#3270 = CARTESIAN_POINT ( 'NONE',  ( 0.4772623504278112883, 2.238973402906854648, 3.550000000000009148 ) ) ;
#3271 = SURFACE_STYLE_FILL_AREA ( #689 ) ;
#3272 = CARTESIAN_POINT ( 'NONE',  ( 0.6001548527464827254, 1.717425296246301025, 3.550000000000006928 ) ) ;
#3273 =( NAMED_UNIT ( * ) SI_UNIT ( $, .STERADIAN. ) SOLID_ANGLE_UNIT ( ) );
#3274 =( LENGTH_UNIT ( ) NAMED_UNIT ( * ) SI_UNIT ( .MILLI., .METRE. ) );
#3275 = ORIENTED_EDGE ( 'NONE', *, *, #286, .T. ) ;
#3276 = DIRECTION ( 'NONE',  ( 0.0000000000000000000, -3.491481338843133355E-15, 1.000000000000000000 ) ) ;
#3277 =( LENGTH_UNIT ( ) NAMED_UNIT ( * ) SI_UNIT ( .MILLI., .METRE. ) );
#3278 = EDGE_CURVE ( 'NONE', #3223, #3951, #2979, .T. ) ;
#3279 = ORIENTED_EDGE ( 'NONE', *, *, #1892, .F. ) ;
#3280 = VECTOR ( 'NONE', #6141, 1000.000000000000000 ) ;
#3281 = ORIENTED_EDGE ( 'NONE', *, *, #5396, .F. ) ;
#3282 = LINE ( 'NONE', #7162, #4833 ) ;
#3283 = ORIENTED_EDGE ( 'NONE', *, *, #3682, .T. ) ;
#3284 = DIRECTION ( 'NONE',  ( 1.000000000000000000, 0.0000000000000000000, 0.0000000000000000000 ) ) ;
#3285 = FILL_AREA_STYLE_COLOUR ( '', #7451 ) ;
#3286 = VECTOR ( 'NONE', #4475, 1000.000000000000000 ) ;
#3287 = CARTESIAN_POINT ( 'NONE',  ( 0.5839132541423337486, 2.415321089524289366, 3.551000000000009482 ) ) ;
#3288 = EDGE_CURVE ( 'NONE', #2715, #414, #8192, .T. ) ;
#3289 = PLANE ( 'NONE',  #1212 ) ;
#3290 = FACE_OUTER_BOUND ( 'NONE', #2851, .T. ) ;
#3291 = CARTESIAN_POINT ( 'NONE',  ( 2.220000000000000195, 4.560000000000008491, 1.050000000000020473 ) ) ;
#3292 = VERTEX_POINT ( 'NONE', #4121 ) ;
#3293 = CARTESIAN_POINT ( 'NONE',  ( 0.7284800705656493403, 2.365809998136607639, 3.550000000000010481 ) ) ;
#3294 = DIRECTION ( 'NONE',  ( -1.000000000000000000, -0.0000000000000000000, 0.0000000000000000000 ) ) ;
#3295 = DIRECTION ( 'NONE',  ( -1.000000000000000000, -0.0000000000000000000, 0.0000000000000000000 ) ) ;
#3296 = ORIENTED_EDGE ( 'NONE', *, *, #1022, .F. ) ;
#3297 = PLANE ( 'NONE',  #7096 ) ;
#3298 = DIRECTION ( 'NONE',  ( 0.0000000000000000000, 3.491481338843133355E-15, -1.000000000000000000 ) ) ;
#3299 = CARTESIAN_POINT ( 'NONE',  ( -2.220000000000000195, 4.559999999999996945, 3.800000000000016254 ) ) ;
#3300 =( NAMED_UNIT ( * ) SI_UNIT ( $, .STERADIAN. ) SOLID_ANGLE_UNIT ( ) );
#3301 = ORIENTED_EDGE ( 'NONE', *, *, #4152, .T. ) ;
#3302 = FILL_AREA_STYLE ('',( #7742 ) ) ;
#3303 = MECHANICAL_DESIGN_GEOMETRIC_PRESENTATION_REPRESENTATION (  '', ( #3854 ), #7012 ) ;
#3304 = ORIENTED_EDGE ( 'NONE', *, *, #2406, .F. ) ;
#3305 = LINE ( 'NONE', #6655, #5616 ) ;
#3306 = EDGE_CURVE ( 'NONE', #1444, #3170, #6758, .T. ) ;
#3307 =( NAMED_UNIT ( * ) PLANE_ANGLE_UNIT ( ) SI_UNIT ( $, .RADIAN. ) );
#3308 = B_SPLINE_SURFACE_WITH_KNOTS ( 'NONE', 3, 1, ( 
 ( #7689, #8337 ),
 ( #7052, #7092 ),
 ( #4526, #8417 ),
 ( #7805, #6396 ),
 ( #7178, #2465 ),
 ( #5096, #560 ),
 ( #2551, #7660 ),
 ( #5741, #5137 ),
 ( #2597, #5866 ),
 ( #3849, #1785 ),
 ( #7773, #1918 ) ),
 .UNSPECIFIED., .F., .F., .F.,
 ( 4, 1, 1, 1, 1, 1, 1, 1, 4 ),
 ( 2, 2 ),
 ( 0.0000000000000000000, 0.1352946047634291382, 0.2667656579247463244, 0.3948160188358715295, 0.5200516544342442815, 0.6421757029708204945, 0.7626518205584249532, 0.8818340043804996364, 1.000000000000000000 ),
 ( 0.0000000000000000000, 1.000000000000000000 ),
 .UNSPECIFIED. ) ;
#3309 = FACE_OUTER_BOUND ( 'NONE', #3882, .T. ) ;
#3310 = PRESENTATION_LAYER_ASSIGNMENT (  '', '', ( #7711 ) ) ;
#3311 = UNCERTAINTY_MEASURE_WITH_UNIT (LENGTH_MEASURE( 1.000000000000000082E-05 ), #4282, 'distance_accuracy_value', 'NONE');
#3312 = VERTEX_POINT ( 'NONE', #909 ) ;
#3313 = CARTESIAN_POINT ( 'NONE',  ( 0.4700000000000000844, 1.873875762195122308, 3.551000000000007706 ) ) ;
#3314 =( LENGTH_UNIT ( ) NAMED_UNIT ( * ) SI_UNIT ( .MILLI., .METRE. ) );
#3315 = SURFACE_SIDE_STYLE ('',( #726 ) ) ;
#3316 = FACE_OUTER_BOUND ( 'NONE', #2329, .T. ) ;
#3317 = LINE ( 'NONE', #991, #673 ) ;
#3318 = VECTOR ( 'NONE', #8342, 1000.000000000000000 ) ;
#3319 =( GEOMETRIC_REPRESENTATION_CONTEXT ( 3 ) GLOBAL_UNCERTAINTY_ASSIGNED_CONTEXT ( ( #1024 ) ) GLOBAL_UNIT_ASSIGNED_CONTEXT ( ( #451, #4295, #5508 ) ) REPRESENTATION_CONTEXT ( 'NONE', 'WORKASPACE' ) );
#3320 =( GEOMETRIC_REPRESENTATION_CONTEXT ( 3 ) GLOBAL_UNCERTAINTY_ASSIGNED_CONTEXT ( ( #835 ) ) GLOBAL_UNIT_ASSIGNED_CONTEXT ( ( #7134, #2508, #2916 ) ) REPRESENTATION_CONTEXT ( 'NONE', 'WORKASPACE' ) );
#3321 =( NAMED_UNIT ( * ) SI_UNIT ( $, .STERADIAN. ) SOLID_ANGLE_UNIT ( ) );
#3322 = ADVANCED_FACE ( 'NONE', ( #6018 ), #8004, .F. ) ;
#3323 = VECTOR ( 'NONE', #1913, 1000.000000000000000 ) ;
#3324 = PRESENTATION_LAYER_ASSIGNMENT (  '', '', ( #7858 ) ) ;
#3325 = DIRECTION ( 'NONE',  ( -1.000000000000000000, -0.0000000000000000000, 0.0000000000000000000 ) ) ;
#3326 = EDGE_CURVE ( 'NONE', #2236, #5703, #7131, .T. ) ;
#3327 = PLANE ( 'NONE',  #5982 ) ;
#3328 = CARTESIAN_POINT ( 'NONE',  ( 0.5758724807363707621, 2.453978788247654474, 3.550000000000010925 ) ) ;
#3329 = CARTESIAN_POINT ( 'NONE',  ( 2.220000000000000195, -5.200000000000006395, 5.119999999999982343 ) ) ;
#3330 =( GEOMETRIC_REPRESENTATION_CONTEXT ( 3 ) GLOBAL_UNCERTAINTY_ASSIGNED_CONTEXT ( ( #681 ) ) GLOBAL_UNIT_ASSIGNED_CONTEXT ( ( #5249, #2633, #6475 ) ) REPRESENTATION_CONTEXT ( 'NONE', 'WORKASPACE' ) );
#3331 = VECTOR ( 'NONE', #546, 1000.000000000000000 ) ;
#3332 = CARTESIAN_POINT ( 'NONE',  ( 0.7404373822243758285, 2.325006003298983881, 3.550000000000008704 ) ) ;
#3333 = DIRECTION ( 'NONE',  ( 0.0000000000000000000, 0.0000000000000000000, 1.000000000000000000 ) ) ;
#3334 = ORIENTED_EDGE ( 'NONE', *, *, #3259, .F. ) ;
#3335 = AXIS2_PLACEMENT_3D ( 'NONE', #310, #3029, #3069 ) ;
#3336 = SURFACE_SIDE_STYLE ('',( #6602 ) ) ;
#3337 = VERTEX_POINT ( 'NONE', #5805 ) ;
#3338 = PRESENTATION_LAYER_ASSIGNMENT (  '', '', ( #249 ) ) ;
#3339 = EDGE_CURVE ( 'NONE', #6993, #1191, #1805, .T. ) ;
#3340 = CARTESIAN_POINT ( 'NONE',  ( 0.7226653564850946676, 2.430601477675555344, 3.550000000000009592 ) ) ;
#3341 = EDGE_LOOP ( 'NONE', ( #971, #3536, #8419, #6350 ) ) ;
#3342 = CARTESIAN_POINT ( 'NONE',  ( 1.519999999999999574, 3.099999999999992539, 5.550000000000011369 ) ) ;
#3343 = PLANE ( 'NONE',  #5606 ) ;
#3344 = LINE ( 'NONE', #717, #318 ) ;
#3345 = PLANE ( 'NONE',  #3546 ) ;
#3346 = CARTESIAN_POINT ( 'NONE',  ( 0.4700000000000000844, 1.873875762195122308, 3.550000000000007372 ) ) ;
#3347 = PLANE ( 'NONE',  #3659 ) ;
#3348 = DIRECTION ( 'NONE',  ( 0.0000000000000000000, 1.000000000000000000, 3.491481338843133355E-15 ) ) ;
#3349 = SURFACE_STYLE_USAGE ( .BOTH. , #6540 ) ;
#3350 = ORIENTED_EDGE ( 'NONE', *, *, #18, .T. ) ;
#3351 = CARTESIAN_POINT ( 'NONE',  ( 0.6001548527464827254, 1.717425296246301025, 3.550000000000008260 ) ) ;
#3352 = DIRECTION ( 'NONE',  ( 1.000000000000000000, 0.0000000000000000000, -0.0000000000000000000 ) ) ;
#3353 = VERTEX_POINT ( 'NONE', #652 ) ;
#3354 = DIRECTION ( 'NONE',  ( -1.000000000000000000, 0.0000000000000000000, 8.811868386695804721E-13 ) ) ;
#3355 = ADVANCED_FACE ( 'NONE', ( #7198 ), #1324, .T. ) ;
#3356 = COLOUR_RGB ( '',0.7529411764705882248, 0.7529411764705882248, 0.7529411764705882248 ) ;
#3357 =( NAMED_UNIT ( * ) PLANE_ANGLE_UNIT ( ) SI_UNIT ( $, .RADIAN. ) );
#3358 =( LENGTH_UNIT ( ) NAMED_UNIT ( * ) SI_UNIT ( .MILLI., .METRE. ) );
#3359 = FACE_OUTER_BOUND ( 'NONE', #4253, .T. ) ;
#3360 =( LENGTH_UNIT ( ) NAMED_UNIT ( * ) SI_UNIT ( .MILLI., .METRE. ) );
#3361 =( NAMED_UNIT ( * ) PLANE_ANGLE_UNIT ( ) SI_UNIT ( $, .RADIAN. ) );
#3362 = DIRECTION ( 'NONE',  ( 0.0000000000000000000, -3.491481338843133355E-15, 1.000000000000000000 ) ) ;
#3363 = PRESENTATION_LAYER_ASSIGNMENT (  '', '', ( #5959 ) ) ;
#3364 = ORIENTED_EDGE ( 'NONE', *, *, #6911, .T. ) ;
#3365 = STYLED_ITEM ( 'NONE', ( #8204 ), #2037 ) ;
#3366 = ORIENTED_EDGE ( 'NONE', *, *, #7183, .T. ) ;
#3367 = SURFACE_STYLE_FILL_AREA ( #5501 ) ;
#3368 = LINE ( 'NONE', #63, #7346 ) ;
#3369 = STYLED_ITEM ( 'NONE', ( #3113 ), #4951 ) ;
#3370 = EDGE_CURVE ( 'NONE', #1959, #2723, #1433, .T. ) ;
#3371 = SURFACE_SIDE_STYLE ('',( #4380 ) ) ;
#3372 = EDGE_LOOP ( 'NONE', ( #5319, #259, #1112, #6265, #6320 ) ) ;
#3373 = SURFACE_STYLE_FILL_AREA ( #915 ) ;
#3374 = COLOUR_RGB ( '',0.2509803921568627416, 0.2509803921568627416, 0.2509803921568627416 ) ;
#3375 = FILL_AREA_STYLE ('',( #7384 ) ) ;
#3376 =( LENGTH_UNIT ( ) NAMED_UNIT ( * ) SI_UNIT ( .MILLI., .METRE. ) );
#3377 =( NAMED_UNIT ( * ) SI_UNIT ( $, .STERADIAN. ) SOLID_ANGLE_UNIT ( ) );
#3378 = VECTOR ( 'NONE', #7890, 1000.000000000000000 ) ;
#3379 = CARTESIAN_POINT ( 'NONE',  ( 0.7370731707317075276, 2.598780487804878359, 3.551000000000010370 ) ) ;
#3380 = UNCERTAINTY_MEASURE_WITH_UNIT (LENGTH_MEASURE( 1.000000000000000082E-05 ), #3803, 'distance_accuracy_value', 'NONE');
#3381 = MECHANICAL_DESIGN_GEOMETRIC_PRESENTATION_REPRESENTATION (  '', ( #2172 ), #5424 ) ;
#3382 = EDGE_CURVE ( 'NONE', #8037, #6610, #8071, .T. ) ;
#3383 = FACE_OUTER_BOUND ( 'NONE', #4362, .T. ) ;
#3384 = VERTEX_POINT ( 'NONE', #3981 ) ;
#3385 = VECTOR ( 'NONE', #2962, 1000.000000000000000 ) ;
#3386 = LINE ( 'NONE', #82, #2305 ) ;
#3387 = EDGE_CURVE ( 'NONE', #1290, #3782, #4100, .T. ) ;
#3388 = CARTESIAN_POINT ( 'NONE',  ( 0.7703938581546904141, 2.280770786321077548, 3.551000000000008594 ) ) ;
#3389 = SHAPE_DEFINITION_REPRESENTATION ( #5299, #7340 ) ;
#3390 = SURFACE_STYLE_USAGE ( .BOTH. , #4670 ) ;
#3391 = ORIENTED_EDGE ( 'NONE', *, *, #6321, .F. ) ;
#3392 = CARTESIAN_POINT ( 'NONE',  ( 1.270000000000000018, 0.7999999999999928280, 5.550000000000003375 ) ) ;
#3393 = DIRECTION ( 'NONE',  ( -1.000000000000000000, 0.0000000000000000000, 0.0000000000000000000 ) ) ;
#3394 = VECTOR ( 'NONE', #1168, 1000.000000000000114 ) ;
#3395 = ORIENTED_EDGE ( 'NONE', *, *, #440, .F. ) ;
#3396 = DIRECTION ( 'NONE',  ( 0.0000000000000000000, -1.000000000000000000, -5.644735120241999240E-15 ) ) ;
#3397 = DIRECTION ( 'NONE',  ( 0.0000000000000000000, 0.0000000000000000000, 1.000000000000000000 ) ) ;
#3398 = LINE ( 'NONE', #7869, #7552 ) ;
#3399 = CARTESIAN_POINT ( 'NONE',  ( 0.0000000000000000000, 3.099999999999996536, 4.480000000000011084 ) ) ;
#3400 =( LENGTH_UNIT ( ) NAMED_UNIT ( * ) SI_UNIT ( .MILLI., .METRE. ) );
#3401 = CARTESIAN_POINT ( 'NONE',  ( 3.560000000000000497, 3.099999999999992539, 5.550000000000011369 ) ) ;
#3402 = CARTESIAN_POINT ( 'NONE',  ( 0.7700000000000001288, 2.639024390243903007, 3.551000000000010370 ) ) ;
#3403 = MECHANICAL_DESIGN_GEOMETRIC_PRESENTATION_REPRESENTATION (  '', ( #5173 ), #6423 ) ;
#3404 = UNCERTAINTY_MEASURE_WITH_UNIT (LENGTH_MEASURE( 1.000000000000000082E-05 ), #5171, 'distance_accuracy_value', 'NONE');
#3405 = CARTESIAN_POINT ( 'NONE',  ( 0.6095437715678969637, 2.419205983537874971, 3.550000000000010036 ) ) ;
#3406 = EDGE_LOOP ( 'NONE', ( #4094, #6268, #7459, #6846 ) ) ;
#3407 = CARTESIAN_POINT ( 'NONE',  ( 0.5065853658536587645, 1.561928353658536883, 3.551000000000006818 ) ) ;
#3408 =( LENGTH_UNIT ( ) NAMED_UNIT ( * ) SI_UNIT ( .MILLI., .METRE. ) );
#3409 = CARTESIAN_POINT ( 'NONE',  ( 0.7700000000000001288, 2.485365853658537016, 3.551000000000009926 ) ) ;
#3410 = ORIENTED_EDGE ( 'NONE', *, *, #8381, .F. ) ;
#3411 = VERTEX_POINT ( 'NONE', #3342 ) ;
#3412 = VERTEX_POINT ( 'NONE', #4675 ) ;
#3413 =( LENGTH_UNIT ( ) NAMED_UNIT ( * ) SI_UNIT ( .MILLI., .METRE. ) );
#3414 = EDGE_LOOP ( 'NONE', ( #8338, #1304, #7065, #3457 ) ) ;
#3415 = DIRECTION ( 'NONE',  ( 0.3236155771181811747, -0.8891264907159892594, -0.3236155771181855600 ) ) ;
#3416 = FILL_AREA_STYLE ('',( #4128 ) ) ;
#3417 = LINE ( 'NONE', #7417, #4809 ) ;
#3418 = FILL_AREA_STYLE ('',( #202 ) ) ;
#3419 = LINE ( 'NONE', #3922, #7146 ) ;
#3420 = COLOUR_RGB ( '',0.7529411764705882248, 0.7529411764705882248, 0.7529411764705882248 ) ;
#3421 = CARTESIAN_POINT ( 'NONE',  ( 0.5030147219845536588, 1.869775469689268999, 3.551000000000008150 ) ) ;
#3422 = EDGE_CURVE ( 'NONE', #3353, #1611, #2732, .T. ) ;
#3423 = CARTESIAN_POINT ( 'NONE',  ( 0.4701228475784284822, 1.868364202959133857, 3.551000000000007706 ) ) ;
#3424 = CARTESIAN_POINT ( 'NONE',  ( 0.09004833910515754047, -5.331786995874674417, 4.890048339105137920 ) ) ;
#3425 = AXIS2_PLACEMENT_3D ( 'NONE', #2845, #8096, #1738 ) ;
#3426 = ORIENTED_EDGE ( 'NONE', *, *, #1764, .F. ) ;
#3427 = CARTESIAN_POINT ( 'NONE',  ( 0.7352702152831365190, 1.849516008320988725, 3.551000000000006818 ) ) ;
#3428 = LINE ( 'NONE', #1427, #419 ) ;
#3429 = SURFACE_STYLE_USAGE ( .BOTH. , #341 ) ;
#3430 = VECTOR ( 'NONE', #7192, 1000.000000000000000 ) ;
#3431 = CARTESIAN_POINT ( 'NONE',  ( -0.7700000000000000178, 0.7999999999999997113, 3.550000000000003819 ) ) ;
#3432 = ORIENTED_EDGE ( 'NONE', *, *, #3495, .T. ) ;
#3433 = CARTESIAN_POINT ( 'NONE',  ( 0.7332073257407352163, 2.421660112290895395, 3.550000000000009148 ) ) ;
#3434 = CARTESIAN_POINT ( 'NONE',  ( 0.5131469339415885011, 1.560744737475520116, 3.550000000000006928 ) ) ;
#3435 = ADVANCED_FACE ( 'NONE', ( #2765 ), #5359, .T. ) ;
#3436 = FACE_OUTER_BOUND ( 'NONE', #3147, .T. ) ;
#3437 =( NAMED_UNIT ( * ) PLANE_ANGLE_UNIT ( ) SI_UNIT ( $, .RADIAN. ) );
#3438 = DIRECTION ( 'NONE',  ( 0.0000000000000000000, -1.000000000000000000, -1.077631250228014458E-14 ) ) ;
#3439 = PLANE ( 'NONE',  #7606 ) ;
#3440 = SURFACE_STYLE_USAGE ( .BOTH. , #7277 ) ;
#3441 = DIRECTION ( 'NONE',  ( 0.0000000000000000000, -3.491481338843133355E-15, 1.000000000000000000 ) ) ;
#3442 = ORIENTED_EDGE ( 'NONE', *, *, #895, .T. ) ;
#3443 = MECHANICAL_DESIGN_GEOMETRIC_PRESENTATION_REPRESENTATION (  '', ( #3721 ), #57 ) ;
#3444 = CARTESIAN_POINT ( 'NONE',  ( 0.7427192734002383556, 2.411701756578742639, 3.551000000000010814 ) ) ;
#3445 =( LENGTH_UNIT ( ) NAMED_UNIT ( * ) SI_UNIT ( .MILLI., .METRE. ) );
#3446 = PLANE ( 'NONE',  #405 ) ;
#3447 = LINE ( 'NONE', #5660, #7502 ) ;
#3448 = CARTESIAN_POINT ( 'NONE',  ( 0.7706973806670585070, 2.282597484238909402, 3.550697380667068970 ) ) ;
#3449 = VECTOR ( 'NONE', #6858, 1000.000000000000000 ) ;
#3450 = CARTESIAN_POINT ( 'NONE',  ( 0.4772623504278112883, 2.238973402906854648, 3.550000000000009148 ) ) ;
#3451 = DIRECTION ( 'NONE',  ( -0.0000000000000000000, 1.000000000000000000, 3.491481338843133355E-15 ) ) ;
#3452 = VERTEX_POINT ( 'NONE', #5068 ) ;
#3453 = VERTEX_POINT ( 'NONE', #1148 ) ;
#3454 = PRESENTATION_STYLE_ASSIGNMENT (( #2836 ) ) ;
#3455 = STYLED_ITEM ( 'NONE', ( #4186 ), #5422 ) ;
#3456 = STYLED_ITEM ( 'NONE', ( #8226 ), #2260 ) ;
#3457 = ORIENTED_EDGE ( 'NONE', *, *, #499, .F. ) ;
#3458 = CARTESIAN_POINT ( 'NONE',  ( -0.7700000000000000178, 0.7999999999999997113, 3.550000000000003819 ) ) ;
#3459 = SURFACE_SIDE_STYLE ('',( #6025 ) ) ;
#3460 = DIRECTION ( 'NONE',  ( 0.0000000000000000000, 3.491481338843133355E-15, -1.000000000000000000 ) ) ;
#3461 =( NAMED_UNIT ( * ) PLANE_ANGLE_UNIT ( ) SI_UNIT ( $, .RADIAN. ) );
#3462 = ORIENTED_EDGE ( 'NONE', *, *, #3888, .F. ) ;
#3463 = CARTESIAN_POINT ( 'NONE',  ( 0.6858536585365855309, 1.622580030487805303, 3.551000000000006818 ) ) ;
#3464 = PRESENTATION_LAYER_ASSIGNMENT (  '', '', ( #6065 ) ) ;
#3465 = AXIS2_PLACEMENT_3D ( 'NONE', #5322, #170, #5270 ) ;
#3466 = CARTESIAN_POINT ( 'NONE',  ( 0.4721934038540109846, 1.841710340212297847, 3.551000000000006374 ) ) ;
#3467 = CARTESIAN_POINT ( 'NONE',  ( 0.4992682926829269396, 2.306840701219512013, 3.551000000000009482 ) ) ;
#3468 =( NAMED_UNIT ( * ) SI_UNIT ( $, .STERADIAN. ) SOLID_ANGLE_UNIT ( ) );
#3469 = ORIENTED_EDGE ( 'NONE', *, *, #4993, .T. ) ;
#3470 = CARTESIAN_POINT ( 'NONE',  ( 0.4700000000000001954, 2.639024390243903007, 3.551000000000010370 ) ) ;
#3471 = PRESENTATION_LAYER_ASSIGNMENT (  '', '', ( #6491 ) ) ;
#3472 = EDGE_CURVE ( 'NONE', #3501, #4291, #126, .T. ) ;
#3473 = MECHANICAL_DESIGN_GEOMETRIC_PRESENTATION_REPRESENTATION (  '', ( #1991 ), #7599 ) ;
#3474 = PRESENTATION_LAYER_ASSIGNMENT (  '', '', ( #1174 ) ) ;
#3475 =( NAMED_UNIT ( * ) SI_UNIT ( $, .STERADIAN. ) SOLID_ANGLE_UNIT ( ) );
#3476 = ORIENTED_EDGE ( 'NONE', *, *, #8210, .T. ) ;
#3477 = COLOUR_RGB ( '',0.2509803921568627416, 0.2509803921568627416, 0.2509803921568627416 ) ;
#3478 = CARTESIAN_POINT ( 'NONE',  ( 0.6858536585365855309, 1.498647103658536928, 3.551000000000006374 ) ) ;
#3479 = UNCERTAINTY_MEASURE_WITH_UNIT (LENGTH_MEASURE( 1.000000000000000082E-05 ), #4644, 'distance_accuracy_value', 'NONE');
#3480 = CARTESIAN_POINT ( 'NONE',  ( 0.7580902540602987294, 2.389242553809542535, 3.550000000000009592 ) ) ;
#3481 = SURFACE_STYLE_FILL_AREA ( #6507 ) ;
#3482 =( NAMED_UNIT ( * ) PLANE_ANGLE_UNIT ( ) SI_UNIT ( $, .RADIAN. ) );
#3483 = EDGE_CURVE ( 'NONE', #7132, #7929, #1784, .T. ) ;
#3484 =( NAMED_UNIT ( * ) SI_UNIT ( $, .STERADIAN. ) SOLID_ANGLE_UNIT ( ) );
#3485 = SURFACE_SIDE_STYLE ('',( #6008 ) ) ;
#3486 = SURFACE_SIDE_STYLE ('',( #7917 ) ) ;
#3487 = CARTESIAN_POINT ( 'NONE',  ( 0.6437343904432795139, 1.759043133931803560, 3.551000000000007706 ) ) ;
#3488 = SURFACE_SIDE_STYLE ('',( #850 ) ) ;
#3489 = ORIENTED_EDGE ( 'NONE', *, *, #5170, .F. ) ;
#3490 = VECTOR ( 'NONE', #3568, 1000.000000000000000 ) ;
#3491 = PRESENTATION_STYLE_ASSIGNMENT (( #7365 ) ) ;
#3492 = DIRECTION ( 'NONE',  ( 0.7071067811865474617, -2.468850131082265738E-15, 0.7071067811865474617 ) ) ;
#3493 = CARTESIAN_POINT ( 'NONE',  ( 0.5029268292682927965, 1.874047256097561176, 3.551000000000007706 ) ) ;
#3494 = FILL_AREA_STYLE_COLOUR ( '', #538 ) ;
#3495 = EDGE_CURVE ( 'NONE', #2824, #7845, #2999, .T. ) ;
#3496 = DIRECTION ( 'NONE',  ( -0.9396926207859098712, -0.3420201433256647716, -1.194156947930012438E-15 ) ) ;
#3497 =( LENGTH_UNIT ( ) NAMED_UNIT ( * ) SI_UNIT ( .MILLI., .METRE. ) );
#3498 = CARTESIAN_POINT ( 'NONE',  ( 1.519999999999999574, 3.299999999999992273, 5.800000000000012257 ) ) ;
#3499 = EDGE_LOOP ( 'NONE', ( #603, #3676, #7137, #6757 ) ) ;
#3500 = FILL_AREA_STYLE_COLOUR ( '', #853 ) ;
#3501 = VERTEX_POINT ( 'NONE', #7588 ) ;
#3502 = VECTOR ( 'NONE', #7423, 1000.000000000000000 ) ;
#3503 = CARTESIAN_POINT ( 'NONE',  ( 0.7700000000000001288, 1.424390243902439179, 3.551000000000005929 ) ) ;
#3504 = DIRECTION ( 'NONE',  ( 1.000000000000000000, 0.0000000000000000000, 0.0000000000000000000 ) ) ;
#3505 = FILL_AREA_STYLE_COLOUR ( '', #2024 ) ;
#3506 = FILL_AREA_STYLE ('',( #4818 ) ) ;
#3507 = FACE_OUTER_BOUND ( 'NONE', #3176, .T. ) ;
#3508 =( LENGTH_UNIT ( ) NAMED_UNIT ( * ) SI_UNIT ( .MILLI., .METRE. ) );
#3509 = CARTESIAN_POINT ( 'NONE',  ( 0.4664152797647208581, 2.296886031982845022, 3.551000000000008594 ) ) ;
#3510 = AXIS2_PLACEMENT_3D ( 'NONE', #4449, #7105, #8433 ) ;
#3511 = ORIENTED_EDGE ( 'NONE', *, *, #3472, .T. ) ;
#3512 = EDGE_CURVE ( 'NONE', #1028, #922, #489, .T. ) ;
#3513 = PRESENTATION_LAYER_ASSIGNMENT (  '', '', ( #4721 ) ) ;
#3514 = CARTESIAN_POINT ( 'NONE',  ( 0.4700000000000001954, 1.541463414634146600, 3.551000000000006374 ) ) ;
#3515 =( GEOMETRIC_REPRESENTATION_CONTEXT ( 3 ) GLOBAL_UNCERTAINTY_ASSIGNED_CONTEXT ( ( #2628 ) ) GLOBAL_UNIT_ASSIGNED_CONTEXT ( ( #7544, #326, #4217 ) ) REPRESENTATION_CONTEXT ( 'NONE', 'WORKASPACE' ) );
#3516 = LINE ( 'NONE', #294, #6299 ) ;
#3517 = MECHANICAL_DESIGN_GEOMETRIC_PRESENTATION_REPRESENTATION (  '', ( #1339 ), #2712 ) ;
#3518 = EDGE_LOOP ( 'NONE', ( #5342, #4627, #1800, #4604, #6933, #4178 ) ) ;
#3519 = PRESENTATION_LAYER_ASSIGNMENT (  '', '', ( #3369 ) ) ;
#3520 = DIRECTION ( 'NONE',  ( -0.0000000000000000000, 3.491481338843133355E-15, -1.000000000000000000 ) ) ;
#3521 = STYLED_ITEM ( 'NONE', ( #7801 ), #1722 ) ;
#3522 = ORIENTED_EDGE ( 'NONE', *, *, #1526, .T. ) ;
#3523 = DIRECTION ( 'NONE',  ( -1.000000000000000000, 0.0000000000000000000, -0.0000000000000000000 ) ) ;
#3524 = PRESENTATION_LAYER_ASSIGNMENT (  '', '', ( #7652 ) ) ;
#3525 = ORIENTED_EDGE ( 'NONE', *, *, #5356, .T. ) ;
#3526 = CARTESIAN_POINT ( 'NONE',  ( 0.7226653564850946676, 2.430601477675555344, 3.550000000000009592 ) ) ;
#3527 = CARTESIAN_POINT ( 'NONE',  ( 0.5131469339415885011, 1.560744737475520116, 3.551000000000006818 ) ) ;
#3528 = LINE ( 'NONE', #2054, #3280 ) ;
#3529 =( GEOMETRIC_REPRESENTATION_CONTEXT ( 3 ) GLOBAL_UNCERTAINTY_ASSIGNED_CONTEXT ( ( #1773 ) ) GLOBAL_UNIT_ASSIGNED_CONTEXT ( ( #2472, #5750, #3300 ) ) REPRESENTATION_CONTEXT ( 'NONE', 'WORKASPACE' ) );
#3530 = MECHANICAL_DESIGN_GEOMETRIC_PRESENTATION_REPRESENTATION (  '', ( #4198 ), #7659 ) ;
#3531 = DIRECTION ( 'NONE',  ( 0.0000000000000000000, 3.491481338843133355E-15, -1.000000000000000000 ) ) ;
#3532 = CARTESIAN_POINT ( 'NONE',  ( 0.6560131579035334282, 1.761503439473108390, 3.551000000000005929 ) ) ;
#3533 = DIRECTION ( 'NONE',  ( -0.9396926207859095381, 1.194156947930015790E-15, -0.3420201433256657708 ) ) ;
#3534 = CARTESIAN_POINT ( 'NONE',  ( -0.3200000000000000067, -5.200000000000006395, 5.119999999999982343 ) ) ;
#3535 = MECHANICAL_DESIGN_GEOMETRIC_PRESENTATION_REPRESENTATION (  '', ( #8341 ), #5032 ) ;
#3536 = ORIENTED_EDGE ( 'NONE', *, *, #3855, .F. ) ;
#3537 = SURFACE_STYLE_USAGE ( .BOTH. , #3488 ) ;
#3538 = CARTESIAN_POINT ( 'NONE',  ( 0.7544512195121951814, 2.236585365853658303, 3.550000000000008704 ) ) ;
#3539 = ORIENTED_EDGE ( 'NONE', *, *, #614, .T. ) ;
#3540 = CARTESIAN_POINT ( 'NONE',  ( 1.770000000000000018, 3.299999999999999822, 3.550000000000012257 ) ) ;
#3541 = FILL_AREA_STYLE_COLOUR ( '', #7912 ) ;
#3542 = CARTESIAN_POINT ( 'NONE',  ( -0.7700000000000000178, 3.299999999999999822, 3.550000000000012257 ) ) ;
#3543 = LINE ( 'NONE', #2308, #1757 ) ;
#3544 = AXIS2_PLACEMENT_3D ( 'NONE', #3811, #6558, #5255 ) ;
#3545 = LINE ( 'NONE', #5496, #1902 ) ;
#3546 = AXIS2_PLACEMENT_3D ( 'NONE', #5446, #938, #7439 ) ;
#3547 = EDGE_CURVE ( 'NONE', #1126, #708, #6417, .T. ) ;
#3548 = EDGE_LOOP ( 'NONE', ( #5601, #2325, #2313, #1360 ) ) ;
#3549 =( NAMED_UNIT ( * ) PLANE_ANGLE_UNIT ( ) SI_UNIT ( $, .RADIAN. ) );
#3550 = SURFACE_STYLE_FILL_AREA ( #958 ) ;
#3551 = PRESENTATION_STYLE_ASSIGNMENT (( #5596 ) ) ;
#3552 = EDGE_CURVE ( 'NONE', #6688, #3353, #5284, .T. ) ;
#3553 = ORIENTED_EDGE ( 'NONE', *, *, #3630, .T. ) ;
#3554 = FILL_AREA_STYLE_COLOUR ( '', #2184 ) ;
#3555 = CARTESIAN_POINT ( 'NONE',  ( 0.5335956557956923474, 2.435769204743353900, 3.551000000000009038 ) ) ;
#3556 = SURFACE_STYLE_FILL_AREA ( #8180 ) ;
#3557 = CARTESIAN_POINT ( 'NONE',  ( -3.810000000000000941, 0.7999999999999928280, 5.550000000000003375 ) ) ;
#3558 = CARTESIAN_POINT ( 'NONE',  ( 0.5475497641830842088, 1.775150881019782689, 3.551000000000007706 ) ) ;
#3559 = SURFACE_STYLE_USAGE ( .BOTH. , #4786 ) ;
#3560 = SURFACE_SIDE_STYLE ('',( #1556 ) ) ;
#3561 = ORIENTED_EDGE ( 'NONE', *, *, #6104, .T. ) ;
#3562 = CARTESIAN_POINT ( 'NONE',  ( -2.220000000000000195, -5.200000000000002842, 4.479999999999982663 ) ) ;
#3563 = SURFACE_SIDE_STYLE ('',( #8190 ) ) ;
#3564 = LINE ( 'NONE', #7426, #3859 ) ;
#3565 = CARTESIAN_POINT ( 'NONE',  ( -3.810000000000000053, 3.299999999999998046, 4.050000000000012257 ) ) ;
#3566 = UNCERTAINTY_MEASURE_WITH_UNIT (LENGTH_MEASURE( 1.000000000000000082E-05 ), #2854, 'distance_accuracy_value', 'NONE');
#3567 = AXIS2_PLACEMENT_3D ( 'NONE', #5097, #4528, #7856 ) ;
#3568 = DIRECTION ( 'NONE',  ( -0.0000000000000000000, 3.491481338843133355E-15, -1.000000000000000000 ) ) ;
#3569 = CARTESIAN_POINT ( 'NONE',  ( 0.5138455336438093601, 2.244553482703789182, 3.551000000000008594 ) ) ;
#3570 = DIRECTION ( 'NONE',  ( -0.0000000000000000000, 1.000000000000000000, 3.491481338843133355E-15 ) ) ;
#3571 = SURFACE_STYLE_FILL_AREA ( #350 ) ;
#3572 = ORIENTED_EDGE ( 'NONE', *, *, #4334, .T. ) ;
#3573 =( GEOMETRIC_REPRESENTATION_CONTEXT ( 3 ) GLOBAL_UNCERTAINTY_ASSIGNED_CONTEXT ( ( #158 ) ) GLOBAL_UNIT_ASSIGNED_CONTEXT ( ( #3089, #4339, #1136 ) ) REPRESENTATION_CONTEXT ( 'NONE', 'WORKASPACE' ) );
#3574 =( NAMED_UNIT ( * ) SI_UNIT ( $, .STERADIAN. ) SOLID_ANGLE_UNIT ( ) );
#3575 = DIRECTION ( 'NONE',  ( -0.0000000000000000000, 3.491481338843133355E-15, -1.000000000000000000 ) ) ;
#3576 = CARTESIAN_POINT ( 'NONE',  ( 0.7710000000001417941, 2.350335587582120134, 3.551000000000150703 ) ) ;
#3577 = UNCERTAINTY_MEASURE_WITH_UNIT (LENGTH_MEASURE( 1.000000000000000082E-05 ), #20, 'distance_accuracy_value', 'NONE');
#3578 =( GEOMETRIC_REPRESENTATION_CONTEXT ( 3 ) GLOBAL_UNCERTAINTY_ASSIGNED_CONTEXT ( ( #1601 ) ) GLOBAL_UNIT_ASSIGNED_CONTEXT ( ( #7189, #4495, #4582 ) ) REPRESENTATION_CONTEXT ( 'NONE', 'WORKASPACE' ) );
#3579 = DIRECTION ( 'NONE',  ( 1.000000000000000000, 0.0000000000000000000, 0.0000000000000000000 ) ) ;
#3580 = ORIENTED_EDGE ( 'NONE', *, *, #3788, .F. ) ;
#3581 = FACE_OUTER_BOUND ( 'NONE', #1068, .T. ) ;
#3582 = SURFACE_SIDE_STYLE ('',( #4157 ) ) ;
#3583 = MECHANICAL_DESIGN_GEOMETRIC_PRESENTATION_REPRESENTATION (  '', ( #862 ), #5207 ) ;
#3584 = CARTESIAN_POINT ( 'NONE',  ( 0.7370731707317075276, 2.137804878048779944, 3.551000000000008594 ) ) ;
#3585 = EDGE_CURVE ( 'NONE', #6384, #2272, #7991, .T. ) ;
#3586 = CARTESIAN_POINT ( 'NONE',  ( 0.5031862336824908244, 1.861439610117724186, 3.551000000000008150 ) ) ;
#3587 = DIRECTION ( 'NONE',  ( 0.7071067811865474617, 2.468850131082265738E-15, -0.7071067811865474617 ) ) ;
#3588 = ORIENTED_EDGE ( 'NONE', *, *, #5662, .T. ) ;
#3589 = CARTESIAN_POINT ( 'NONE',  ( 0.6927155612519305672, 1.734211549773470473, 3.551000000000006374 ) ) ;
#3590 = FILL_AREA_STYLE ('',( #4854 ) ) ;
#3591 = SURFACE_STYLE_FILL_AREA ( #1644 ) ;
#3592 = CARTESIAN_POINT ( 'NONE',  ( 1.270000000000000018, 0.7999999999999979350, 4.050000000000003375 ) ) ;
#3593 = LINE ( 'NONE', #285, #8162 ) ;
#3594 = SURFACE_STYLE_USAGE ( .BOTH. , #6861 ) ;
#3595 = SURFACE_SIDE_STYLE ('',( #2350 ) ) ;
#3596 = EDGE_CURVE ( 'NONE', #7892, #3261, #2014, .T. ) ;
#3597 = CARTESIAN_POINT ( 'NONE',  ( 0.4769925707801079273, 2.367789493862291206, 3.550000000000010481 ) ) ;
#3598 = DIRECTION ( 'NONE',  ( 0.0000000000000000000, -3.491481338843133355E-15, 1.000000000000000000 ) ) ;
#3599 = CARTESIAN_POINT ( 'NONE',  ( 0.7249522035840534340, 1.815508465694902984, 3.550000000000007816 ) ) ;
#3600 = DIRECTION ( 'NONE',  ( 0.7071067811865472397, 2.468850131082266921E-15, -0.7071067811865479058 ) ) ;
#3601 = EDGE_LOOP ( 'NONE', ( #660, #3106, #6428, #3633 ) ) ;
#3602 = CARTESIAN_POINT ( 'NONE',  ( 0.5188836270990365707, 1.806741996372944747, 3.551000000000008150 ) ) ;
#3603 = EDGE_CURVE ( 'NONE', #3782, #3717, #1617, .T. ) ;
#3604 = VECTOR ( 'NONE', #4828, 1000.000000000000000 ) ;
#3605 = DIRECTION ( 'NONE',  ( -1.000000000000000000, -0.0000000000000000000, 0.0000000000000000000 ) ) ;
#3606 = DIRECTION ( 'NONE',  ( -0.0000000000000000000, 3.491481338843133355E-15, -1.000000000000000000 ) ) ;
#3607 = ORIENTED_EDGE ( 'NONE', *, *, #2406, .T. ) ;
#3608 =( LENGTH_UNIT ( ) NAMED_UNIT ( * ) SI_UNIT ( .MILLI., .METRE. ) );
#3609 = CARTESIAN_POINT ( 'NONE',  ( 0.6361540421590479166, 2.419266076482944783, 3.550000000000009148 ) ) ;
#3610 = VECTOR ( 'NONE', #7344, 1000.000000000000000 ) ;
#3611 = PRESENTATION_LAYER_ASSIGNMENT (  '', '', ( #1717 ) ) ;
#3612 = COLOUR_RGB ( '',0.7529411764705882248, 0.7529411764705882248, 0.7529411764705882248 ) ;
#3613 = ADVANCED_FACE ( 'NONE', ( #3862 ), #3268, .T. ) ;
#3614 = DIRECTION ( 'NONE',  ( -0.9396926207859095381, -1.194156947930015790E-15, 0.3420201433256657708 ) ) ;
#3615 = ORIENTED_EDGE ( 'NONE', *, *, #5170, .T. ) ;
#3616 = VECTOR ( 'NONE', #7850, 1000.000000000000000 ) ;
#3617 = CARTESIAN_POINT ( 'NONE',  ( 0.7712108514703667206, 2.349160335858918813, 3.550000000000008260 ) ) ;
#3618 = CARTESIAN_POINT ( 'NONE',  ( 0.4993161548618285095, 2.303675062306684840, 3.551000000000009038 ) ) ;
#3619 = PRESENTATION_STYLE_ASSIGNMENT (( #7529 ) ) ;
#3620 = ORIENTED_EDGE ( 'NONE', *, *, #3888, .T. ) ;
#3621 = LINE ( 'NONE', #6225, #8331 ) ;
#3622 = SURFACE_SIDE_STYLE ('',( #4845 ) ) ;
#3623 = EDGE_CURVE ( 'NONE', #1496, #1386, #6705, .T. ) ;
#3624 = MECHANICAL_DESIGN_GEOMETRIC_PRESENTATION_REPRESENTATION (  '', ( #1992 ), #1729 ) ;
#3625 =( NAMED_UNIT ( * ) SI_UNIT ( $, .STERADIAN. ) SOLID_ANGLE_UNIT ( ) );
#3626 = FACE_OUTER_BOUND ( 'NONE', #4667, .T. ) ;
#3627 = AXIS2_PLACEMENT_3D ( 'NONE', #366, #2957, #5674 ) ;
#3628 = DIRECTION ( 'NONE',  ( 0.0000000000000000000, 3.491481338843133355E-15, -1.000000000000000000 ) ) ;
#3629 = SURFACE_STYLE_USAGE ( .BOTH. , #4252 ) ;
#3630 = EDGE_CURVE ( 'NONE', #3759, #5314, #7764, .T. ) ;
#3631 = CARTESIAN_POINT ( 'NONE',  ( 0.5413694006842141304, 2.395680987206896262, 3.550000000000008704 ) ) ;
#3632 = DIRECTION ( 'NONE',  ( -0.0000000000000000000, 1.000000000000000000, 3.491481338843133355E-15 ) ) ;
#3633 = ORIENTED_EDGE ( 'NONE', *, *, #1465, .F. ) ;
#3634 = SURFACE_STYLE_USAGE ( .BOTH. , #8177 ) ;
#3635 = DIRECTION ( 'NONE',  ( 0.0000000000000000000, -1.000000000000000000, -3.491481338843133355E-15 ) ) ;
#3636 = SURFACE_STYLE_USAGE ( .BOTH. , #2401 ) ;
#3637 = DIRECTION ( 'NONE',  ( 0.0000000000000000000, -3.491481338843133355E-15, 1.000000000000000000 ) ) ;
#3638 = EDGE_CURVE ( 'NONE', #2337, #6191, #3807, .T. ) ;
#3639 = SURFACE_STYLE_FILL_AREA ( #6914 ) ;
#3640 = CARTESIAN_POINT ( 'NONE',  ( 3.560000000000000497, 3.099999999999997868, 4.050000000000012257 ) ) ;
#3641 =( NAMED_UNIT ( * ) SI_UNIT ( $, .STERADIAN. ) SOLID_ANGLE_UNIT ( ) );
#3642 = CARTESIAN_POINT ( 'NONE',  ( -1.519999999999999574, 3.299999999999992273, 5.800000000000012257 ) ) ;
#3643 = ORIENTED_EDGE ( 'NONE', *, *, #4477, .T. ) ;
#3644 =( NAMED_UNIT ( * ) SI_UNIT ( $, .STERADIAN. ) SOLID_ANGLE_UNIT ( ) );
#3645 = PRESENTATION_LAYER_ASSIGNMENT (  '', '', ( #7763 ) ) ;
#3646 =( NAMED_UNIT ( * ) PLANE_ANGLE_UNIT ( ) SI_UNIT ( $, .RADIAN. ) );
#3647 =( GEOMETRIC_REPRESENTATION_CONTEXT ( 3 ) GLOBAL_UNCERTAINTY_ASSIGNED_CONTEXT ( ( #4069 ) ) GLOBAL_UNIT_ASSIGNED_CONTEXT ( ( #3034, #1084, #8207 ) ) REPRESENTATION_CONTEXT ( 'NONE', 'WORKASPACE' ) );
#3648 = CARTESIAN_POINT ( 'NONE',  ( 0.1380148828668992245, -5.200000000000002842, 4.479999999999982663 ) ) ;
#3649 = FILL_AREA_STYLE ('',( #2328 ) ) ;
#3650 =( LENGTH_UNIT ( ) NAMED_UNIT ( * ) SI_UNIT ( .MILLI., .METRE. ) );
#3651 = ADVANCED_FACE ( 'NONE', ( #2457 ), #6476, .T. ) ;
#3652 = UNCERTAINTY_MEASURE_WITH_UNIT (LENGTH_MEASURE( 1.000000000000000082E-05 ), #6638, 'distance_accuracy_value', 'NONE');
#3653 = DIRECTION ( 'NONE',  ( 0.0000000000000000000, 1.000000000000000000, 1.913297951445010284E-15 ) ) ;
#3654 = VERTEX_POINT ( 'NONE', #7081 ) ;
#3655 = PRESENTATION_LAYER_ASSIGNMENT (  '', '', ( #7358 ) ) ;
#3656 = FILL_AREA_STYLE_COLOUR ( '', #6997 ) ;
#3657 = EDGE_CURVE ( 'NONE', #4849, #789, #8408, .T. ) ;
#3658 =( GEOMETRIC_REPRESENTATION_CONTEXT ( 3 ) GLOBAL_UNCERTAINTY_ASSIGNED_CONTEXT ( ( #8448 ) ) GLOBAL_UNIT_ASSIGNED_CONTEXT ( ( #5763, #8395, #7754 ) ) REPRESENTATION_CONTEXT ( 'NONE', 'WORKASPACE' ) );
#3659 = AXIS2_PLACEMENT_3D ( 'NONE', #4106, #1792, #522 ) ;
#3660 = CARTESIAN_POINT ( 'NONE',  ( 0.7249522035840534340, 1.815508465694902984, 3.551000000000008150 ) ) ;
#3661 = FILL_AREA_STYLE_COLOUR ( '', #2115 ) ;
#3662 = COLOUR_RGB ( '',0.2509803921568627416, 0.2509803921568627416, 0.2509803921568627416 ) ;
#3663 = VECTOR ( 'NONE', #7769, 1000.000000000000114 ) ;
#3664 = SURFACE_STYLE_FILL_AREA ( #2944 ) ;
#3665 = PLANE ( 'NONE',  #8228 ) ;
#3666 = EDGE_CURVE ( 'NONE', #7389, #2856, #1990, .T. ) ;
#3667 = CARTESIAN_POINT ( 'NONE',  ( 0.5673238370142983378, 1.765123344336013034, 3.551000000000007262 ) ) ;
#3668 = ORIENTED_EDGE ( 'NONE', *, *, #6539, .F. ) ;
#3669 = CARTESIAN_POINT ( 'NONE',  ( -2.220000000000000195, 5.199999999999997513, 3.800000000000018474 ) ) ;
#3670 = ORIENTED_EDGE ( 'NONE', *, *, #5202, .T. ) ;
#3671 = CARTESIAN_POINT ( 'NONE',  ( 0.5611552679116227349, 2.407512846373818238, 3.550000000000009592 ) ) ;
#3672 = CARTESIAN_POINT ( 'NONE',  ( 0.5065853658536588755, 1.561928353658537105, 3.551000000000007262 ) ) ;
#3673 = ORIENTED_EDGE ( 'NONE', *, *, #7602, .T. ) ;
#3674 = DIRECTION ( 'NONE',  ( 0.0000000000000000000, -1.000000000000000000, -3.491481338843133355E-15 ) ) ;
#3675 = CARTESIAN_POINT ( 'NONE',  ( 0.6170846036585366789, 1.757317073170731936, 3.550000000000006928 ) ) ;
#3676 = ORIENTED_EDGE ( 'NONE', *, *, #4980, .T. ) ;
#3677 = AXIS2_PLACEMENT_3D ( 'NONE', #1475, #6134, #216 ) ;
#3678 = DIRECTION ( 'NONE',  ( 0.7071067811865477948, -2.468850131082265344E-15, 0.7071067811865473507 ) ) ;
#3679 = ORIENTED_EDGE ( 'NONE', *, *, #4793, .T. ) ;
#3680 = DIRECTION ( 'NONE',  ( -0.3393303772748776925, -0.9406672605435405510, -3.284322186248463980E-15 ) ) ;
#3681 = CARTESIAN_POINT ( 'NONE',  ( 0.7364782883880025555, 2.346557666218005433, 3.550000000000009148 ) ) ;
#3682 = EDGE_CURVE ( 'NONE', #3292, #4486, #3767, .T. ) ;
#3683 = CARTESIAN_POINT ( 'NONE',  ( -3.810000000000000053, 0.7999999999999979350, 4.050000000000003375 ) ) ;
#3684 = LINE ( 'NONE', #429, #7857 ) ;
#3685 = CARTESIAN_POINT ( 'NONE',  ( -3.810000000000000941, 3.099999999999997868, 4.050000000000012257 ) ) ;
#3686 = CARTESIAN_POINT ( 'NONE',  ( 1.519999999999999574, 3.299999999999998046, 4.050000000000012257 ) ) ;
#3687 = DIRECTION ( 'NONE',  ( -0.9396926207859095381, -1.194156947930015790E-15, 0.3420201433256657708 ) ) ;
#3688 = VERTEX_POINT ( 'NONE', #554 ) ;
#3689 = EDGE_CURVE ( 'NONE', #4090, #1539, #8373, .T. ) ;
#3690 = PRESENTATION_STYLE_ASSIGNMENT (( #644 ) ) ;
#3691 =( GEOMETRIC_REPRESENTATION_CONTEXT ( 3 ) GLOBAL_UNCERTAINTY_ASSIGNED_CONTEXT ( ( #8412 ) ) GLOBAL_UNIT_ASSIGNED_CONTEXT ( ( #2135, #6091, #4633 ) ) REPRESENTATION_CONTEXT ( 'NONE', 'WORKASPACE' ) );
#3692 = LINE ( 'NONE', #473, #7770 ) ;
#3693 = SURFACE_STYLE_USAGE ( .BOTH. , #941 ) ;
#3694 = EDGE_CURVE ( 'NONE', #3759, #8393, #3178, .T. ) ;
#3695 = EDGE_LOOP ( 'NONE', ( #2509, #2213, #8257, #563, #7866, #7693, #426, #4538 ) ) ;
#3696 = CARTESIAN_POINT ( 'NONE',  ( 0.7700000000000001288, 1.651219512195122308, 3.551000000000006818 ) ) ;
#3697 = ORIENTED_EDGE ( 'NONE', *, *, #1825, .F. ) ;
#3698 = CARTESIAN_POINT ( 'NONE',  ( 0.5065853658536587645, 1.562900152439024692, 3.550000000000006928 ) ) ;
#3699 = VECTOR ( 'NONE', #3996, 1000.000000000000114 ) ;
#3700 = LINE ( 'NONE', #8385, #6163 ) ;
#3701 = STYLED_ITEM ( 'NONE', ( #2860 ), #4343 ) ;
#3702 = LINE ( 'NONE', #5456, #8451 ) ;
#3703 = VERTEX_POINT ( 'NONE', #867 ) ;
#3704 = DIRECTION ( 'NONE',  ( 0.0000000000000000000, 1.000000000000000000, 3.891802140991627604E-15 ) ) ;
#3705 = ORIENTED_EDGE ( 'NONE', *, *, #5385, .T. ) ;
#3706 = COLOUR_RGB ( '',0.7529411764705882248, 0.7529411764705882248, 0.7529411764705882248 ) ;
#3707 = DIRECTION ( 'NONE',  ( -4.336808689942017736E-16, -3.491481338843133355E-15, 1.000000000000000000 ) ) ;
#3708 = PLANE ( 'NONE',  #3081 ) ;
#3709 = AXIS2_PLACEMENT_3D ( 'NONE', #6566, #5220, #7861 ) ;
#3710 = PLANE ( 'NONE',  #6187 ) ;
#3711 = CARTESIAN_POINT ( 'NONE',  ( 1.269999999999999352, 0.7999999999999928280, 5.550000000000003375 ) ) ;
#3712 = PLANE ( 'NONE',  #5106 ) ;
#3713 = CARTESIAN_POINT ( 'NONE',  ( 0.7130434264851827075, 1.796686258761218680, 3.550000000000006928 ) ) ;
#3714 = SURFACE_STYLE_USAGE ( .BOTH. , #6467 ) ;
#3715 = ORIENTED_EDGE ( 'NONE', *, *, #7944, .F. ) ;
#3716 = EDGE_CURVE ( 'NONE', #4519, #6988, #5381, .T. ) ;
#3717 = VERTEX_POINT ( 'NONE', #7383 ) ;
#3718 = UNCERTAINTY_MEASURE_WITH_UNIT (LENGTH_MEASURE( 1.000000000000000082E-05 ), #1283, 'distance_accuracy_value', 'NONE');
#3719 = CARTESIAN_POINT ( 'NONE',  ( 0.5099923968159805199, 2.252895712187929611, 3.550000000000008704 ) ) ;
#3720 = COLOUR_RGB ( '',0.7529411764705882248, 0.7529411764705882248, 0.7529411764705882248 ) ;
#3721 = STYLED_ITEM ( 'NONE', ( #2262 ), #3171 ) ;
#3722 = CARTESIAN_POINT ( 'NONE',  ( 3.560000000000000497, 3.099999999999991651, 5.800000000000011369 ) ) ;
#3723 = VERTEX_POINT ( 'NONE', #4736 ) ;
#3724 =( NAMED_UNIT ( * ) SI_UNIT ( $, .STERADIAN. ) SOLID_ANGLE_UNIT ( ) );
#3725 = DIRECTION ( 'NONE',  ( 0.0000000000000000000, -3.491481338843133355E-15, 1.000000000000000000 ) ) ;
#3726 = FILL_AREA_STYLE ('',( #4228 ) ) ;
#3727 = CARTESIAN_POINT ( 'NONE',  ( 0.5189770295353521856, 1.559646802291304368, 3.551000000000006818 ) ) ;
#3728 = AXIS2_PLACEMENT_3D ( 'NONE', #5104, #1793, #5792 ) ;
#3729 =( GEOMETRIC_REPRESENTATION_CONTEXT ( 3 ) GLOBAL_UNCERTAINTY_ASSIGNED_CONTEXT ( ( #3718 ) ) GLOBAL_UNIT_ASSIGNED_CONTEXT ( ( #1283, #3206, #6542 ) ) REPRESENTATION_CONTEXT ( 'NONE', 'WORKASPACE' ) );
#3730 = CARTESIAN_POINT ( 'NONE',  ( -2.860000000000000320, 3.879999999999999005, 3.800000000000013589 ) ) ;
#3731 = SURFACE_SIDE_STYLE ('',( #7004 ) ) ;
#3732 = SURFACE_STYLE_FILL_AREA ( #7005 ) ;
#3733 = FILL_AREA_STYLE_COLOUR ( '', #5825 ) ;
#3734 =( NAMED_UNIT ( * ) PLANE_ANGLE_UNIT ( ) SI_UNIT ( $, .RADIAN. ) );
#3735 = LINE ( 'NONE', #1029, #1671 ) ;
#3736 = VECTOR ( 'NONE', #1836, 1000.000000000000114 ) ;
#3737 = VECTOR ( 'NONE', #3674, 1000.000000000000000 ) ;
#3738 = APPLICATION_PROTOCOL_DEFINITION ( 'draft international standard', 'automotive_design', 1998, #4792 ) ;
#3739 = LINE ( 'NONE', #1113, #3318 ) ;
#3740 = DIRECTION ( 'NONE',  ( -0.7071067811865479058, 2.468850131082264949E-15, -0.7071067811865472397 ) ) ;
#3741 = FILL_AREA_STYLE ('',( #5022 ) ) ;
#3742 = VECTOR ( 'NONE', #6155, 1000.000000000000000 ) ;
#3743 = STYLED_ITEM ( 'NONE', ( #5304 ), #2757 ) ;
#3744 = EDGE_CURVE ( 'NONE', #7540, #1329, #4129, .T. ) ;
#3745 = PLANE ( 'NONE',  #3335 ) ;
#3746 = CARTESIAN_POINT ( 'NONE',  ( 0.3200000000000000067, 3.879999999999999005, 3.800000000000013589 ) ) ;
#3747 = LINE ( 'NONE', #5669, #2484 ) ;
#3748 = FILL_AREA_STYLE_COLOUR ( '', #942 ) ;
#3749 = ORIENTED_EDGE ( 'NONE', *, *, #2706, .F. ) ;
#3750 = CARTESIAN_POINT ( 'NONE',  ( 0.7172983205343077540, 1.751144178569174592, 3.550000000000008260 ) ) ;
#3751 = CARTESIAN_POINT ( 'NONE',  ( 0.5099749744355515091, 2.416837323862053299, 3.551000000000009038 ) ) ;
#3752 = CARTESIAN_POINT ( 'NONE',  ( 2.860000000000000320, 3.099999999999995204, 4.800000000000011369 ) ) ;
#3753 = CARTESIAN_POINT ( 'NONE',  ( -1.769999999999999796, 0.7999999999999910516, 6.050000000000003375 ) ) ;
#3754 = ORIENTED_EDGE ( 'NONE', *, *, #6832, .F. ) ;
#3755 = PRESENTATION_STYLE_ASSIGNMENT (( #1164 ) ) ;
#3756 =( NAMED_UNIT ( * ) SI_UNIT ( $, .STERADIAN. ) SOLID_ANGLE_UNIT ( ) );
#3757 = EDGE_CURVE ( 'NONE', #913, #2345, #4082, .T. ) ;
#3758 = CARTESIAN_POINT ( 'NONE',  ( 0.5262560194280671011, 1.567242709409634172, 3.551000000000006818 ) ) ;
#3759 = VERTEX_POINT ( 'NONE', #4698 ) ;
#3760 =( GEOMETRIC_REPRESENTATION_CONTEXT ( 3 ) GLOBAL_UNCERTAINTY_ASSIGNED_CONTEXT ( ( #8460 ) ) GLOBAL_UNIT_ASSIGNED_CONTEXT ( ( #3185, #1829, #5059 ) ) REPRESENTATION_CONTEXT ( 'NONE', 'WORKASPACE' ) );
#3761 = CARTESIAN_POINT ( 'NONE',  ( 0.4992682926829269396, 2.306840701219512013, 3.551000000000009482 ) ) ;
#3762 = LINE ( 'NONE', #630, #7624 ) ;
#3763 = FILL_AREA_STYLE_COLOUR ( '', #2085 ) ;
#3764 = CARTESIAN_POINT ( 'NONE',  ( 0.7215243902439024692, 2.236585365853658303, 3.551000000000009038 ) ) ;
#3765 = EDGE_LOOP ( 'NONE', ( #1643, #5179, #2541, #7015 ) ) ;
#3766 = CARTESIAN_POINT ( 'NONE',  ( -3.310000000000000497, 0.7999999999999997113, 3.550000000000003819 ) ) ;
#3767 = LINE ( 'NONE', #6387, #5783 ) ;
#3768 = EDGE_CURVE ( 'NONE', #4902, #5934, #69, .T. ) ;
#3769 = CARTESIAN_POINT ( 'NONE',  ( 0.6529268292682929298, 1.512137957317073456, 3.550000000000006484 ) ) ;
#3770 = CARTESIAN_POINT ( 'NONE',  ( 0.6529268292682929298, 1.612461890243902518, 3.551000000000006818 ) ) ;
#3771 = CARTESIAN_POINT ( 'NONE',  ( 0.5468444657237087059, 2.443132626186956369, 3.550000000000009148 ) ) ;
#3772 =( GEOMETRIC_REPRESENTATION_CONTEXT ( 3 ) GLOBAL_UNCERTAINTY_ASSIGNED_CONTEXT ( ( #4827 ) ) GLOBAL_UNIT_ASSIGNED_CONTEXT ( ( #6395, #3813, #674 ) ) REPRESENTATION_CONTEXT ( 'NONE', 'WORKASPACE' ) );
#3773 = SURFACE_STYLE_USAGE ( .BOTH. , #1226 ) ;
#3774 = FACE_OUTER_BOUND ( 'NONE', #713, .T. ) ;
#3775 = AXIS2_PLACEMENT_3D ( 'NONE', #904, #2783, #6584 ) ;
#3776 = EDGE_CURVE ( 'NONE', #241, #2441, #1548, .T. ) ;
#3777 = STYLED_ITEM ( 'NONE', ( #4797 ), #1204 ) ;
#3778 = CARTESIAN_POINT ( 'NONE',  ( 0.7710494573479325098, 2.284732402356016490, 3.550000000000007816 ) ) ;
#3779 = VECTOR ( 'NONE', #3438, 1000.000000000000000 ) ;
#3780 = ORIENTED_EDGE ( 'NONE', *, *, #540, .T. ) ;
#3781 = DIRECTION ( 'NONE',  ( 0.9407669869669988971, -0.3390537954853693470, 0.0000000000000000000 ) ) ;
#3782 = VERTEX_POINT ( 'NONE', #6717 ) ;
#3783 =( NAMED_UNIT ( * ) SI_UNIT ( $, .STERADIAN. ) SOLID_ANGLE_UNIT ( ) );
#3784 = MECHANICAL_DESIGN_GEOMETRIC_PRESENTATION_REPRESENTATION (  '', ( #7088 ), #5831 ) ;
#3785 = DIRECTION ( 'NONE',  ( 0.7071067811865472397, 2.468850131082266921E-15, -0.7071067811865479058 ) ) ;
#3786 = PRESENTATION_LAYER_ASSIGNMENT (  '', '', ( #555 ) ) ;
#3787 =( LENGTH_UNIT ( ) NAMED_UNIT ( * ) SI_UNIT ( .MILLI., .METRE. ) );
#3788 = EDGE_CURVE ( 'NONE', #4470, #889, #6765, .T. ) ;
#3789 = CARTESIAN_POINT ( 'NONE',  ( 0.4688292222822681432, 2.338813285354460980, 3.551000000000010370 ) ) ;
#3790 = PRESENTATION_LAYER_ASSIGNMENT (  '', '', ( #1908 ) ) ;
#3791 = ORIENTED_EDGE ( 'NONE', *, *, #2991, .F. ) ;
#3792 = FILL_AREA_STYLE_COLOUR ( '', #7844 ) ;
#3793 = VECTOR ( 'NONE', #6841, 1000.000000000000000 ) ;
#3794 = DIRECTION ( 'NONE',  ( -0.0000000000000000000, 3.491481338843133355E-15, -1.000000000000000000 ) ) ;
#3795 = DIRECTION ( 'NONE',  ( -0.0000000000000000000, 1.000000000000000000, 3.491481338843133355E-15 ) ) ;
#3796 =( GEOMETRIC_REPRESENTATION_CONTEXT ( 3 ) GLOBAL_UNCERTAINTY_ASSIGNED_CONTEXT ( ( #6783 ) ) GLOBAL_UNIT_ASSIGNED_CONTEXT ( ( #7380, #4046, #1373 ) ) REPRESENTATION_CONTEXT ( 'NONE', 'WORKASPACE' ) );
#3797 = ORIENTED_EDGE ( 'NONE', *, *, #6761, .T. ) ;
#3798 = UNCERTAINTY_MEASURE_WITH_UNIT (LENGTH_MEASURE( 1.000000000000000082E-05 ), #5953, 'distance_accuracy_value', 'NONE');
#3799 = CARTESIAN_POINT ( 'NONE',  ( 0.5139310957264052737, 1.816435146554143287, 3.550000000000008260 ) ) ;
#3800 = VECTOR ( 'NONE', #3794, 1000.000000000000000 ) ;
#3801 = EDGE_CURVE ( 'NONE', #1028, #3003, #3417, .T. ) ;
#3802 = DIRECTION ( 'NONE',  ( -0.0000000000000000000, 1.000000000000000000, 3.491481338843133355E-15 ) ) ;
#3803 =( LENGTH_UNIT ( ) NAMED_UNIT ( * ) SI_UNIT ( .MILLI., .METRE. ) );
#3804 = ORIENTED_EDGE ( 'NONE', *, *, #1396, .T. ) ;
#3805 = PRESENTATION_STYLE_ASSIGNMENT (( #6514 ) ) ;
#3806 = CARTESIAN_POINT ( 'NONE',  ( -2.220000000000000195, 3.879999999999996785, 4.480000000000012861 ) ) ;
#3807 = LINE ( 'NONE', #27, #1703 ) ;
#3808 = FACE_OUTER_BOUND ( 'NONE', #6280, .T. ) ;
#3809 = CARTESIAN_POINT ( 'NONE',  ( 0.4664675309246843482, 2.312602042100615929, 3.550000000000009592 ) ) ;
#3810 = COLOUR_RGB ( '',0.7529411764705882248, 0.7529411764705882248, 0.7529411764705882248 ) ;
#3811 = CARTESIAN_POINT ( 'NONE',  ( -0.3200000000000000067, 3.879999999999999005, 3.800000000000013589 ) ) ;
#3812 = DIRECTION ( 'NONE',  ( -1.000000000000000000, -0.0000000000000000000, 0.0000000000000000000 ) ) ;
#3813 =( NAMED_UNIT ( * ) PLANE_ANGLE_UNIT ( ) SI_UNIT ( $, .RADIAN. ) );
#3814 = FILL_AREA_STYLE_COLOUR ( '', #8334 ) ;
#3815 = STYLED_ITEM ( 'NONE', ( #7822 ), #316 ) ;
#3816 = ORIENTED_EDGE ( 'NONE', *, *, #3716, .F. ) ;
#3817 = CARTESIAN_POINT ( 'NONE',  ( 2.630048339105157229, 4.789951660894853802, 0.4182130041253482311 ) ) ;
#3818 = SURFACE_SIDE_STYLE ('',( #1882 ) ) ;
#3819 = FACE_OUTER_BOUND ( 'NONE', #4961, .T. ) ;
#3820 = STYLED_ITEM ( 'NONE', ( #3619 ), #7596 ) ;
#3821 = DIRECTION ( 'NONE',  ( 0.0000000000000000000, 1.000000000000000000, 9.878286460423505178E-15 ) ) ;
#3822 = DIRECTION ( 'NONE',  ( 1.000000000000000000, 0.0000000000000000000, 0.0000000000000000000 ) ) ;
#3823 = SURFACE_SIDE_STYLE ('',( #2522 ) ) ;
#3824 = CARTESIAN_POINT ( 'NONE',  ( 0.5212863612842847383, 2.426943346981026650, 3.551000000000010370 ) ) ;
#3825 = UNCERTAINTY_MEASURE_WITH_UNIT (LENGTH_MEASURE( 1.000000000000000082E-05 ), #7329, 'distance_accuracy_value', 'NONE');
#3826 = CARTESIAN_POINT ( 'NONE',  ( 0.5121692604690215589, 2.362088321807528590, 3.550000000000010925 ) ) ;
#3827 = ORIENTED_EDGE ( 'NONE', *, *, #4575, .F. ) ;
#3828 = MECHANICAL_DESIGN_GEOMETRIC_PRESENTATION_REPRESENTATION (  '', ( #1814 ), #1952 ) ;
#3829 = LINE ( 'NONE', #3944, #5118 ) ;
#3830 = ORIENTED_EDGE ( 'NONE', *, *, #226, .F. ) ;
#3831 = ADVANCED_FACE ( 'NONE', ( #6682 ), #3961, .F. ) ;
#3832 = CARTESIAN_POINT ( 'NONE',  ( 2.220000000000000195, -5.200000000000002842, 4.479999999999982663 ) ) ;
#3833 = VECTOR ( 'NONE', #2427, 1000.000000000000000 ) ;
#3834 = SURFACE_STYLE_USAGE ( .BOTH. , #7030 ) ;
#3835 = CARTESIAN_POINT ( 'NONE',  ( 2.220000000000000195, 4.559999999999996945, 3.800000000000016254 ) ) ;
#3836 = FILL_AREA_STYLE_COLOUR ( '', #5829 ) ;
#3837 = CARTESIAN_POINT ( 'NONE',  ( 0.5188836270990365707, 1.806741996372944747, 3.550000000000007816 ) ) ;
#3838 = EDGE_CURVE ( 'NONE', #4591, #7697, #5939, .T. ) ;
#3839 = PRESENTATION_LAYER_ASSIGNMENT (  '', '', ( #7820 ) ) ;
#3840 = CARTESIAN_POINT ( 'NONE',  ( 0.7396279724908176867, 2.292287063778521983, 3.551000000000009038 ) ) ;
#3841 = ORIENTED_EDGE ( 'NONE', *, *, #1388, .T. ) ;
#3842 = VECTOR ( 'NONE', #4064, 1000.000000000000000 ) ;
#3843 = DIRECTION ( 'NONE',  ( 1.000000000000000000, 0.0000000000000000000, 0.0000000000000000000 ) ) ;
#3844 = EDGE_CURVE ( 'NONE', #8023, #7676, #112, .T. ) ;
#3845 = CARTESIAN_POINT ( 'NONE',  ( 1.270000000000000240, 3.099999999999998312, 4.050000000000012257 ) ) ;
#3846 = CARTESIAN_POINT ( 'NONE',  ( 0.4700000000000000844, 1.958536585365853844, 3.551000000000008150 ) ) ;
#3847 =( GEOMETRIC_REPRESENTATION_CONTEXT ( 3 ) GLOBAL_UNCERTAINTY_ASSIGNED_CONTEXT ( ( #7612 ) ) GLOBAL_UNIT_ASSIGNED_CONTEXT ( ( #11, #1321, #3273 ) ) REPRESENTATION_CONTEXT ( 'NONE', 'WORKASPACE' ) );
#3848 = B_SPLINE_CURVE_WITH_KNOTS ( 'NONE', 3,
 ( #8100, #8066, #301, #8191 ),
 .UNSPECIFIED., .F., .F.,
 ( 4, 4 ),
 ( 2.161814843327360208E-12, 5.175179229637084772E-06 ),
 .UNSPECIFIED. ) ;
#3849 = CARTESIAN_POINT ( 'NONE',  ( 0.7230776564973139253, 2.239343064892309165, 3.551000000000009038 ) ) ;
#3850 = DIRECTION ( 'NONE',  ( -0.7071067811865479058, -2.468850131082264949E-15, 0.7071067811865472397 ) ) ;
#3851 = SURFACE_STYLE_USAGE ( .BOTH. , #8380 ) ;
#3852 = ORIENTED_EDGE ( 'NONE', *, *, #5126, .F. ) ;
#3853 = STYLED_ITEM ( 'NONE', ( #7573 ), #5962 ) ;
#3854 = STYLED_ITEM ( 'NONE', ( #3095 ), #3219 ) ;
#3855 = EDGE_CURVE ( 'NONE', #7254, #3951, #7930, .T. ) ;
#3856 = DIRECTION ( 'NONE',  ( 0.0000000000000000000, 1.000000000000000000, 3.491481338843133355E-15 ) ) ;
#3857 = CARTESIAN_POINT ( 'NONE',  ( -0.7700000000000002398, 0.7999999999999910516, 6.050000000000003375 ) ) ;
#3858 = VERTEX_POINT ( 'NONE', #6636 ) ;
#3859 = VECTOR ( 'NONE', #1561, 1000.000000000000000 ) ;
#3860 = MECHANICAL_DESIGN_GEOMETRIC_PRESENTATION_REPRESENTATION (  '', ( #3456 ), #1712 ) ;
#3861 = DIRECTION ( 'NONE',  ( -1.000000000000000000, -0.0000000000000000000, -0.0000000000000000000 ) ) ;
#3862 = FACE_OUTER_BOUND ( 'NONE', #7167, .T. ) ;
#3863 = ORIENTED_EDGE ( 'NONE', *, *, #5938, .T. ) ;
#3864 =( NAMED_UNIT ( * ) SI_UNIT ( $, .STERADIAN. ) SOLID_ANGLE_UNIT ( ) );
#3865 = ADVANCED_FACE ( 'NONE', ( #4009 ), #5985, .F. ) ;
#3866 = COLOUR_RGB ( '',0.7529411764705882248, 0.7529411764705882248, 0.7529411764705882248 ) ;
#3867 =( NAMED_UNIT ( * ) PLANE_ANGLE_UNIT ( ) SI_UNIT ( $, .RADIAN. ) );
#3868 = SURFACE_STYLE_FILL_AREA ( #4507 ) ;
#3869 = EDGE_LOOP ( 'NONE', ( #6410, #6372, #4213, #2274 ) ) ;
#3870 = FACE_OUTER_BOUND ( 'NONE', #6884, .T. ) ;
#3871 = COLOUR_RGB ( '',0.7529411764705882248, 0.7529411764705882248, 0.7529411764705882248 ) ;
#3872 = VECTOR ( 'NONE', #2326, 1000.000000000000000 ) ;
#3873 = PLANE ( 'NONE',  #4445 ) ;
#3874 = SURFACE_STYLE_USAGE ( .BOTH. , #1813 ) ;
#3875 = CARTESIAN_POINT ( 'NONE',  ( 0.4692414986806841548, 2.268299699951660031, 3.550000000000008260 ) ) ;
#3876 =( LENGTH_UNIT ( ) NAMED_UNIT ( * ) SI_UNIT ( .MILLI., .METRE. ) );
#3877 = EDGE_CURVE ( 'NONE', #4853, #1522, #2400, .T. ) ;
#3878 = VECTOR ( 'NONE', #6199, 1000.000000000000000 ) ;
#3879 = AXIS2_PLACEMENT_3D ( 'NONE', #2879, #5714, #5545 ) ;
#3880 = LINE ( 'NONE', #2707, #4013 ) ;
#3881 = CARTESIAN_POINT ( 'NONE',  ( -1.770000000000000018, 0.7999999999999997113, 3.550000000000003819 ) ) ;
#3882 = EDGE_LOOP ( 'NONE', ( #4478, #4947, #4940, #1142 ) ) ;
#3883 = CARTESIAN_POINT ( 'NONE',  ( 2.540000000000000036, 3.299999999999995826, 4.800000000000012257 ) ) ;
#3884 = SURFACE_STYLE_FILL_AREA ( #7683 ) ;
#3885 =( GEOMETRIC_REPRESENTATION_CONTEXT ( 3 ) GLOBAL_UNCERTAINTY_ASSIGNED_CONTEXT ( ( #3311 ) ) GLOBAL_UNIT_ASSIGNED_CONTEXT ( ( #4282, #5026, #6408 ) ) REPRESENTATION_CONTEXT ( 'NONE', 'WORKASPACE' ) );
#3886 = PRESENTATION_STYLE_ASSIGNMENT (( #5133 ) ) ;
#3887 = CARTESIAN_POINT ( 'NONE',  ( 0.7700000000000000178, 0.7999999999999997113, 3.550000000000003819 ) ) ;
#3888 = EDGE_CURVE ( 'NONE', #8387, #2417, #2317, .T. ) ;
#3889 = FILL_AREA_STYLE_COLOUR ( '', #8469 ) ;
#3890 = AXIS2_PLACEMENT_3D ( 'NONE', #2558, #610, #3195 ) ;
#3891 =( NAMED_UNIT ( * ) PLANE_ANGLE_UNIT ( ) SI_UNIT ( $, .RADIAN. ) );
#3892 =( LENGTH_UNIT ( ) NAMED_UNIT ( * ) SI_UNIT ( .MILLI., .METRE. ) );
#3893 = PRESENTATION_STYLE_ASSIGNMENT (( #4058 ) ) ;
#3894 = VECTOR ( 'NONE', #3130, 1000.000000000000114 ) ;
#3895 = DIRECTION ( 'NONE',  ( -0.3390537954853693470, -0.9407669869669988971, -3.284670379194958489E-15 ) ) ;
#3896 = EDGE_CURVE ( 'NONE', #5819, #2071, #4912, .T. ) ;
#3897 = DIRECTION ( 'NONE',  ( -0.3363908276654479779, 0.9417224702971438433, 3.288006431411734637E-15 ) ) ;
#3898 = STYLED_ITEM ( 'NONE', ( #1327 ), #2010 ) ;
#3899 = PLANE ( 'NONE',  #4866 ) ;
#3900 = CARTESIAN_POINT ( 'NONE',  ( 0.6346341463414636452, 2.031707317073169872, 3.551000000000008150 ) ) ;
#3901 = FACE_OUTER_BOUND ( 'NONE', #4674, .T. ) ;
#3902 = UNCERTAINTY_MEASURE_WITH_UNIT (LENGTH_MEASURE( 1.000000000000000082E-05 ), #3277, 'distance_accuracy_value', 'NONE');
#3903 =( NAMED_UNIT ( * ) SI_UNIT ( $, .STERADIAN. ) SOLID_ANGLE_UNIT ( ) );
#3904 = PRESENTATION_STYLE_ASSIGNMENT (( #1325 ) ) ;
#3905 = EDGE_CURVE ( 'NONE', #7492, #1517, #6950, .T. ) ;
#3906 = CARTESIAN_POINT ( 'NONE',  ( 0.5276219512195122752, 1.557298018292683439, 3.550000000000006484 ) ) ;
#3907 = MECHANICAL_DESIGN_GEOMETRIC_PRESENTATION_REPRESENTATION (  '', ( #1471 ), #6116 ) ;
#3908 = PLANE ( 'NONE',  #3207 ) ;
#3909 = DIRECTION ( 'NONE',  ( 1.000000000000000000, 0.0000000000000000000, 0.0000000000000000000 ) ) ;
#3910 = SURFACE_STYLE_FILL_AREA ( #7207 ) ;
#3911 = FACE_OUTER_BOUND ( 'NONE', #1950, .T. ) ;
#3912 = VECTOR ( 'NONE', #3812, 1000.000000000000000 ) ;
#3913 = PRESENTATION_LAYER_ASSIGNMENT (  '', '', ( #4605 ) ) ;
#3914 = CARTESIAN_POINT ( 'NONE',  ( 3.560000000000000497, 1.084435562925354368, 5.800000000000005151 ) ) ;
#3915 = SURFACE_STYLE_FILL_AREA ( #700 ) ;
#3916 = VECTOR ( 'NONE', #6685, 1000.000000000000000 ) ;
#3917 = EDGE_LOOP ( 'NONE', ( #8268, #3132, #1349, #517, #5769, #344 ) ) ;
#3918 = CARTESIAN_POINT ( 'NONE',  ( 0.5276219512195122752, 1.557298018292683439, 3.550000000000006484 ) ) ;
#3919 = CARTESIAN_POINT ( 'NONE',  ( 0.5916942911095517399, 2.457344112412153336, 3.551000000000009482 ) ) ;
#3920 = CARTESIAN_POINT ( 'NONE',  ( 0.4992682926829269396, 2.306840701219512013, 3.551000000000009482 ) ) ;
#3921 = FILL_AREA_STYLE_COLOUR ( '', #2852 ) ;
#3922 = CARTESIAN_POINT ( 'NONE',  ( -2.401985117133101255, -5.200000000000002842, 4.479999999999982663 ) ) ;
#3923 = DIRECTION ( 'NONE',  ( 0.0000000000000000000, 1.000000000000000000, 3.491481338843133750E-15 ) ) ;
#3924 = AXIS2_PLACEMENT_3D ( 'NONE', #8054, #2194, #1595 ) ;
#3925 = DIRECTION ( 'NONE',  ( -0.7071067811865473507, -2.468850131082266527E-15, 0.7071067811865477948 ) ) ;
#3926 = ORIENTED_EDGE ( 'NONE', *, *, #7381, .T. ) ;
#3927 = PLANE ( 'NONE',  #6294 ) ;
#3928 = EDGE_CURVE ( 'NONE', #592, #5680, #6813, .T. ) ;
#3929 = LINE ( 'NONE', #831, #2121 ) ;
#3930 = DIRECTION ( 'NONE',  ( -0.7071067811865479058, 2.468850131082264949E-15, -0.7071067811865472397 ) ) ;
#3931 = ORIENTED_EDGE ( 'NONE', *, *, #4193, .F. ) ;
#3932 = VECTOR ( 'NONE', #2405, 999.9999999999998863 ) ;
#3933 = SURFACE_STYLE_FILL_AREA ( #6734 ) ;
#3934 = EDGE_LOOP ( 'NONE', ( #6793, #2243, #2524, #6926 ) ) ;
#3935 =( LENGTH_UNIT ( ) NAMED_UNIT ( * ) SI_UNIT ( .MILLI., .METRE. ) );
#3936 = EDGE_CURVE ( 'NONE', #3114, #7840, #6247, .T. ) ;
#3937 = ORIENTED_EDGE ( 'NONE', *, *, #3141, .T. ) ;
#3938 = CARTESIAN_POINT ( 'NONE',  ( -2.540000000000000036, 3.299999999999995826, 4.800000000000012257 ) ) ;
#3939 = SURFACE_STYLE_FILL_AREA ( #6699 ) ;
#3940 = LINE ( 'NONE', #3401, #7905 ) ;
#3941 = ADVANCED_FACE ( 'NONE', ( #6287 ), #332, .T. ) ;
#3942 = PLANE ( 'NONE',  #1552 ) ;
#3943 = CARTESIAN_POINT ( 'NONE',  ( 0.4993556935087202220, 2.310905509778864442, 3.550000000000010036 ) ) ;
#3944 = CARTESIAN_POINT ( 'NONE',  ( 2.540000000000000036, 3.099999999999994316, 5.120000000000010765 ) ) ;
#3945 = ORIENTED_EDGE ( 'NONE', *, *, #1465, .T. ) ;
#3946 = DIRECTION ( 'NONE',  ( 0.0000000000000000000, -0.9396926207859107594, 0.3420201433256621071 ) ) ;
#3947 = FACE_OUTER_BOUND ( 'NONE', #7289, .T. ) ;
#3948 = CARTESIAN_POINT ( 'NONE',  ( 0.7700000000000001288, 1.468292682926829684, 3.551000000000006374 ) ) ;
#3949 = SURFACE_SIDE_STYLE ('',( #3910 ) ) ;
#3950 =( NAMED_UNIT ( * ) PLANE_ANGLE_UNIT ( ) SI_UNIT ( $, .RADIAN. ) );
#3951 = VERTEX_POINT ( 'NONE', #8178 ) ;
#3952 = AXIS2_PLACEMENT_3D ( 'NONE', #6879, #6223, #2986 ) ;
#3953 = VERTEX_POINT ( 'NONE', #7545 ) ;
#3954 = LINE ( 'NONE', #4516, #643 ) ;
#3955 = CARTESIAN_POINT ( 'NONE',  ( -2.220000000000000195, -5.200000000000002842, 4.479999999999982663 ) ) ;
#3956 = PRESENTATION_LAYER_ASSIGNMENT (  '', '', ( #1260 ) ) ;
#3957 = FACE_OUTER_BOUND ( 'NONE', #130, .T. ) ;
#3958 = VERTEX_POINT ( 'NONE', #1689 ) ;
#3959 = DIRECTION ( 'NONE',  ( -0.0000000000000000000, 3.491481338843133355E-15, -1.000000000000000000 ) ) ;
#3960 = LINE ( 'NONE', #5984, #5107 ) ;
#3961 = PLANE ( 'NONE',  #2116 ) ;
#3962 = SURFACE_STYLE_FILL_AREA ( #6718 ) ;
#3963 = ORIENTED_EDGE ( 'NONE', *, *, #5532, .F. ) ;
#3964 = EDGE_CURVE ( 'NONE', #2345, #5083, #1055, .T. ) ;
#3965 = FILL_AREA_STYLE_COLOUR ( '', #8409 ) ;
#3966 = COLOUR_RGB ( '',0.7529411764705882248, 0.7529411764705882248, 0.7529411764705882248 ) ;
#3967 = UNCERTAINTY_MEASURE_WITH_UNIT (LENGTH_MEASURE( 1.000000000000000082E-05 ), #1243, 'distance_accuracy_value', 'NONE');
#3968 = SURFACE_STYLE_FILL_AREA ( #1995 ) ;
#3969 = DIRECTION ( 'NONE',  ( -1.000000000000000000, 0.0000000000000000000, 0.0000000000000000000 ) ) ;
#3970 = CARTESIAN_POINT ( 'NONE',  ( -0.3200000000000000067, -4.699999999999999289, 4.479999999999984439 ) ) ;
#3971 = ORIENTED_EDGE ( 'NONE', *, *, #6677, .F. ) ;
#3972 = SURFACE_STYLE_FILL_AREA ( #5263 ) ;
#3973 = FILL_AREA_STYLE ('',( #7264 ) ) ;
#3974 =( GEOMETRIC_REPRESENTATION_CONTEXT ( 3 ) GLOBAL_UNCERTAINTY_ASSIGNED_CONTEXT ( ( #2375 ) ) GLOBAL_UNIT_ASSIGNED_CONTEXT ( ( #1769, #500, #7714 ) ) REPRESENTATION_CONTEXT ( 'NONE', 'WORKASPACE' ) );
#3975 = ORIENTED_EDGE ( 'NONE', *, *, #6516, .T. ) ;
#3976 = EDGE_CURVE ( 'NONE', #1522, #2715, #2486, .T. ) ;
#3977 = UNCERTAINTY_MEASURE_WITH_UNIT (LENGTH_MEASURE( 1.000000000000000082E-05 ), #2788, 'distance_accuracy_value', 'NONE');
#3978 = VERTEX_POINT ( 'NONE', #539 ) ;
#3979 = FILL_AREA_STYLE ('',( #2177 ) ) ;
#3980 = ORIENTED_EDGE ( 'NONE', *, *, #4875, .F. ) ;
#3981 = CARTESIAN_POINT ( 'NONE',  ( 0.7370731707317075276, 2.017073170731706888, 3.550000000000007816 ) ) ;
#3982 = CARTESIAN_POINT ( 'NONE',  ( -0.3200000000000000067, 3.099999999999996536, 4.480000000000010196 ) ) ;
#3983 = VECTOR ( 'NONE', #2873, 1000.000000000000000 ) ;
#3984 = DIRECTION ( 'NONE',  ( 0.0000000000000000000, 1.000000000000000000, 3.491481338843133355E-15 ) ) ;
#3985 = SURFACE_STYLE_USAGE ( .BOTH. , #4759 ) ;
#3986 = B_SPLINE_SURFACE_WITH_KNOTS ( 'NONE', 3, 1, ( 
 ( #3467, #6576 ),
 ( #4459, #3943 ),
 ( #723, #5921 ),
 ( #2699, #7828 ),
 ( #1200, #3159 ),
 ( #7112, #8390 ),
 ( #7751, #3826 ),
 ( #6502, #620 ),
 ( #5847, #3204 ),
 ( #5804, #7788 ),
 ( #1937, #3991 ),
 ( #2062, #138 ),
 ( #6790, #6061 ),
 ( #2866, #7951 ),
 ( #2099, #4680 ),
 ( #233, #8033 ),
 ( #6661, #3405 ),
 ( #1532, #181 ),
 ( #1577, #944 ) ),
 .UNSPECIFIED., .F., .F., .F.,
 ( 4, 1, 1, 1, 1, 1, 1, 1, 1, 1, 1, 1, 1, 1, 1, 1, 4 ),
 ( 2, 2 ),
 ( 0.0000000000000000000, 0.06460397028839262590, 0.1267024139629481516, 0.1867568140356196393, 0.2455056873654390959, 0.3036520244499756882, 0.3615030739706251994, 0.4202402229284677992, 0.4800333407766960714, 0.5406781347755166278, 0.6011918063807818458, 0.6623335024774423818, 0.7247395102972322700, 0.7894677361728871245, 0.8565048600438310844, 0.9263120958391902748, 1.000000000000000000 ),
 ( 0.0000000000000000000, 1.000000000000000000 ),
 .UNSPECIFIED. ) ;
#3987 = COLOUR_RGB ( '',0.7529411764705882248, 0.7529411764705882248, 0.7529411764705882248 ) ;
#3988 = ADVANCED_FACE ( 'NONE', ( #2577 ), #3712, .F. ) ;
#3989 = UNCERTAINTY_MEASURE_WITH_UNIT (LENGTH_MEASURE( 1.000000000000000082E-05 ), #3497, 'distance_accuracy_value', 'NONE');
#3990 = VECTOR ( 'NONE', #4509, 1000.000000000000000 ) ;
#3991 = CARTESIAN_POINT ( 'NONE',  ( 0.5413694006842141304, 2.395680987206896262, 3.550000000000010036 ) ) ;
#3992 = VERTEX_POINT ( 'NONE', #7836 ) ;
#3993 = CARTESIAN_POINT ( 'NONE',  ( 0.5561872443178330627, 1.728034637057277445, 3.551000000000008150 ) ) ;
#3994 = LINE ( 'NONE', #1443, #5784 ) ;
#3995 = ORIENTED_EDGE ( 'NONE', *, *, #4304, .F. ) ;
#3996 = DIRECTION ( 'NONE',  ( 0.9417224702971438433, 0.3363908276654479779, 0.0000000000000000000 ) ) ;
#3997 = FILL_AREA_STYLE_COLOUR ( '', #1646 ) ;
#3998 = VECTOR ( 'NONE', #7184, 1000.000000000000000 ) ;
#3999 =( NAMED_UNIT ( * ) SI_UNIT ( $, .STERADIAN. ) SOLID_ANGLE_UNIT ( ) );
#4000 = CARTESIAN_POINT ( 'NONE',  ( 0.7700000000000001288, 1.424390243902439179, 3.551000000000005929 ) ) ;
#4001 = FACE_OUTER_BOUND ( 'NONE', #209, .T. ) ;
#4002 = VERTEX_POINT ( 'NONE', #6333 ) ;
#4003 = EDGE_CURVE ( 'NONE', #6629, #6191, #7713, .T. ) ;
#4004 = VERTEX_POINT ( 'NONE', #5813 ) ;
#4005 = FILL_AREA_STYLE_COLOUR ( '', #4410 ) ;
#4006 = EDGE_CURVE ( 'NONE', #6231, #6993, #6509, .T. ) ;
#4007 = FILL_AREA_STYLE ('',( #1502 ) ) ;
#4008 = DIRECTION ( 'NONE',  ( 0.0000000000000000000, -1.000000000000000000, -3.491481338843133355E-15 ) ) ;
#4009 = FACE_OUTER_BOUND ( 'NONE', #4012, .T. ) ;
#4010 = SURFACE_SIDE_STYLE ('',( #4130 ) ) ;
#4011 =( GEOMETRIC_REPRESENTATION_CONTEXT ( 3 ) GLOBAL_UNCERTAINTY_ASSIGNED_CONTEXT ( ( #2894 ) ) GLOBAL_UNIT_ASSIGNED_CONTEXT ( ( #247, #2195, #2444 ) ) REPRESENTATION_CONTEXT ( 'NONE', 'WORKASPACE' ) );
#4012 = EDGE_LOOP ( 'NONE', ( #8003, #5115, #6260, #3715 ) ) ;
#4013 = VECTOR ( 'NONE', #5298, 1000.000000000000000 ) ;
#4014 = CARTESIAN_POINT ( 'NONE',  ( 0.4797000553973438386, 1.812159751349704750, 3.551000000000006374 ) ) ;
#4015 = PRESENTATION_LAYER_ASSIGNMENT (  '', '', ( #6364 ) ) ;
#4016 = FILL_AREA_STYLE_COLOUR ( '', #1597 ) ;
#4017 = ORIENTED_EDGE ( 'NONE', *, *, #8079, .T. ) ;
#4018 = SURFACE_STYLE_FILL_AREA ( #7342 ) ;
#4019 = FACE_OUTER_BOUND ( 'NONE', #3372, .T. ) ;
#4020 = ORIENTED_EDGE ( 'NONE', *, *, #6439, .T. ) ;
#4021 = COLOUR_RGB ( '',0.7529411764705882248, 0.7529411764705882248, 0.7529411764705882248 ) ;
#4022 = ORIENTED_EDGE ( 'NONE', *, *, #7709, .F. ) ;
#4023 =( NAMED_UNIT ( * ) PLANE_ANGLE_UNIT ( ) SI_UNIT ( $, .RADIAN. ) );
#4024 = VERTEX_POINT ( 'NONE', #2624 ) ;
#4025 = CARTESIAN_POINT ( 'NONE',  ( -3.560000000000000497, 3.299999999999998046, 4.050000000000012257 ) ) ;
#4026 = VERTEX_POINT ( 'NONE', #1287 ) ;
#4027 = CARTESIAN_POINT ( 'NONE',  ( 0.4700000000000001954, 2.598780487804878359, 3.550000000000010036 ) ) ;
#4028 =( NAMED_UNIT ( * ) PLANE_ANGLE_UNIT ( ) SI_UNIT ( $, .RADIAN. ) );
#4029 = CARTESIAN_POINT ( 'NONE',  ( 0.7700000000000000178, 1.958536585365854288, 3.550000000000007372 ) ) ;
#4030 =( NAMED_UNIT ( * ) SI_UNIT ( $, .STERADIAN. ) SOLID_ANGLE_UNIT ( ) );
#4031 = ORIENTED_EDGE ( 'NONE', *, *, #778, .T. ) ;
#4032 = LINE ( 'NONE', #4155, #6630 ) ;
#4033 = UNCERTAINTY_MEASURE_WITH_UNIT (LENGTH_MEASURE( 1.000000000000000082E-05 ), #2929, 'distance_accuracy_value', 'NONE');
#4034 = ORIENTED_EDGE ( 'NONE', *, *, #8068, .T. ) ;
#4035 = COLOUR_RGB ( '',0.2509803921568627416, 0.2509803921568627416, 0.2509803921568627416 ) ;
#4036 =( NAMED_UNIT ( * ) SI_UNIT ( $, .STERADIAN. ) SOLID_ANGLE_UNIT ( ) );
#4037 = ADVANCED_FACE ( 'NONE', ( #1246 ), #1207, .F. ) ;
#4038 = PRESENTATION_STYLE_ASSIGNMENT (( #7956 ) ) ;
#4039 = SURFACE_STYLE_USAGE ( .BOTH. , #2669 ) ;
#4040 =( GEOMETRIC_REPRESENTATION_CONTEXT ( 3 ) GLOBAL_UNCERTAINTY_ASSIGNED_CONTEXT ( ( #1011 ) ) GLOBAL_UNIT_ASSIGNED_CONTEXT ( ( #6808, #3549, #6900 ) ) REPRESENTATION_CONTEXT ( 'NONE', 'WORKASPACE' ) );
#4041 = VERTEX_POINT ( 'NONE', #7756 ) ;
#4042 =( NAMED_UNIT ( * ) PLANE_ANGLE_UNIT ( ) SI_UNIT ( $, .RADIAN. ) );
#4043 = SURFACE_STYLE_USAGE ( .BOTH. , #5460 ) ;
#4044 = SURFACE_STYLE_USAGE ( .BOTH. , #7213 ) ;
#4045 = ORIENTED_EDGE ( 'NONE', *, *, #6263, .F. ) ;
#4046 =( NAMED_UNIT ( * ) PLANE_ANGLE_UNIT ( ) SI_UNIT ( $, .RADIAN. ) );
#4047 = EDGE_CURVE ( 'NONE', #7517, #1661, #6545, .T. ) ;
#4048 = CARTESIAN_POINT ( 'NONE',  ( 0.4664675309246843482, 2.312602042100615929, 3.550000000000010481 ) ) ;
#4049 = STYLED_ITEM ( 'NONE', ( #4533 ), #648 ) ;
#4050 = CARTESIAN_POINT ( 'NONE',  ( 2.220000000000000195, 0.7999999999999940492, 5.120000000000002771 ) ) ;
#4051 = FILL_AREA_STYLE ('',( #2840 ) ) ;
#4052 = ORIENTED_EDGE ( 'NONE', *, *, #6844, .F. ) ;
#4053 = ADVANCED_FACE ( 'NONE', ( #2743 ), #5891, .F. ) ;
#4054 = PLANE ( 'NONE',  #2634 ) ;
#4055 = ORIENTED_EDGE ( 'NONE', *, *, #4240, .F. ) ;
#4056 = DIRECTION ( 'NONE',  ( -0.0000000000000000000, 1.000000000000000000, 3.491481338843133355E-15 ) ) ;
#4057 = PRESENTATION_LAYER_ASSIGNMENT (  '', '', ( #8053 ) ) ;
#4058 = SURFACE_STYLE_USAGE ( .BOTH. , #1312 ) ;
#4059 =( LENGTH_UNIT ( ) NAMED_UNIT ( * ) SI_UNIT ( .MILLI., .METRE. ) );
#4060 = UNCERTAINTY_MEASURE_WITH_UNIT (LENGTH_MEASURE( 1.000000000000000082E-05 ), #4708, 'distance_accuracy_value', 'NONE');
#4061 = UNCERTAINTY_MEASURE_WITH_UNIT (LENGTH_MEASURE( 1.000000000000000082E-05 ), #8075, 'distance_accuracy_value', 'NONE');
#4062 = ORIENTED_EDGE ( 'NONE', *, *, #2097, .T. ) ;
#4063 = ORIENTED_EDGE ( 'NONE', *, *, #1833, .T. ) ;
#4064 = DIRECTION ( 'NONE',  ( 0.0000000000000000000, -1.000000000000000000, 0.0000000000000000000 ) ) ;
#4065 = CARTESIAN_POINT ( 'NONE',  ( 0.7370731707317075276, 2.485365853658537016, 3.550000000000009592 ) ) ;
#4066 = FILL_AREA_STYLE_COLOUR ( '', #4928 ) ;
#4067 =( NAMED_UNIT ( * ) PLANE_ANGLE_UNIT ( ) SI_UNIT ( $, .RADIAN. ) );
#4068 = CARTESIAN_POINT ( 'NONE',  ( -2.860000000000000320, -5.200000000000006395, 5.119999999999982343 ) ) ;
#4069 = UNCERTAINTY_MEASURE_WITH_UNIT (LENGTH_MEASURE( 1.000000000000000082E-05 ), #3034, 'distance_accuracy_value', 'NONE');
#4070 = ORIENTED_EDGE ( 'NONE', *, *, #7014, .F. ) ;
#4071 = B_SPLINE_CURVE_WITH_KNOTS ( 'NONE', 3,
 ( #4085, #3423, #5945, #3466, #4660, #4014, #6034, #6336, #7472, #1009, #4299, #3009, #6953, #6290, #6202, #378, #5600, #8276, #1602 ),
 .UNSPECIFIED., .F., .F.,
 ( 4, 1, 1, 1, 1, 1, 1, 1, 1, 1, 1, 1, 1, 1, 1, 1, 4 ),
 ( 0.0000000000000000000, 0.06863281452251178416, 0.1345696734730735811, 0.1983328812253329354, 0.2607959826476435872, 0.3220068264360576027, 0.3827308687972293955, 0.4435480458920922353, 0.5051454695004216067, 0.5662273706519540539, 0.6261207880494004119, 0.6853656576789711741, 0.7449101527780603860, 0.8054112038394392048, 0.8676331114143819301, 0.9323061688368518007, 1.000000000000000000 ),
 .UNSPECIFIED. ) ;
#4072 = PLANE ( 'NONE',  #7871 ) ;
#4073 =( NAMED_UNIT ( * ) PLANE_ANGLE_UNIT ( ) SI_UNIT ( $, .RADIAN. ) );
#4074 =( NAMED_UNIT ( * ) PLANE_ANGLE_UNIT ( ) SI_UNIT ( $, .RADIAN. ) );
#4075 = LINE ( 'NONE', #5416, #2582 ) ;
#4076 = VERTEX_POINT ( 'NONE', #2021 ) ;
#4077 = ADVANCED_FACE ( 'NONE', ( #3359 ), #4645, .T. ) ;
#4078 = DIRECTION ( 'NONE',  ( 0.0000000000000000000, -3.491481338843133355E-15, 1.000000000000000000 ) ) ;
#4079 = ORIENTED_EDGE ( 'NONE', *, *, #5622, .F. ) ;
#4080 = SURFACE_STYLE_USAGE ( .BOTH. , #6634 ) ;
#4081 = CARTESIAN_POINT ( 'NONE',  ( 0.5212863612842847383, 2.426943346981026650, 3.551000000000010370 ) ) ;
#4082 = LINE ( 'NONE', #7334, #2660 ) ;
#4083 =( NAMED_UNIT ( * ) PLANE_ANGLE_UNIT ( ) SI_UNIT ( $, .RADIAN. ) );
#4084 = ORIENTED_EDGE ( 'NONE', *, *, #28, .T. ) ;
#4085 = CARTESIAN_POINT ( 'NONE',  ( 0.4700000000000000844, 1.873875762195122308, 3.551000000000007706 ) ) ;
#4086 = ADVANCED_FACE ( 'NONE', ( #7247 ), #1413, .T. ) ;
#4087 = DIRECTION ( 'NONE',  ( -0.0000000000000000000, 1.000000000000000000, 3.491481338843133355E-15 ) ) ;
#4088 = CARTESIAN_POINT ( 'NONE',  ( -1.270000000000000684, 0.7999999999999928280, 5.550000000000003375 ) ) ;
#4089 = CIRCLE ( 'NONE', #1257, 0.6799999999999991607 ) ;
#4090 = VERTEX_POINT ( 'NONE', #5538 ) ;
#4091 = CARTESIAN_POINT ( 'NONE',  ( 0.7194878093368789473, 1.805713007352365285, 3.551000000000008150 ) ) ;
#4092 = DIRECTION ( 'NONE',  ( 0.0000000000000000000, -1.000000000000000000, -3.491481338843133355E-15 ) ) ;
#4093 = PRESENTATION_LAYER_ASSIGNMENT (  '', '', ( #3701 ) ) ;
#4094 = ORIENTED_EDGE ( 'NONE', *, *, #3265, .F. ) ;
#4095 = PRESENTATION_STYLE_ASSIGNMENT (( #4836 ) ) ;
#4096 =( NAMED_UNIT ( * ) PLANE_ANGLE_UNIT ( ) SI_UNIT ( $, .RADIAN. ) );
#4097 = LINE ( 'NONE', #6003, #1445 ) ;
#4098 = CARTESIAN_POINT ( 'NONE',  ( -0.1380148828668992245, -5.200000000000004619, 4.938014882866880839 ) ) ;
#4099 = EDGE_LOOP ( 'NONE', ( #5664, #7642, #7975, #434 ) ) ;
#4100 = LINE ( 'NONE', #887, #4943 ) ;
#4101 = CARTESIAN_POINT ( 'NONE',  ( -1.270000000000000684, 3.299999999999993161, 5.550000000000012257 ) ) ;
#4102 = EDGE_LOOP ( 'NONE', ( #5246, #2257, #5710, #4315, #1580, #370 ) ) ;
#4103 = EDGE_CURVE ( 'NONE', #2163, #4765, #4249, .T. ) ;
#4104 = MECHANICAL_DESIGN_GEOMETRIC_PRESENTATION_REPRESENTATION (  '', ( #6177 ), #2506 ) ;
#4105 =( LENGTH_UNIT ( ) NAMED_UNIT ( * ) SI_UNIT ( .MILLI., .METRE. ) );
#4106 = CARTESIAN_POINT ( 'NONE',  ( -1.269999999999999796, 3.099999999999998312, 4.050000000000012257 ) ) ;
#4107 = CARTESIAN_POINT ( 'NONE',  ( -1.770000000000000018, 0.7999999999999997113, 3.550000000000003819 ) ) ;
#4108 = VECTOR ( 'NONE', #3362, 1000.000000000000000 ) ;
#4109 = CARTESIAN_POINT ( 'NONE',  ( 0.5846516763340824374, 1.719614414072799580, 3.550000000000007816 ) ) ;
#4110 =( NAMED_UNIT ( * ) SI_UNIT ( $, .STERADIAN. ) SOLID_ANGLE_UNIT ( ) );
#4111 = ORIENTED_EDGE ( 'NONE', *, *, #6955, .F. ) ;
#4112 = EDGE_CURVE ( 'NONE', #5874, #7003, #6103, .T. ) ;
#4113 = FILL_AREA_STYLE_COLOUR ( '', #5427 ) ;
#4114 = CARTESIAN_POINT ( 'NONE',  ( 0.5475497641830842088, 1.775150881019782689, 3.551000000000007706 ) ) ;
#4115 = AXIS2_PLACEMENT_3D ( 'NONE', #7608, #1663, #7519 ) ;
#4116 = STYLED_ITEM ( 'NONE', ( #5761 ), #2156 ) ;
#4117 = LINE ( 'NONE', #2703, #4108 ) ;
#4118 = CARTESIAN_POINT ( 'NONE',  ( 0.4701228475784284822, 1.868364202959133857, 3.550000000000007372 ) ) ;
#4119 = ORIENTED_EDGE ( 'NONE', *, *, #1053, .T. ) ;
#4120 = CARTESIAN_POINT ( 'NONE',  ( 0.6492075641414220000, 1.719609334201176676, 3.551000000000007706 ) ) ;
#4121 = CARTESIAN_POINT ( 'NONE',  ( 3.310000000000000497, 3.299999999999999822, 3.550000000000012257 ) ) ;
#4122 = EDGE_LOOP ( 'NONE', ( #781, #1884, #1025, #4079, #166, #1007, #4798, #976 ) ) ;
#4123 = LINE ( 'NONE', #957, #5113 ) ;
#4124 =( GEOMETRIC_REPRESENTATION_CONTEXT ( 3 ) GLOBAL_UNCERTAINTY_ASSIGNED_CONTEXT ( ( #8032 ) ) GLOBAL_UNIT_ASSIGNED_CONTEXT ( ( #975, #6873, #3475 ) ) REPRESENTATION_CONTEXT ( 'NONE', 'WORKASPACE' ) );
#4125 = VECTOR ( 'NONE', #7045, 1000.000000000000000 ) ;
#4126 = EDGE_LOOP ( 'NONE', ( #8260, #7457, #7306, #2608 ) ) ;
#4127 = CARTESIAN_POINT ( 'NONE',  ( 0.6716096714431731840, 2.412418524713659362, 3.551000000000010814 ) ) ;
#4128 = FILL_AREA_STYLE_COLOUR ( '', #1726 ) ;
#4129 = LINE ( 'NONE', #201, #625 ) ;
#4130 = SURFACE_STYLE_FILL_AREA ( #3418 ) ;
#4131 = ADVANCED_FACE ( 'NONE', ( #4210 ), #5625, .F. ) ;
#4132 = FILL_AREA_STYLE ('',( #4784 ) ) ;
#4133 = ORIENTED_EDGE ( 'NONE', *, *, #929, .T. ) ;
#4134 = UNCERTAINTY_MEASURE_WITH_UNIT (LENGTH_MEASURE( 1.000000000000000082E-05 ), #478, 'distance_accuracy_value', 'NONE');
#4135 = CARTESIAN_POINT ( 'NONE',  ( 2.860000000000000320, 5.200000000000009948, 0.5500000000000192513 ) ) ;
#4136 = SURFACE_STYLE_USAGE ( .BOTH. , #6596 ) ;
#4137 = ORIENTED_EDGE ( 'NONE', *, *, #7786, .T. ) ;
#4138 = MECHANICAL_DESIGN_GEOMETRIC_PRESENTATION_REPRESENTATION (  '', ( #1052 ), #6498 ) ;
#4139 = EDGE_CURVE ( 'NONE', #666, #3452, #3747, .T. ) ;
#4140 = CARTESIAN_POINT ( 'NONE',  ( 0.7700000000000001288, 2.017073170731706888, 3.551000000000008150 ) ) ;
#4141 = VERTEX_POINT ( 'NONE', #3156 ) ;
#4142 = PRESENTATION_LAYER_ASSIGNMENT (  '', '', ( #5526 ) ) ;
#4143 = LINE ( 'NONE', #1745, #4147 ) ;
#4144 = CARTESIAN_POINT ( 'NONE',  ( 0.7370731707317075276, 2.598780487804878359, 3.551000000000010370 ) ) ;
#4145 = ADVANCED_FACE ( 'NONE', ( #8436 ), #7703, .T. ) ;
#4146 = CARTESIAN_POINT ( 'NONE',  ( 0.4663414634146342275, 2.307183689024390194, 3.551000000000009482 ) ) ;
#4147 = VECTOR ( 'NONE', #7481, 1000.000000000000000 ) ;
#4148 = CARTESIAN_POINT ( 'NONE',  ( 0.6882032378063169809, 1.774712991312876742, 3.551000000000008150 ) ) ;
#4149 = FILL_AREA_STYLE ('',( #6617 ) ) ;
#4150 = CARTESIAN_POINT ( 'NONE',  ( 0.5029268292682927965, 1.918292682926829418, 3.551000000000007706 ) ) ;
#4151 = UNCERTAINTY_MEASURE_WITH_UNIT (LENGTH_MEASURE( 1.000000000000000082E-05 ), #7059, 'distance_accuracy_value', 'NONE');
#4152 = EDGE_CURVE ( 'NONE', #7389, #518, #5754, .T. ) ;
#4153 = DIRECTION ( 'NONE',  ( -0.0000000000000000000, 1.000000000000000000, 3.491481338843133355E-15 ) ) ;
#4154 = ORIENTED_EDGE ( 'NONE', *, *, #3694, .T. ) ;
#4155 = CARTESIAN_POINT ( 'NONE',  ( -0.3200000000000000067, -5.200000000000002842, 4.479999999999982663 ) ) ;
#4156 = EDGE_LOOP ( 'NONE', ( #3075, #6639, #4171, #7271 ) ) ;
#4157 = SURFACE_STYLE_FILL_AREA ( #8205 ) ;
#4158 = DIRECTION ( 'NONE',  ( 1.000000000000000000, 0.0000000000000000000, 0.0000000000000000000 ) ) ;
#4159 = SURFACE_SIDE_STYLE ('',( #1723 ) ) ;
#4160 = CARTESIAN_POINT ( 'NONE',  ( -2.678014882866899260, -5.200000000000004619, 4.938014882866880839 ) ) ;
#4161 = FILL_AREA_STYLE ('',( #6017 ) ) ;
#4162 = ORIENTED_EDGE ( 'NONE', *, *, #4356, .T. ) ;
#4163 =( NAMED_UNIT ( * ) SI_UNIT ( $, .STERADIAN. ) SOLID_ANGLE_UNIT ( ) );
#4164 = DIRECTION ( 'NONE',  ( 0.0000000000000000000, -3.891802140991627604E-15, 1.000000000000000000 ) ) ;
#4165 = ORIENTED_EDGE ( 'NONE', *, *, #5635, .F. ) ;
#4166 = EDGE_CURVE ( 'NONE', #6191, #364, #3700, .T. ) ;
#4167 = ORIENTED_EDGE ( 'NONE', *, *, #6164, .T. ) ;
#4168 = AXIS2_PLACEMENT_3D ( 'NONE', #3730, #5691, #2463 ) ;
#4169 =( NAMED_UNIT ( * ) SI_UNIT ( $, .STERADIAN. ) SOLID_ANGLE_UNIT ( ) );
#4170 = FACE_OUTER_BOUND ( 'NONE', #3695, .T. ) ;
#4171 = ORIENTED_EDGE ( 'NONE', *, *, #7699, .F. ) ;
#4172 = CARTESIAN_POINT ( 'NONE',  ( 0.7700000000000001288, 1.695121951219512368, 3.551000000000007262 ) ) ;
#4173 = CARTESIAN_POINT ( 'NONE',  ( 0.5099749744355515091, 2.416837323862053299, 3.550000000000009592 ) ) ;
#4174 = DIRECTION ( 'NONE',  ( 0.0000000000000000000, 1.000000000000000000, 0.0000000000000000000 ) ) ;
#4175 = CARTESIAN_POINT ( 'NONE',  ( -2.540000000000000036, 3.299999999999995826, 4.800000000000012257 ) ) ;
#4176 = AXIS2_PLACEMENT_3D ( 'NONE', #24, #5203, #5895 ) ;
#4177 = MECHANICAL_DESIGN_GEOMETRIC_PRESENTATION_REPRESENTATION (  '', ( #4313 ), #6101 ) ;
#4178 = ORIENTED_EDGE ( 'NONE', *, *, #7477, .F. ) ;
#4179 = CARTESIAN_POINT ( 'NONE',  ( 2.860000000000000320, 3.099999999999994316, 5.120000000000010765 ) ) ;
#4180 = AXIS2_PLACEMENT_3D ( 'NONE', #2070, #149, #5336 ) ;
#4181 = DIRECTION ( 'NONE',  ( 0.0000000000000000000, 1.000000000000000000, 2.822367560120991731E-15 ) ) ;
#4182 = STYLED_ITEM ( 'NONE', ( #7422 ), #690 ) ;
#4183 = CARTESIAN_POINT ( 'NONE',  ( 0.4700000000000000844, 1.958536585365853844, 3.550000000000007816 ) ) ;
#4184 = ORIENTED_EDGE ( 'NONE', *, *, #4293, .T. ) ;
#4185 = LINE ( 'NONE', #4384, #5514 ) ;
#4186 = PRESENTATION_STYLE_ASSIGNMENT (( #1018 ) ) ;
#4187 = AXIS2_PLACEMENT_3D ( 'NONE', #2440, #5079, #5040 ) ;
#4188 = ORIENTED_EDGE ( 'NONE', *, *, #6906, .T. ) ;
#4189 = MECHANICAL_DESIGN_GEOMETRIC_PRESENTATION_REPRESENTATION (  '', ( #5158 ), #551 ) ;
#4190 = DIRECTION ( 'NONE',  ( 0.0000000000000000000, 1.000000000000000000, 3.499319188932305145E-15 ) ) ;
#4191 = COLOUR_RGB ( '',0.2509803921568627416, 0.2509803921568627416, 0.2509803921568627416 ) ;
#4192 = VERTEX_POINT ( 'NONE', #1930 ) ;
#4193 = EDGE_CURVE ( 'NONE', #8202, #6513, #5840, .T. ) ;
#4194 = CARTESIAN_POINT ( 'NONE',  ( -2.220000000000000195, 3.099999999999994316, 5.120000000000010765 ) ) ;
#4195 = PLANE ( 'NONE',  #6944 ) ;
#4196 = VERTEX_POINT ( 'NONE', #2561 ) ;
#4197 = FILL_AREA_STYLE_COLOUR ( '', #4230 ) ;
#4198 = STYLED_ITEM ( 'NONE', ( #6643 ), #7749 ) ;
#4199 =( NAMED_UNIT ( * ) SI_UNIT ( $, .STERADIAN. ) SOLID_ANGLE_UNIT ( ) );
#4200 = SURFACE_STYLE_USAGE ( .BOTH. , #937 ) ;
#4201 = CARTESIAN_POINT ( 'NONE',  ( 0.7700000000000002398, 0.7999999999999910516, 6.050000000000003375 ) ) ;
#4202 = SURFACE_STYLE_FILL_AREA ( #940 ) ;
#4203 = CARTESIAN_POINT ( 'NONE',  ( 1.519999999999999574, 3.299999999999992273, 5.800000000000012257 ) ) ;
#4204 = SURFACE_STYLE_FILL_AREA ( #1575 ) ;
#4205 =( GEOMETRIC_REPRESENTATION_CONTEXT ( 3 ) GLOBAL_UNCERTAINTY_ASSIGNED_CONTEXT ( ( #5611 ) ) GLOBAL_UNIT_ASSIGNED_CONTEXT ( ( #1336, #5337, #6948 ) ) REPRESENTATION_CONTEXT ( 'NONE', 'WORKASPACE' ) );
#4206 = ADVANCED_FACE ( 'NONE', ( #3071 ), #3233, .T. ) ;
#4207 = CARTESIAN_POINT ( 'NONE',  ( 0.6346341463414636452, 2.137804878048779944, 3.551000000000008594 ) ) ;
#4208 =( NAMED_UNIT ( * ) PLANE_ANGLE_UNIT ( ) SI_UNIT ( $, .RADIAN. ) );
#4209 = CARTESIAN_POINT ( 'NONE',  ( 0.6232012195121952036, 2.419512195121951148, 3.551000000000009482 ) ) ;
#4210 = FACE_OUTER_BOUND ( 'NONE', #5621, .T. ) ;
#4211 = EDGE_CURVE ( 'NONE', #2210, #362, #3398, .T. ) ;
#4212 = VERTEX_POINT ( 'NONE', #2695 ) ;
#4213 = ORIENTED_EDGE ( 'NONE', *, *, #8420, .F. ) ;
#4214 = ORIENTED_EDGE ( 'NONE', *, *, #7940, .F. ) ;
#4215 = LINE ( 'NONE', #2958, #3449 ) ;
#4216 = COLOUR_RGB ( '',0.7529411764705882248, 0.7529411764705882248, 0.7529411764705882248 ) ;
#4217 =( NAMED_UNIT ( * ) SI_UNIT ( $, .STERADIAN. ) SOLID_ANGLE_UNIT ( ) );
#4218 = CARTESIAN_POINT ( 'NONE',  ( 0.7230403725164168405, 2.374618142177832070, 3.551000000000009926 ) ) ;
#4219 = DIRECTION ( 'NONE',  ( -1.000000000000000000, -0.0000000000000000000, -0.0000000000000000000 ) ) ;
#4220 = DIRECTION ( 'NONE',  ( 0.3635424856527064152, 0.9315776194850603487, 3.252585874115997557E-15 ) ) ;
#4221 = VERTEX_POINT ( 'NONE', #1355 ) ;
#4222 = UNCERTAINTY_MEASURE_WITH_UNIT (LENGTH_MEASURE( 1.000000000000000082E-05 ), #2200, 'distance_accuracy_value', 'NONE');
#4223 =( LENGTH_UNIT ( ) NAMED_UNIT ( * ) SI_UNIT ( .MILLI., .METRE. ) );
#4224 = SURFACE_STYLE_USAGE ( .BOTH. , #1810 ) ;
#4225 = EDGE_LOOP ( 'NONE', ( #569, #8125, #5512, #2179 ) ) ;
#4226 = PRESENTATION_STYLE_ASSIGNMENT (( #6210 ) ) ;
#4227 =( NAMED_UNIT ( * ) PLANE_ANGLE_UNIT ( ) SI_UNIT ( $, .RADIAN. ) );
#4228 = FILL_AREA_STYLE_COLOUR ( '', #476 ) ;
#4229 = ADVANCED_FACE ( 'NONE', ( #45 ), #2009, .F. ) ;
#4230 = COLOUR_RGB ( '',0.2509803921568627416, 0.2509803921568627416, 0.2509803921568627416 ) ;
#4231 = UNCERTAINTY_MEASURE_WITH_UNIT (LENGTH_MEASURE( 1.000000000000000082E-05 ), #3508, 'distance_accuracy_value', 'NONE');
#4232 = ORIENTED_EDGE ( 'NONE', *, *, #1438, .T. ) ;
#4233 = CARTESIAN_POINT ( 'NONE',  ( 0.7703321785063799165, 2.354134081155922154, 3.550000000000008704 ) ) ;
#4234 = AXIS2_PLACEMENT_3D ( 'NONE', #6318, #3785, #5030 ) ;
#4235 = CARTESIAN_POINT ( 'NONE',  ( 3.560000000000000497, 3.299999999999992273, 5.800000000000012257 ) ) ;
#4236 = CARTESIAN_POINT ( 'NONE',  ( 0.6017073170731709331, 2.031707317073169872, 3.551000000000008150 ) ) ;
#4237 = PRESENTATION_LAYER_ASSIGNMENT (  '', '', ( #7953 ) ) ;
#4238 = DIRECTION ( 'NONE',  ( 0.0000000000000000000, 1.000000000000000000, 5.316414857466879927E-15 ) ) ;
#4239 = SURFACE_STYLE_USAGE ( .BOTH. , #984 ) ;
#4240 = EDGE_CURVE ( 'NONE', #414, #1158, #3344, .T. ) ;
#4241 = VECTOR ( 'NONE', #4668, 1000.000000000000000 ) ;
#4242 = DIRECTION ( 'NONE',  ( -0.0000000000000000000, 1.000000000000000000, 3.491481338843133355E-15 ) ) ;
#4243 = CARTESIAN_POINT ( 'NONE',  ( 0.6882032378063169809, 1.774712991312876742, 3.550000000000008260 ) ) ;
#4244 = FILL_AREA_STYLE_COLOUR ( '', #2426 ) ;
#4245 = ORIENTED_EDGE ( 'NONE', *, *, #7932, .T. ) ;
#4246 = VECTOR ( 'NONE', #1318, 1000.000000000000000 ) ;
#4247 = SURFACE_STYLE_USAGE ( .BOTH. , #7016 ) ;
#4248 = FILL_AREA_STYLE ('',( #8351 ) ) ;
#4249 = LINE ( 'NONE', #2229, #4422 ) ;
#4250 = EDGE_CURVE ( 'NONE', #4141, #2232, #91, .T. ) ;
#4251 = CARTESIAN_POINT ( 'NONE',  ( 0.7597372439560977631, 1.812957306678017133, 3.550000000000006928 ) ) ;
#4252 = SURFACE_SIDE_STYLE ('',( #1682 ) ) ;
#4253 = EDGE_LOOP ( 'NONE', ( #501, #4022, #3679, #2025 ) ) ;
#4254 = CARTESIAN_POINT ( 'NONE',  ( 0.4995271055064803289, 2.318877482003919077, 3.550000000000008704 ) ) ;
#4255 = MECHANICAL_DESIGN_GEOMETRIC_PRESENTATION_REPRESENTATION (  '', ( #872 ), #1970 ) ;
#4256 = AXIS2_PLACEMENT_3D ( 'NONE', #2362, #6208, #3637 ) ;
#4257 = VECTOR ( 'NONE', #576, 1000.000000000000000 ) ;
#4258 =( LENGTH_UNIT ( ) NAMED_UNIT ( * ) SI_UNIT ( .MILLI., .METRE. ) );
#4259 =( LENGTH_UNIT ( ) NAMED_UNIT ( * ) SI_UNIT ( .MILLI., .METRE. ) );
#4260 = CARTESIAN_POINT ( 'NONE',  ( -3.810000000000000941, 3.099999999999992539, 5.550000000000011369 ) ) ;
#4261 = CARTESIAN_POINT ( 'NONE',  ( 3.810000000000000497, 0.7999999999999979350, 4.050000000000003375 ) ) ;
#4262 = EDGE_CURVE ( 'NONE', #3015, #2132, #5184, .T. ) ;
#4263 = CARTESIAN_POINT ( 'NONE',  ( 3.810000000000000497, 3.099999999999998312, 4.050000000000012257 ) ) ;
#4264 = ORIENTED_EDGE ( 'NONE', *, *, #3035, .F. ) ;
#4265 = CYLINDRICAL_SURFACE ( 'NONE', #6125, 0.6799999999999991607 ) ;
#4266 = CARTESIAN_POINT ( 'NONE',  ( 0.7389231114320462535, 2.336052725124666996, 3.550000000000010481 ) ) ;
#4267 = MECHANICAL_DESIGN_GEOMETRIC_PRESENTATION_REPRESENTATION (  '', ( #3200 ), #5361 ) ;
#4268 = EDGE_CURVE ( 'NONE', #6875, #7268, #7963, .T. ) ;
#4269 = VERTEX_POINT ( 'NONE', #5877 ) ;
#4270 = MECHANICAL_DESIGN_GEOMETRIC_PRESENTATION_REPRESENTATION (  '', ( #4694 ), #3066 ) ;
#4271 = COLOUR_RGB ( '',0.2509803921568627416, 0.2509803921568627416, 0.2509803921568627416 ) ;
#4272 =( NAMED_UNIT ( * ) PLANE_ANGLE_UNIT ( ) SI_UNIT ( $, .RADIAN. ) );
#4273 = FILL_AREA_STYLE_COLOUR ( '', #878 ) ;
#4274 = CARTESIAN_POINT ( 'NONE',  ( -3.560000000000000497, 1.084435562925354368, 5.800000000000005151 ) ) ;
#4275 = LINE ( 'NONE', #8107, #167 ) ;
#4276 = VERTEX_POINT ( 'NONE', #1435 ) ;
#4277 = DIRECTION ( 'NONE',  ( 0.7071067811865474617, 2.468850131082265738E-15, -0.7071067811865474617 ) ) ;
#4278 =( NAMED_UNIT ( * ) PLANE_ANGLE_UNIT ( ) SI_UNIT ( $, .RADIAN. ) );
#4279 =( NAMED_UNIT ( * ) PLANE_ANGLE_UNIT ( ) SI_UNIT ( $, .RADIAN. ) );
#4280 = VECTOR ( 'NONE', #1213, 1000.000000000000114 ) ;
#4281 = PRESENTATION_STYLE_ASSIGNMENT (( #4938 ) ) ;
#4282 =( LENGTH_UNIT ( ) NAMED_UNIT ( * ) SI_UNIT ( .MILLI., .METRE. ) );
#4283 = DIRECTION ( 'NONE',  ( 0.0000000000000000000, -3.491481338843133355E-15, 1.000000000000000000 ) ) ;
#4284 = PRESENTATION_LAYER_ASSIGNMENT (  '', '', ( #2685 ) ) ;
#4285 = CARTESIAN_POINT ( 'NONE',  ( 0.5906019542954621393, 1.759092992298305402, 3.551000000000006374 ) ) ;
#4286 = CARTESIAN_POINT ( 'NONE',  ( 0.7370731707317075276, 2.137804878048779944, 3.551000000000008594 ) ) ;
#4287 = VERTEX_POINT ( 'NONE', #4027 ) ;
#4288 = CARTESIAN_POINT ( 'NONE',  ( 0.7597372439560977631, 1.812957306678017133, 3.551000000000007262 ) ) ;
#4289 = DIRECTION ( 'NONE',  ( -1.000000000000000000, -0.0000000000000000000, -0.0000000000000000000 ) ) ;
#4290 = ORIENTED_EDGE ( 'NONE', *, *, #5614, .T. ) ;
#4291 = VERTEX_POINT ( 'NONE', #797 ) ;
#4292 = FACE_OUTER_BOUND ( 'NONE', #3028, .T. ) ;
#4293 = EDGE_CURVE ( 'NONE', #1028, #7042, #3305, .T. ) ;
#4294 = SURFACE_STYLE_FILL_AREA ( #3004 ) ;
#4295 =( NAMED_UNIT ( * ) PLANE_ANGLE_UNIT ( ) SI_UNIT ( $, .RADIAN. ) );
#4296 = CARTESIAN_POINT ( 'NONE',  ( 0.6306660317409986671, 1.757621757025964460, 3.550000000000007372 ) ) ;
#4297 = FACE_OUTER_BOUND ( 'NONE', #6650, .T. ) ;
#4298 = VECTOR ( 'NONE', #2203, 1000.000000000000000 ) ;
#4299 = CARTESIAN_POINT ( 'NONE',  ( 0.5198205672199802674, 1.751174592897215776, 3.551000000000006818 ) ) ;
#4300 = ORIENTED_EDGE ( 'NONE', *, *, #2602, .T. ) ;
#4301 = UNCERTAINTY_MEASURE_WITH_UNIT (LENGTH_MEASURE( 1.000000000000000082E-05 ), #900, 'distance_accuracy_value', 'NONE');
#4302 =( NAMED_UNIT ( * ) PLANE_ANGLE_UNIT ( ) SI_UNIT ( $, .RADIAN. ) );
#4303 = CARTESIAN_POINT ( 'NONE',  ( 2.860000000000000320, 4.559999999999996945, 3.800000000000016254 ) ) ;
#4304 = EDGE_CURVE ( 'NONE', #5582, #4471, #7986, .T. ) ;
#4305 = DIRECTION ( 'NONE',  ( -1.000000000000000000, -0.0000000000000000000, 0.0000000000000000000 ) ) ;
#4306 = DIRECTION ( 'NONE',  ( 0.0000000000000000000, -1.000000000000000000, -5.122568535857699471E-15 ) ) ;
#4307 = VERTEX_POINT ( 'NONE', #7531 ) ;
#4308 = DIRECTION ( 'NONE',  ( 0.0000000000000000000, -1.000000000000000000, -3.188829919075017009E-15 ) ) ;
#4309 = CARTESIAN_POINT ( 'NONE',  ( 0.7230403725164168405, 2.374618142177832070, 3.550000000000009592 ) ) ;
#4310 = EDGE_CURVE ( 'NONE', #3337, #7273, #1669, .T. ) ;
#4311 =( GEOMETRIC_REPRESENTATION_CONTEXT ( 3 ) GLOBAL_UNCERTAINTY_ASSIGNED_CONTEXT ( ( #943 ) ) GLOBAL_UNIT_ASSIGNED_CONTEXT ( ( #8042, #3361, #4722 ) ) REPRESENTATION_CONTEXT ( 'NONE', 'WORKASPACE' ) );
#4312 = CARTESIAN_POINT ( 'NONE',  ( 0.5212863612842847383, 2.426943346981026650, 3.550000000000010036 ) ) ;
#4313 = STYLED_ITEM ( 'NONE', ( #1796 ), #2048 ) ;
#4314 = UNCERTAINTY_MEASURE_WITH_UNIT (LENGTH_MEASURE( 1.000000000000000082E-05 ), #4361, 'distance_accuracy_value', 'NONE');
#4315 = ORIENTED_EDGE ( 'NONE', *, *, #4310, .T. ) ;
#4316 = CARTESIAN_POINT ( 'NONE',  ( 3.810000000000000497, 0.7999999999999979350, 4.050000000000003375 ) ) ;
#4317 =( NAMED_UNIT ( * ) SI_UNIT ( $, .STERADIAN. ) SOLID_ANGLE_UNIT ( ) );
#4318 = VECTOR ( 'NONE', #7108, 1000.000000000000000 ) ;
#4319 = SURFACE_SIDE_STYLE ('',( #3571 ) ) ;
#4320 = PRESENTATION_LAYER_ASSIGNMENT (  '', '', ( #5698 ) ) ;
#4321 = VECTOR ( 'NONE', #1162, 1000.000000000000000 ) ;
#4322 = AXIS2_PLACEMENT_3D ( 'NONE', #6544, #695, #766 ) ;
#4323 = SURFACE_SIDE_STYLE ('',( #4204 ) ) ;
#4324 = VECTOR ( 'NONE', #2594, 1000.000000000000000 ) ;
#4325 =( LENGTH_UNIT ( ) NAMED_UNIT ( * ) SI_UNIT ( .MILLI., .METRE. ) );
#4326 = PRESENTATION_STYLE_ASSIGNMENT (( #2424 ) ) ;
#4327 = DIRECTION ( 'NONE',  ( 0.7071067811865474617, -2.468850131082265738E-15, 0.7071067811865474617 ) ) ;
#4328 = CARTESIAN_POINT ( 'NONE',  ( 0.6185673922293498661, 2.419408300778118193, 3.550000000000010036 ) ) ;
#4329 = CARTESIAN_POINT ( 'NONE',  ( 0.7700000000000002398, 0.7999999999999910516, 6.050000000000003375 ) ) ;
#4330 = SURFACE_SIDE_STYLE ('',( #4990 ) ) ;
#4331 = PLANE ( 'NONE',  #4187 ) ;
#4332 = FACE_OUTER_BOUND ( 'NONE', #809, .T. ) ;
#4333 =( NAMED_UNIT ( * ) PLANE_ANGLE_UNIT ( ) SI_UNIT ( $, .RADIAN. ) );
#4334 = EDGE_CURVE ( 'NONE', #1557, #7024, #306, .T. ) ;
#4335 = VERTEX_POINT ( 'NONE', #4934 ) ;
#4336 = VECTOR ( 'NONE', #7800, 1000.000000000000000 ) ;
#4337 = LINE ( 'NONE', #7677, #6918 ) ;
#4338 =( NAMED_UNIT ( * ) SI_UNIT ( $, .STERADIAN. ) SOLID_ANGLE_UNIT ( ) );
#4339 =( NAMED_UNIT ( * ) PLANE_ANGLE_UNIT ( ) SI_UNIT ( $, .RADIAN. ) );
#4340 = LINE ( 'NONE', #6344, #5231 ) ;
#4341 = CARTESIAN_POINT ( 'NONE',  ( 0.6820379732661328021, 2.408267093156977179, 3.550000000000008260 ) ) ;
#4342 = CARTESIAN_POINT ( 'NONE',  ( 0.4832167518248309257, 2.381168834625355224, 3.550000000000009592 ) ) ;
#4343 = ADVANCED_FACE ( 'NONE', ( #5481 ), #6928, .T. ) ;
#4344 =( NAMED_UNIT ( * ) SI_UNIT ( $, .STERADIAN. ) SOLID_ANGLE_UNIT ( ) );
#4345 = ORIENTED_EDGE ( 'NONE', *, *, #8411, .T. ) ;
#4346 = FACE_OUTER_BOUND ( 'NONE', #1843, .T. ) ;
#4347 = DIRECTION ( 'NONE',  ( -0.9396926207859095381, 1.194156947930015790E-15, -0.3420201433256657708 ) ) ;
#4348 = LINE ( 'NONE', #3023, #6866 ) ;
#4349 = CARTESIAN_POINT ( 'NONE',  ( 0.7698961083942682526, 1.871220437328992237, 3.551000000000008594 ) ) ;
#4350 = SURFACE_STYLE_FILL_AREA ( #7778 ) ;
#4351 = PLANE ( 'NONE',  #2742 ) ;
#4352 = DIRECTION ( 'NONE',  ( -1.000000000000000000, 0.0000000000000000000, 0.0000000000000000000 ) ) ;
#4353 =( NAMED_UNIT ( * ) PLANE_ANGLE_UNIT ( ) SI_UNIT ( $, .RADIAN. ) );
#4354 = ORIENTED_EDGE ( 'NONE', *, *, #7743, .T. ) ;
#4355 = PLANE ( 'NONE',  #6082 ) ;
#4356 = EDGE_CURVE ( 'NONE', #7152, #1061, #3621, .T. ) ;
#4357 = ORIENTED_EDGE ( 'NONE', *, *, #2237, .F. ) ;
#4358 = PRESENTATION_LAYER_ASSIGNMENT (  '', '', ( #8085 ) ) ;
#4359 =( NAMED_UNIT ( * ) SI_UNIT ( $, .STERADIAN. ) SOLID_ANGLE_UNIT ( ) );
#4360 = LINE ( 'NONE', #574, #4731 ) ;
#4361 =( LENGTH_UNIT ( ) NAMED_UNIT ( * ) SI_UNIT ( .MILLI., .METRE. ) );
#4362 = EDGE_LOOP ( 'NONE', ( #8327, #6984, #6693, #2922 ) ) ;
#4363 = CARTESIAN_POINT ( 'NONE',  ( 0.7696924900297661409, 1.859966203254106887, 3.550000000000007372 ) ) ;
#4364 = SURFACE_STYLE_FILL_AREA ( #578 ) ;
#4365 = ORIENTED_EDGE ( 'NONE', *, *, #3188, .F. ) ;
#4366 = SURFACE_STYLE_FILL_AREA ( #1808 ) ;
#4367 = SURFACE_SIDE_STYLE ('',( #7672 ) ) ;
#4368 = EDGE_CURVE ( 'NONE', #1707, #6203, #6054, .T. ) ;
#4369 = LINE ( 'NONE', #1167, #132 ) ;
#4370 = DIRECTION ( 'NONE',  ( 0.0000000000000000000, -3.491481338843133355E-15, 1.000000000000000000 ) ) ;
#4371 =( LENGTH_UNIT ( ) NAMED_UNIT ( * ) SI_UNIT ( .MILLI., .METRE. ) );
#4372 = AXIS2_PLACEMENT_3D ( 'NONE', #147, #3496, #859 ) ;
#4373 = SURFACE_STYLE_FILL_AREA ( #2581 ) ;
#4374 = ORIENTED_EDGE ( 'NONE', *, *, #3657, .T. ) ;
#4375 = ORIENTED_EDGE ( 'NONE', *, *, #810, .F. ) ;
#4376 = UNCERTAINTY_MEASURE_WITH_UNIT (LENGTH_MEASURE( 1.000000000000000082E-05 ), #6785, 'distance_accuracy_value', 'NONE');
#4377 = PRESENTATION_STYLE_ASSIGNMENT (( #7601 ) ) ;
#4378 = MECHANICAL_DESIGN_GEOMETRIC_PRESENTATION_REPRESENTATION (  '', ( #6739 ), #1019 ) ;
#4379 = CARTESIAN_POINT ( 'NONE',  ( 0.3200000000000000067, 5.200000000000008171, 1.050000000000023581 ) ) ;
#4380 = SURFACE_STYLE_FILL_AREA ( #8326 ) ;
#4381 = ORIENTED_EDGE ( 'NONE', *, *, #4825, .F. ) ;
#4382 = FACE_OUTER_BOUND ( 'NONE', #8050, .T. ) ;
#4383 = EDGE_CURVE ( 'NONE', #219, #6875, #2299, .T. ) ;
#4384 = CARTESIAN_POINT ( 'NONE',  ( -3.810000000000000941, 3.299999999999993161, 5.550000000000012257 ) ) ;
#4385 = CARTESIAN_POINT ( 'NONE',  ( 0.6095437715678969637, 2.419205983537874971, 3.551000000000009038 ) ) ;
#4386 = DIRECTION ( 'NONE',  ( 0.0000000000000000000, 1.000000000000000000, 3.491481338843133750E-15 ) ) ;
#4387 = CARTESIAN_POINT ( 'NONE',  ( 0.4722413930380458535, 2.353648918732905493, 3.550000000000009148 ) ) ;
#4388 = MECHANICAL_DESIGN_GEOMETRIC_PRESENTATION_REPRESENTATION (  '', ( #7711 ), #1702 ) ;
#4389 = VECTOR ( 'NONE', #817, 1000.000000000000000 ) ;
#4390 = SURFACE_SIDE_STYLE ('',( #6266 ) ) ;
#4391 = PLANE ( 'NONE',  #8323 ) ;
#4392 = SURFACE_SIDE_STYLE ('',( #31 ) ) ;
#4393 = DIRECTION ( 'NONE',  ( 0.0000000000000000000, 3.891802140991627604E-15, -1.000000000000000000 ) ) ;
#4394 = CARTESIAN_POINT ( 'NONE',  ( 0.6529268292682929298, 1.612461890243902518, 3.550000000000006928 ) ) ;
#4395 = ORIENTED_EDGE ( 'NONE', *, *, #5236, .T. ) ;
#4396 =( GEOMETRIC_REPRESENTATION_CONTEXT ( 3 ) GLOBAL_UNCERTAINTY_ASSIGNED_CONTEXT ( ( #2737 ) ) GLOBAL_UNIT_ASSIGNED_CONTEXT ( ( #5869, #5266, #215 ) ) REPRESENTATION_CONTEXT ( 'NONE', 'WORKASPACE' ) );
#4397 = ADVANCED_FACE ( 'NONE', ( #228 ), #4801, .T. ) ;
#4398 = PRESENTATION_LAYER_ASSIGNMENT (  '', '', ( #5640 ) ) ;
#4399 =( NAMED_UNIT ( * ) SI_UNIT ( $, .STERADIAN. ) SOLID_ANGLE_UNIT ( ) );
#4400 = CIRCLE ( 'NONE', #2937, 0.6799999999999991607 ) ;
#4401 = PRESENTATION_LAYER_ASSIGNMENT (  '', '', ( #1991 ) ) ;
#4402 = DIRECTION ( 'NONE',  ( -0.0000000000000000000, 1.000000000000000000, 3.491481338843133355E-15 ) ) ;
#4403 = ORIENTED_EDGE ( 'NONE', *, *, #5991, .F. ) ;
#4404 = CARTESIAN_POINT ( 'NONE',  ( -3.310000000000000497, 0.7999999999999910516, 6.050000000000003375 ) ) ;
#4405 = VERTEX_POINT ( 'NONE', #6144 ) ;
#4406 = SURFACE_SIDE_STYLE ('',( #649 ) ) ;
#4407 = EDGE_CURVE ( 'NONE', #6446, #3261, #2680, .T. ) ;
#4408 = SURFACE_STYLE_USAGE ( .BOTH. , #3197 ) ;
#4409 = CARTESIAN_POINT ( 'NONE',  ( 0.7700000000000002398, 3.299999999999991385, 6.050000000000012257 ) ) ;
#4410 = COLOUR_RGB ( '',0.2509803921568627416, 0.2509803921568627416, 0.2509803921568627416 ) ;
#4411 = SURFACE_SIDE_STYLE ('',( #4502 ) ) ;
#4412 = CARTESIAN_POINT ( 'NONE',  ( 0.5002551018783165659, 1.773132023208021435, 3.550000000000006484 ) ) ;
#4413 = ORIENTED_EDGE ( 'NONE', *, *, #6193, .F. ) ;
#4414 = EDGE_CURVE ( 'NONE', #1329, #6513, #6389, .T. ) ;
#4415 =( LENGTH_UNIT ( ) NAMED_UNIT ( * ) SI_UNIT ( .MILLI., .METRE. ) );
#4416 =( NAMED_UNIT ( * ) PLANE_ANGLE_UNIT ( ) SI_UNIT ( $, .RADIAN. ) );
#4417 = CARTESIAN_POINT ( 'NONE',  ( 0.4753685044210967936, 1.826591586487126051, 3.551000000000008594 ) ) ;
#4418 = FACE_OUTER_BOUND ( 'NONE', #1344, .T. ) ;
#4419 = SURFACE_STYLE_FILL_AREA ( #1242 ) ;
#4420 = LINE ( 'NONE', #3711, #7520 ) ;
#4421 =( NAMED_UNIT ( * ) SI_UNIT ( $, .STERADIAN. ) SOLID_ANGLE_UNIT ( ) );
#4422 = VECTOR ( 'NONE', #1538, 1000.000000000000000 ) ;
#4423 = CARTESIAN_POINT ( 'NONE',  ( 0.4663414634146342275, 2.307183689024390194, 3.550000000000009148 ) ) ;
#4424 = MECHANICAL_DESIGN_GEOMETRIC_PRESENTATION_REPRESENTATION (  '', ( #249 ), #650 ) ;
#4425 = ORIENTED_EDGE ( 'NONE', *, *, #8366, .T. ) ;
#4426 = CARTESIAN_POINT ( 'NONE',  ( 0.4992682926829269396, 2.306840701219512013, 3.550000000000009148 ) ) ;
#4427 = PLANE ( 'NONE',  #5403 ) ;
#4428 = FILL_AREA_STYLE ('',( #2323 ) ) ;
#4429 = ORIENTED_EDGE ( 'NONE', *, *, #8336, .F. ) ;
#4430 = FILL_AREA_STYLE_COLOUR ( '', #3720 ) ;
#4431 = FACE_OUTER_BOUND ( 'NONE', #3518, .T. ) ;
#4432 = PRESENTATION_STYLE_ASSIGNMENT (( #2502 ) ) ;
#4433 = FACE_OUTER_BOUND ( 'NONE', #1474, .T. ) ;
#4434 = DIRECTION ( 'NONE',  ( 1.000000000000000000, 0.0000000000000000000, 0.0000000000000000000 ) ) ;
#4435 = CARTESIAN_POINT ( 'NONE',  ( 0.6346341463414636452, 2.031707317073169872, 3.550000000000007816 ) ) ;
#4436 = FACE_OUTER_BOUND ( 'NONE', #1924, .T. ) ;
#4437 = PRESENTATION_STYLE_ASSIGNMENT (( #3260 ) ) ;
#4438 = DIRECTION ( 'NONE',  ( -0.0000000000000000000, 1.000000000000000000, 3.491481338843133355E-15 ) ) ;
#4439 =( NAMED_UNIT ( * ) PLANE_ANGLE_UNIT ( ) SI_UNIT ( $, .RADIAN. ) );
#4440 = LINE ( 'NONE', #7093, #6124 ) ;
#4441 = ORIENTED_EDGE ( 'NONE', *, *, #4634, .F. ) ;
#4442 =( NAMED_UNIT ( * ) PLANE_ANGLE_UNIT ( ) SI_UNIT ( $, .RADIAN. ) );
#4443 = MECHANICAL_DESIGN_GEOMETRIC_PRESENTATION_REPRESENTATION (  '', ( #4721 ), #3647 ) ;
#4444 = CARTESIAN_POINT ( 'NONE',  ( 0.7054070521059516707, 1.742043612853606094, 3.551000000000007706 ) ) ;
#4445 = AXIS2_PLACEMENT_3D ( 'NONE', #2740, #2827, #2664 ) ;
#4446 = EDGE_CURVE ( 'NONE', #5626, #3384, #7172, .T. ) ;
#4447 =( GEOMETRIC_REPRESENTATION_CONTEXT ( 3 ) GLOBAL_UNCERTAINTY_ASSIGNED_CONTEXT ( ( #7278 ) ) GLOBAL_UNIT_ASSIGNED_CONTEXT ( ( #3787, #7148, #9 ) ) REPRESENTATION_CONTEXT ( 'NONE', 'WORKASPACE' ) );
#4448 = ORIENTED_EDGE ( 'NONE', *, *, #379, .F. ) ;
#4449 = CARTESIAN_POINT ( 'NONE',  ( 0.3200000000000000067, -5.200000000000006395, 5.119999999999982343 ) ) ;
#4450 = PRODUCT_DEFINITION_FORMATION_WITH_SPECIFIED_SOURCE ( '�κ�', '', #7916, .NOT_KNOWN. ) ;
#4451 = SURFACE_SIDE_STYLE ('',( #1887 ) ) ;
#4452 = FILL_AREA_STYLE_COLOUR ( '', #4216 ) ;
#4453 = MECHANICAL_DESIGN_GEOMETRIC_PRESENTATION_REPRESENTATION (  '', ( #2724 ), #7368 ) ;
#4454 = CARTESIAN_POINT ( 'NONE',  ( -2.860000000000000320, 5.200000000000008171, 1.050000000000022693 ) ) ;
#4455 = ORIENTED_EDGE ( 'NONE', *, *, #1261, .F. ) ;
#4456 = CARTESIAN_POINT ( 'NONE',  ( 0.4722413930380458535, 2.353648918732905493, 3.551000000000009482 ) ) ;
#4457 = ADVANCED_FACE ( 'NONE', ( #3808 ), #7257, .F. ) ;
#4458 = PRESENTATION_LAYER_ASSIGNMENT (  '', '', ( #2859 ) ) ;
#4459 = CARTESIAN_POINT ( 'NONE',  ( 0.4993556935087202220, 2.310905509778864442, 3.551000000000009038 ) ) ;
#4460 = DIRECTION ( 'NONE',  ( 0.0000000000000000000, 1.000000000000000000, 3.491481338843133355E-15 ) ) ;
#4461 = DIRECTION ( 'NONE',  ( 0.0000000000000000000, -1.000000000000000000, -3.491481338843133355E-15 ) ) ;
#4462 = CARTESIAN_POINT ( 'NONE',  ( 2.860000000000000320, -4.700000000000002842, 5.119999999999984119 ) ) ;
#4463 = MECHANICAL_DESIGN_GEOMETRIC_PRESENTATION_REPRESENTATION (  '', ( #799 ), #4589 ) ;
#4464 = DIRECTION ( 'NONE',  ( 1.000000000000000000, 0.0000000000000000000, 0.0000000000000000000 ) ) ;
#4465 = EDGE_CURVE ( 'NONE', #430, #1444, #4612, .T. ) ;
#4466 = FILL_AREA_STYLE ('',( #6376 ) ) ;
#4467 = DIRECTION ( 'NONE',  ( 0.0000000000000000000, -3.491481338843133355E-15, 1.000000000000000000 ) ) ;
#4468 = MECHANICAL_DESIGN_GEOMETRIC_PRESENTATION_REPRESENTATION (  '', ( #7103 ), #3257 ) ;
#4469 = CARTESIAN_POINT ( 'NONE',  ( -3.810000000000000941, 0.7999999999999928280, 5.550000000000003375 ) ) ;
#4470 = VERTEX_POINT ( 'NONE', #1870 ) ;
#4471 = VERTEX_POINT ( 'NONE', #1222 ) ;
#4472 = UNCERTAINTY_MEASURE_WITH_UNIT (LENGTH_MEASURE( 1.000000000000000082E-05 ), #5885, 'distance_accuracy_value', 'NONE');
#4473 = CARTESIAN_POINT ( 'NONE',  ( 0.5785168313925826977, 1.761586438414781242, 3.550000000000007372 ) ) ;
#4474 = VECTOR ( 'NONE', #6769, 1000.000000000000000 ) ;
#4475 = DIRECTION ( 'NONE',  ( 0.0000000000000000000, -3.491481338843133355E-15, 1.000000000000000000 ) ) ;
#4476 = CARTESIAN_POINT ( 'NONE',  ( -1.519999999999999574, 3.299999999999993161, 5.550000000000012257 ) ) ;
#4477 = EDGE_CURVE ( 'NONE', #4506, #7884, #8410, .T. ) ;
#4478 = ORIENTED_EDGE ( 'NONE', *, *, #4166, .F. ) ;
#4479 = PLANE ( 'NONE',  #2726 ) ;
#4480 = CARTESIAN_POINT ( 'NONE',  ( 0.4663414634146342275, 2.307183689024390194, 3.550000000000009148 ) ) ;
#4481 = VECTOR ( 'NONE', #2546, 1000.000000000000000 ) ;
#4482 = FACE_OUTER_BOUND ( 'NONE', #6289, .T. ) ;
#4483 = CARTESIAN_POINT ( 'NONE',  ( 0.7370731707317075276, 2.017073170731706888, 3.551000000000008150 ) ) ;
#4484 = CARTESIAN_POINT ( 'NONE',  ( 0.3200000000000000067, 4.559999999999996945, 3.800000000000016254 ) ) ;
#4485 = ADVANCED_FACE ( 'NONE', ( #29 ), #3289, .T. ) ;
#4486 = VERTEX_POINT ( 'NONE', #3138 ) ;
#4487 =( NAMED_UNIT ( * ) SI_UNIT ( $, .STERADIAN. ) SOLID_ANGLE_UNIT ( ) );
#4488 = EDGE_LOOP ( 'NONE', ( #2972, #7214, #2149, #8418, #1543, #4796, #7933, #7208 ) ) ;
#4489 = CARTESIAN_POINT ( 'NONE',  ( -3.310000000000000497, 0.7999999999999910516, 6.050000000000003375 ) ) ;
#4490 = PRESENTATION_STYLE_ASSIGNMENT (( #7013 ) ) ;
#4491 = UNCERTAINTY_MEASURE_WITH_UNIT (LENGTH_MEASURE( 1.000000000000000082E-05 ), #223, 'distance_accuracy_value', 'NONE');
#4492 = VERTEX_POINT ( 'NONE', #4050 ) ;
#4493 = PLANE ( 'NONE',  #1184 ) ;
#4494 = ORIENTED_EDGE ( 'NONE', *, *, #3638, .F. ) ;
#4495 =( NAMED_UNIT ( * ) PLANE_ANGLE_UNIT ( ) SI_UNIT ( $, .RADIAN. ) );
#4496 = CARTESIAN_POINT ( 'NONE',  ( 0.5065853658536587645, 1.562900152439024692, 3.550000000000006928 ) ) ;
#4497 = ORIENTED_EDGE ( 'NONE', *, *, #7885, .F. ) ;
#4498 = EDGE_CURVE ( 'NONE', #8463, #3125, #6683, .T. ) ;
#4499 =( GEOMETRIC_REPRESENTATION_CONTEXT ( 3 ) GLOBAL_UNCERTAINTY_ASSIGNED_CONTEXT ( ( #2501 ) ) GLOBAL_UNIT_ASSIGNED_CONTEXT ( ( #7775, #6563, #4487 ) ) REPRESENTATION_CONTEXT ( 'NONE', 'WORKASPACE' ) );
#4500 = PRESENTATION_STYLE_ASSIGNMENT (( #7746 ) ) ;
#4501 = FACE_OUTER_BOUND ( 'NONE', #8184, .T. ) ;
#4502 = SURFACE_STYLE_FILL_AREA ( #5842 ) ;
#4503 = CARTESIAN_POINT ( 'NONE',  ( 1.020000000000000462, 3.299999999999993161, 5.550000000000012257 ) ) ;
#4504 = CARTESIAN_POINT ( 'NONE',  ( 0.5758724807363707621, 2.453978788247654474, 3.551000000000010370 ) ) ;
#4505 = UNCERTAINTY_MEASURE_WITH_UNIT (LENGTH_MEASURE( 1.000000000000000082E-05 ), #6505, 'distance_accuracy_value', 'NONE');
#4506 = VERTEX_POINT ( 'NONE', #1459 ) ;
#4507 = FILL_AREA_STYLE ('',( #579 ) ) ;
#4508 = PRESENTATION_STYLE_ASSIGNMENT (( #8441 ) ) ;
#4509 = DIRECTION ( 'NONE',  ( 1.000000000000000000, 0.0000000000000000000, 0.0000000000000000000 ) ) ;
#4510 = FACE_OUTER_BOUND ( 'NONE', #1382, .T. ) ;
#4511 = VECTOR ( 'NONE', #5325, 1000.000000000000000 ) ;
#4512 = ADVANCED_FACE ( 'NONE', ( #4822 ), #7293, .F. ) ;
#4513 = CARTESIAN_POINT ( 'NONE',  ( 2.860000000000000320, 4.559999999999996945, 3.800000000000016254 ) ) ;
#4514 = COLOUR_RGB ( '',0.7529411764705882248, 0.7529411764705882248, 0.7529411764705882248 ) ;
#4515 = ORIENTED_EDGE ( 'NONE', *, *, #5405, .F. ) ;
#4516 = CARTESIAN_POINT ( 'NONE',  ( 0.5029268292682927965, 2.137804878048779944, 3.551000000000008594 ) ) ;
#4517 = SURFACE_STYLE_USAGE ( .BOTH. , #5128 ) ;
#4518 = CARTESIAN_POINT ( 'NONE',  ( 0.7333786914247263367, 2.262768691694591716, 3.551000000000009926 ) ) ;
#4519 = VERTEX_POINT ( 'NONE', #1375 ) ;
#4520 = SURFACE_STYLE_FILL_AREA ( #7043 ) ;
#4521 = SURFACE_SIDE_STYLE ('',( #8332 ) ) ;
#4522 = CARTESIAN_POINT ( 'NONE',  ( 0.7405903649754754792, 2.302820628330825237, 3.550000000000009592 ) ) ;
#4523 = CARTESIAN_POINT ( 'NONE',  ( 0.5183943994532249633, 1.565120989196856272, 3.550000000000006928 ) ) ;
#4524 = ADVANCED_FACE ( 'NONE', ( #1422 ), #2713, .T. ) ;
#4525 =( GEOMETRIC_REPRESENTATION_CONTEXT ( 3 ) GLOBAL_UNCERTAINTY_ASSIGNED_CONTEXT ( ( #4925 ) ) GLOBAL_UNIT_ASSIGNED_CONTEXT ( ( #3400, #3307, #2773 ) ) REPRESENTATION_CONTEXT ( 'NONE', 'WORKASPACE' ) );
#4526 = CARTESIAN_POINT ( 'NONE',  ( 0.7405903649754754792, 2.302820628330825237, 3.551000000000009926 ) ) ;
#4527 = DIRECTION ( 'NONE',  ( -0.7071067811865474617, -2.468850131082265738E-15, 0.7071067811865474617 ) ) ;
#4528 = DIRECTION ( 'NONE',  ( 1.000000000000000000, 0.0000000000000000000, 0.0000000000000000000 ) ) ;
#4529 =( GEOMETRIC_REPRESENTATION_CONTEXT ( 3 ) GLOBAL_UNCERTAINTY_ASSIGNED_CONTEXT ( ( #5964 ) ) GLOBAL_UNIT_ASSIGNED_CONTEXT ( ( #761, #2774, #7948 ) ) REPRESENTATION_CONTEXT ( 'NONE', 'WORKASPACE' ) );
#4530 = COLOUR_RGB ( '',0.7529411764705882248, 0.7529411764705882248, 0.7529411764705882248 ) ;
#4531 = COLOUR_RGB ( '',0.2509803921568627416, 0.2509803921568627416, 0.2509803921568627416 ) ;
#4532 = PLANE ( 'NONE',  #1711 ) ;
#4533 = PRESENTATION_STYLE_ASSIGNMENT (( #6448 ) ) ;
#4534 = PRODUCT_DEFINITION ( 'δ֪', '', #4450, #747 ) ;
#4535 = VECTOR ( 'NONE', #931, 1000.000000000000000 ) ;
#4536 = DIRECTION ( 'NONE',  ( 0.0000000000000000000, 1.000000000000000000, 3.491481338843133355E-15 ) ) ;
#4537 = LINE ( 'NONE', #3267, #5788 ) ;
#4538 = ORIENTED_EDGE ( 'NONE', *, *, #7667, .T. ) ;
#4539 = CARTESIAN_POINT ( 'NONE',  ( 2.401985117133101255, -5.200000000000002842, 4.479999999999982663 ) ) ;
#4540 =( LENGTH_UNIT ( ) NAMED_UNIT ( * ) SI_UNIT ( .MILLI., .METRE. ) );
#4541 = ORIENTED_EDGE ( 'NONE', *, *, #8197, .T. ) ;
#4542 = SURFACE_SIDE_STYLE ('',( #3939 ) ) ;
#4543 = CARTESIAN_POINT ( 'NONE',  ( -0.1380148828668992245, -5.200000000000004619, 4.661985117133083278 ) ) ;
#4544 = AXIS2_PLACEMENT_3D ( 'NONE', #6323, #7670, #4164 ) ;
#4545 = VECTOR ( 'NONE', #5180, 1000.000000000000000 ) ;
#4546 = PLANE ( 'NONE',  #2366 ) ;
#4547 = FACE_OUTER_BOUND ( 'NONE', #2343, .T. ) ;
#4548 = CARTESIAN_POINT ( 'NONE',  ( -3.560000000000000497, 3.299999999999998934, 3.800000000000012701 ) ) ;
#4549 = CARTESIAN_POINT ( 'NONE',  ( 0.0000000000000000000, 3.299999999999995826, 4.800000000000012257 ) ) ;
#4550 = VECTOR ( 'NONE', #3725, 1000.000000000000000 ) ;
#4551 =( NAMED_UNIT ( * ) SI_UNIT ( $, .STERADIAN. ) SOLID_ANGLE_UNIT ( ) );
#4552 =( NAMED_UNIT ( * ) PLANE_ANGLE_UNIT ( ) SI_UNIT ( $, .RADIAN. ) );
#4553 = FILL_AREA_STYLE_COLOUR ( '', #5937 ) ;
#4554 = DIRECTION ( 'NONE',  ( -0.0000000000000000000, 3.491481338843133355E-15, -1.000000000000000000 ) ) ;
#4555 = DIRECTION ( 'NONE',  ( 0.0000000000000000000, -3.891802140991627604E-15, 1.000000000000000000 ) ) ;
#4556 = CARTESIAN_POINT ( 'NONE',  ( 0.4663664667453168433, 2.303695630837243158, 3.551000000000009482 ) ) ;
#4557 = CARTESIAN_POINT ( 'NONE',  ( 2.220000000000000195, 4.741985117133110883, 0.5500000000000174749 ) ) ;
#4558 = PRESENTATION_LAYER_ASSIGNMENT (  '', '', ( #86 ) ) ;
#4559 = VECTOR ( 'NONE', #5487, 1000.000000000000000 ) ;
#4560 = ORIENTED_EDGE ( 'NONE', *, *, #678, .T. ) ;
#4561 = EDGE_CURVE ( 'NONE', #8135, #1016, #2160, .T. ) ;
#4562 = CARTESIAN_POINT ( 'NONE',  ( 0.6035565342092709118, 1.757606600514067585, 3.550000000000006928 ) ) ;
#4563 = CARTESIAN_POINT ( 'NONE',  ( 0.3200000000000000067, 5.200000000000008171, 1.050000000000023581 ) ) ;
#4564 = EDGE_LOOP ( 'NONE', ( #7350, #925, #2745, #6562 ) ) ;
#4565 = CARTESIAN_POINT ( 'NONE',  ( -2.860000000000000320, 3.879999999999999005, 3.800000000000013589 ) ) ;
#4566 =( GEOMETRIC_REPRESENTATION_CONTEXT ( 3 ) GLOBAL_UNCERTAINTY_ASSIGNED_CONTEXT ( ( #268 ) ) GLOBAL_UNIT_ASSIGNED_CONTEXT ( ( #7206, #4073, #7370 ) ) REPRESENTATION_CONTEXT ( 'NONE', 'WORKASPACE' ) );
#4567 = CARTESIAN_POINT ( 'NONE',  ( 0.5326804695512503685, 2.388298410274139805, 3.551000000000009482 ) ) ;
#4568 = PRESENTATION_LAYER_ASSIGNMENT (  '', '', ( #512 ) ) ;
#4569 = CARTESIAN_POINT ( 'NONE',  ( 0.7230776564973139253, 2.239343064892309165, 3.550000000000008704 ) ) ;
#4570 = ADVANCED_FACE ( 'NONE', ( #5465 ), #5306, .T. ) ;
#4571 = DIRECTION ( 'NONE',  ( -0.0000000000000000000, 1.000000000000000000, 3.491481338843133355E-15 ) ) ;
#4572 = UNCERTAINTY_MEASURE_WITH_UNIT (LENGTH_MEASURE( 1.000000000000000082E-05 ), #5929, 'distance_accuracy_value', 'NONE');
#4573 = CARTESIAN_POINT ( 'NONE',  ( -2.220000000000000195, 0.7999999999999940492, 5.120000000000002771 ) ) ;
#4574 = CARTESIAN_POINT ( 'NONE',  ( 0.7369755389680172630, 1.871184723703091191, 3.550000000000008704 ) ) ;
#4575 = EDGE_CURVE ( 'NONE', #384, #8105, #821, .T. ) ;
#4576 = B_SPLINE_CURVE_WITH_KNOTS ( 'NONE', 3,
 ( #5554, #4914, #3509, #7419, #7549, #6249, #290, #5598, #2359, #2242, #7468 ),
 .UNSPECIFIED., .F., .F.,
 ( 4, 1, 1, 1, 1, 1, 1, 1, 4 ),
 ( 0.0000000000000000000, 0.1451868664724703939, 0.2834426109197282218, 0.4165243659288264122, 0.5431811235350816336, 0.6651530826377147765, 0.7813602063127152997, 0.8927566556418067290, 1.000000000000000000 ),
 .UNSPECIFIED. ) ;
#4577 = CARTESIAN_POINT ( 'NONE',  ( 0.6858536585365855309, 1.622580030487805303, 3.550000000000006928 ) ) ;
#4578 = STYLED_ITEM ( 'NONE', ( #6732 ), #843 ) ;
#4579 = CARTESIAN_POINT ( 'NONE',  ( 0.7710238077744402396, 2.284575120037796836, 3.551000000000009038 ) ) ;
#4580 = ORIENTED_EDGE ( 'NONE', *, *, #1683, .F. ) ;
#4581 = FILL_AREA_STYLE_COLOUR ( '', #1999 ) ;
#4582 =( NAMED_UNIT ( * ) SI_UNIT ( $, .STERADIAN. ) SOLID_ANGLE_UNIT ( ) );
#4583 = ORIENTED_EDGE ( 'NONE', *, *, #2120, .T. ) ;
#4584 = CARTESIAN_POINT ( 'NONE',  ( 0.4678925121599064596, 2.277372075353833125, 3.550000000000009592 ) ) ;
#4585 = FILL_AREA_STYLE ('',( #800 ) ) ;
#4586 = FILL_AREA_STYLE ('',( #5709 ) ) ;
#4587 = PRESENTATION_STYLE_ASSIGNMENT (( #2058 ) ) ;
#4588 = FILL_AREA_STYLE ('',( #4638 ) ) ;
#4589 =( GEOMETRIC_REPRESENTATION_CONTEXT ( 3 ) GLOBAL_UNCERTAINTY_ASSIGNED_CONTEXT ( ( #5450 ) ) GLOBAL_UNIT_ASSIGNED_CONTEXT ( ( #333, #5509, #3007 ) ) REPRESENTATION_CONTEXT ( 'NONE', 'WORKASPACE' ) );
#4590 = UNCERTAINTY_MEASURE_WITH_UNIT (LENGTH_MEASURE( 1.000000000000000082E-05 ), #5448, 'distance_accuracy_value', 'NONE');
#4591 = VERTEX_POINT ( 'NONE', #6908 ) ;
#4592 = DIRECTION ( 'NONE',  ( 1.000000000000000000, 0.0000000000000000000, -0.0000000000000000000 ) ) ;
#4593 = VECTOR ( 'NONE', #8167, 1000.000000000000227 ) ;
#4594 = CARTESIAN_POINT ( 'NONE',  ( -2.220000000000000195, -5.200000000000006395, 5.119999999999982343 ) ) ;
#4595 = DIRECTION ( 'NONE',  ( 0.0000000000000000000, -3.491481338843133355E-15, 1.000000000000000000 ) ) ;
#4596 = EDGE_CURVE ( 'NONE', #1232, #4681, #6198, .T. ) ;
#4597 = CARTESIAN_POINT ( 'NONE',  ( 0.5131469339415885011, 1.560744737475520116, 3.550000000000006928 ) ) ;
#4598 = MECHANICAL_DESIGN_GEOMETRIC_PRESENTATION_REPRESENTATION (  '', ( #3369 ), #2035 ) ;
#4599 = CARTESIAN_POINT ( 'NONE',  ( 0.6017073170731709331, 2.137804878048779944, 3.551000000000008594 ) ) ;
#4600 = VECTOR ( 'NONE', #2637, 1000.000000000000000 ) ;
#4601 = CARTESIAN_POINT ( 'NONE',  ( 0.4664152797647208581, 2.296886031982845022, 3.550000000000008260 ) ) ;
#4602 = COLOUR_RGB ( '',0.7529411764705882248, 0.7529411764705882248, 0.7529411764705882248 ) ;
#4603 =( GEOMETRIC_REPRESENTATION_CONTEXT ( 3 ) GLOBAL_UNCERTAINTY_ASSIGNED_CONTEXT ( ( #3142 ) ) GLOBAL_UNIT_ASSIGNED_CONTEXT ( ( #5492, #4850, #7406 ) ) REPRESENTATION_CONTEXT ( 'NONE', 'WORKASPACE' ) );
#4604 = ORIENTED_EDGE ( 'NONE', *, *, #4875, .T. ) ;
#4605 = STYLED_ITEM ( 'NONE', ( #1525 ), #4397 ) ;
#4606 = VERTEX_POINT ( 'NONE', #5636 ) ;
#4607 = CARTESIAN_POINT ( 'NONE',  ( 0.5475497641830842088, 1.775150881019782689, 3.550000000000007372 ) ) ;
#4608 = B_SPLINE_SURFACE_WITH_KNOTS ( 'NONE', 3, 1, ( 
 ( #3313, #98 ),
 ( #8440, #2525 ),
 ( #1853, #5077 ),
 ( #2572, #7707 ),
 ( #4417, #3161 ),
 ( #5117, #7753 ),
 ( #2102, #4641 ),
 ( #7318, #2776 ),
 ( #7280, #2739 ),
 ( #1398, #4683 ),
 ( #7362, #5452 ),
 ( #269, #1489 ),
 ( #5285, #7954 ),
 ( #3993, #6097 ),
 ( #6619, #5406 ),
 ( #764, #4109 ),
 ( #7993, #3351 ),
 ( #5327, #8034 ),
 ( #4804, #6704 ) ),
 .UNSPECIFIED., .F., .F., .F.,
 ( 4, 1, 1, 1, 1, 1, 1, 1, 1, 1, 1, 1, 1, 1, 1, 1, 4 ),
 ( 2, 2 ),
 ( 0.0000000000000000000, 0.06863281452251178416, 0.1345696734730735811, 0.1983328812253329354, 0.2607959826476435872, 0.3220068264360576027, 0.3827308687972293955, 0.4435480458920922353, 0.5051454695004216067, 0.5662273706519540539, 0.6261207880494004119, 0.6853656576789711741, 0.7449101527780603860, 0.8054112038394392048, 0.8676331114143819301, 0.9323061688368518007, 1.000000000000000000 ),
 ( 0.0000000000000000000, 1.000000000000000000 ),
 .UNSPECIFIED. ) ;
#4609 = PRESENTATION_LAYER_ASSIGNMENT (  '', '', ( #8045 ) ) ;
#4610 = AXIS2_PLACEMENT_3D ( 'NONE', #3766, #6343, #3177 ) ;
#4611 = ORIENTED_EDGE ( 'NONE', *, *, #6359, .T. ) ;
#4612 = LINE ( 'NONE', #2500, #4324 ) ;
#4613 = ADVANCED_FACE ( 'NONE', ( #2356 ), #4953, .F. ) ;
#4614 = CARTESIAN_POINT ( 'NONE',  ( -1.270000000000000018, 0.7999999999999979350, 4.050000000000003375 ) ) ;
#4615 = VERTEX_POINT ( 'NONE', #4995 ) ;
#4616 = CARTESIAN_POINT ( 'NONE',  ( 0.7406323778919081668, 2.317440130552145039, 3.550000000000008704 ) ) ;
#4617 = CARTESIAN_POINT ( 'NONE',  ( 0.5276219512195123862, 1.567701981707317227, 3.550000000000006928 ) ) ;
#4618 = PRESENTATION_LAYER_ASSIGNMENT (  '', '', ( #7248 ) ) ;
#4619 = LINE ( 'NONE', #3379, #947 ) ;
#4620 = CARTESIAN_POINT ( 'NONE',  ( 0.4700000000000000844, 1.958536585365853844, 3.551000000000008150 ) ) ;
#4621 = EDGE_LOOP ( 'NONE', ( #154, #5095, #1926, #5665 ) ) ;
#4622 = DIRECTION ( 'NONE',  ( 0.0000000000000000000, 3.491481338843133355E-15, -1.000000000000000000 ) ) ;
#4623 = SURFACE_STYLE_USAGE ( .BOTH. , #7811 ) ;
#4624 = ADVANCED_FACE ( 'NONE', ( #5551 ), #6288, .F. ) ;
#4625 = VECTOR ( 'NONE', #5449, 1000.000000000000000 ) ;
#4626 = DIRECTION ( 'NONE',  ( -0.0000000000000000000, 3.491481338843133355E-15, -1.000000000000000000 ) ) ;
#4627 = ORIENTED_EDGE ( 'NONE', *, *, #1346, .F. ) ;
#4628 = DIRECTION ( 'NONE',  ( 1.000000000000000000, 0.0000000000000000000, 0.0000000000000000000 ) ) ;
#4629 = VERTEX_POINT ( 'NONE', #1328 ) ;
#4630 = AXIS2_PLACEMENT_3D ( 'NONE', #5031, #8254, #5585 ) ;
#4631 = CARTESIAN_POINT ( 'NONE',  ( 0.4700000000000000844, 1.958536585365853844, 3.551000000000008150 ) ) ;
#4632 = EDGE_LOOP ( 'NONE', ( #5204, #8194, #297, #3615 ) ) ;
#4633 =( NAMED_UNIT ( * ) SI_UNIT ( $, .STERADIAN. ) SOLID_ANGLE_UNIT ( ) );
#4634 = EDGE_CURVE ( 'NONE', #3186, #1314, #5164, .T. ) ;
#4635 = CARTESIAN_POINT ( 'NONE',  ( 0.4729406000558674661, 2.251544065019055907, 3.550000000000008260 ) ) ;
#4636 = DIRECTION ( 'NONE',  ( 0.0000000000000000000, -3.491481338843133355E-15, 1.000000000000000000 ) ) ;
#4637 = LINE ( 'NONE', #2697, #5563 ) ;
#4638 = FILL_AREA_STYLE_COLOUR ( '', #5217 ) ;
#4639 = EDGE_CURVE ( 'NONE', #2550, #80, #2625, .T. ) ;
#4640 = LINE ( 'NONE', #4107, #5012 ) ;
#4641 = CARTESIAN_POINT ( 'NONE',  ( 0.4852335578258809012, 1.798398100330709903, 3.550000000000008260 ) ) ;
#4642 = CARTESIAN_POINT ( 'NONE',  ( 1.519999999999999574, 1.084435562925354368, 5.800000000000005151 ) ) ;
#4643 = DIRECTION ( 'NONE',  ( 1.000000000000000000, 0.0000000000000000000, 0.0000000000000000000 ) ) ;
#4644 =( LENGTH_UNIT ( ) NAMED_UNIT ( * ) SI_UNIT ( .MILLI., .METRE. ) );
#4645 = PLANE ( 'NONE',  #2688 ) ;
#4646 = PRESENTATION_STYLE_ASSIGNMENT (( #4039 ) ) ;
#4647 =( NAMED_UNIT ( * ) SI_UNIT ( $, .STERADIAN. ) SOLID_ANGLE_UNIT ( ) );
#4648 =( NAMED_UNIT ( * ) SI_UNIT ( $, .STERADIAN. ) SOLID_ANGLE_UNIT ( ) );
#4649 = ORIENTED_EDGE ( 'NONE', *, *, #8464, .F. ) ;
#4650 = PRESENTATION_STYLE_ASSIGNMENT (( #7209 ) ) ;
#4651 = ORIENTED_EDGE ( 'NONE', *, *, #6892, .T. ) ;
#4652 = MECHANICAL_DESIGN_GEOMETRIC_PRESENTATION_REPRESENTATION (  '', ( #7405 ), #4499 ) ;
#4653 = ADVANCED_FACE ( 'NONE', ( #3911 ), #2487, .F. ) ;
#4654 = CARTESIAN_POINT ( 'NONE',  ( 0.5390107642314940772, 1.781735037378472164, 3.550000000000006928 ) ) ;
#4655 = LINE ( 'NONE', #7290, #1914 ) ;
#4656 = COLOUR_RGB ( '',0.7529411764705882248, 0.7529411764705882248, 0.7529411764705882248 ) ;
#4657 = DIRECTION ( 'NONE',  ( 0.0000000000000000000, 3.491481338843133355E-15, -1.000000000000000000 ) ) ;
#4658 = VERTEX_POINT ( 'NONE', #8399 ) ;
#4659 = CARTESIAN_POINT ( 'NONE',  ( 0.7407317073170731625, 2.313586128048780388, 3.550000000000009148 ) ) ;
#4660 = CARTESIAN_POINT ( 'NONE',  ( 0.4753685044210967936, 1.826591586487126051, 3.551000000000008594 ) ) ;
#4661 = COLOUR_RGB ( '',0.7529411764705882248, 0.7529411764705882248, 0.7529411764705882248 ) ;
#4662 =( NAMED_UNIT ( * ) PLANE_ANGLE_UNIT ( ) SI_UNIT ( $, .RADIAN. ) );
#4663 = SURFACE_SIDE_STYLE ('',( #748 ) ) ;
#4664 = CARTESIAN_POINT ( 'NONE',  ( 0.7700000000000001288, 1.651219512195122308, 3.551000000000006818 ) ) ;
#4665 = ORIENTED_EDGE ( 'NONE', *, *, #6029, .F. ) ;
#4666 = CARTESIAN_POINT ( 'NONE',  ( 0.4700000000000001954, 1.581707317073171026, 3.551000000000006818 ) ) ;
#4667 = EDGE_LOOP ( 'NONE', ( #772, #7618, #5989, #7575 ) ) ;
#4668 = DIRECTION ( 'NONE',  ( 0.0000000000000000000, 1.000000000000000000, 3.491481338843133355E-15 ) ) ;
#4669 =( NAMED_UNIT ( * ) SI_UNIT ( $, .STERADIAN. ) SOLID_ANGLE_UNIT ( ) );
#4670 = SURFACE_SIDE_STYLE ('',( #5956 ) ) ;
#4671 = LINE ( 'NONE', #2211, #8325 ) ;
#4672 = ADVANCED_FACE ( 'NONE', ( #587 ), #5766, .F. ) ;
#4673 = CARTESIAN_POINT ( 'NONE',  ( 0.6572555104208512855, 2.457578538735063045, 3.550000000000010481 ) ) ;
#4674 = EDGE_LOOP ( 'NONE', ( #4413, #4232, #6586, #1569 ) ) ;
#4675 = CARTESIAN_POINT ( 'NONE',  ( -0.7700000000000002398, 3.299999999999991385, 6.050000000000012257 ) ) ;
#4676 = FILL_AREA_STYLE ('',( #5958 ) ) ;
#4677 = MECHANICAL_DESIGN_GEOMETRIC_PRESENTATION_REPRESENTATION (  '', ( #6886 ), #5628 ) ;
#4678 = MECHANICAL_DESIGN_GEOMETRIC_PRESENTATION_REPRESENTATION (  '', ( #7163 ), #1280 ) ;
#4679 =( GEOMETRIC_REPRESENTATION_CONTEXT ( 3 ) GLOBAL_UNCERTAINTY_ASSIGNED_CONTEXT ( ( #8291 ) ) GLOBAL_UNIT_ASSIGNED_CONTEXT ( ( #5169, #2635, #3254 ) ) REPRESENTATION_CONTEXT ( 'NONE', 'WORKASPACE' ) );
#4680 = CARTESIAN_POINT ( 'NONE',  ( 0.5839132541423337486, 2.415321089524289366, 3.550000000000010481 ) ) ;
#4681 = VERTEX_POINT ( 'NONE', #5373 ) ;
#4682 = ADVANCED_FACE ( 'NONE', ( #4001 ), #6752, .F. ) ;
#4683 = CARTESIAN_POINT ( 'NONE',  ( 0.5095200696446854360, 1.761646152742451621, 3.550000000000008704 ) ) ;
#4684 = LINE ( 'NONE', #5851, #6601 ) ;
#4685 = ORIENTED_EDGE ( 'NONE', *, *, #7486, .F. ) ;
#4686 = FILL_AREA_STYLE ('',( #898 ) ) ;
#4687 = SURFACE_STYLE_FILL_AREA ( #1402 ) ;
#4688 = SURFACE_SIDE_STYLE ('',( #2622 ) ) ;
#4689 = VECTOR ( 'NONE', #8297, 1000.000000000000114 ) ;
#4690 = PRESENTATION_LAYER_ASSIGNMENT (  '', '', ( #221 ) ) ;
#4691 = EDGE_CURVE ( 'NONE', #8387, #3858, #4692, .T. ) ;
#4692 = LINE ( 'NONE', #806, #5139 ) ;
#4693 = ORIENTED_EDGE ( 'NONE', *, *, #6104, .F. ) ;
#4694 = STYLED_ITEM ( 'NONE', ( #7220 ), #5679 ) ;
#4695 = LINE ( 'NONE', #813, #5418 ) ;
#4696 = ORIENTED_EDGE ( 'NONE', *, *, #4139, .T. ) ;
#4697 = DIRECTION ( 'NONE',  ( 0.0000000000000000000, 1.000000000000000000, 1.913297951445010284E-15 ) ) ;
#4698 = CARTESIAN_POINT ( 'NONE',  ( -1.020000000000000462, 3.099999999999991651, 5.800000000000011369 ) ) ;
#4699 = DIRECTION ( 'NONE',  ( 0.0000000000000000000, 3.491481338843133355E-15, -1.000000000000000000 ) ) ;
#4700 = STYLED_ITEM ( 'NONE', ( #2188 ), #4077 ) ;
#4701 = DIRECTION ( 'NONE',  ( 0.0000000000000000000, 0.0000000000000000000, 1.000000000000000000 ) ) ;
#4702 = ORIENTED_EDGE ( 'NONE', *, *, #722, .T. ) ;
#4703 = MECHANICAL_DESIGN_GEOMETRIC_PRESENTATION_REPRESENTATION (  '', ( #1869 ), #7327 ) ;
#4704 = FILL_AREA_STYLE_COLOUR ( '', #5705 ) ;
#4705 = CARTESIAN_POINT ( 'NONE',  ( 0.3200000000000000067, 0.7999999999999953815, 4.800000000000004263 ) ) ;
#4706 = PLANE ( 'NONE',  #3677 ) ;
#4707 = COLOUR_RGB ( '',0.7529411764705882248, 0.7529411764705882248, 0.7529411764705882248 ) ;
#4708 =( LENGTH_UNIT ( ) NAMED_UNIT ( * ) SI_UNIT ( .MILLI., .METRE. ) );
#4709 = CARTESIAN_POINT ( 'NONE',  ( 2.148785611607597179, -4.504340075951596134, 4.408785611607580535 ) ) ;
#4710 = DIRECTION ( 'NONE',  ( 0.0000000000000000000, 3.491481338843133355E-15, -1.000000000000000000 ) ) ;
#4711 = LINE ( 'NONE', #6055, #1409 ) ;
#4712 = CARTESIAN_POINT ( 'NONE',  ( 0.4700000000000001954, 2.178048780487804148, 3.551000000000009038 ) ) ;
#4713 = ADVANCED_FACE ( 'NONE', ( #6016 ), #1407, .T. ) ;
#4714 = PRESENTATION_STYLE_ASSIGNMENT (( #6457 ) ) ;
#4715 =( NAMED_UNIT ( * ) SI_UNIT ( $, .STERADIAN. ) SOLID_ANGLE_UNIT ( ) );
#4716 = CARTESIAN_POINT ( 'NONE',  ( 0.6858917144096858820, 2.450482110555392889, 3.551000000000012147 ) ) ;
#4717 = EDGE_LOOP ( 'NONE', ( #5130, #2250, #5814, #4403 ) ) ;
#4718 = DIRECTION ( 'NONE',  ( -8.811868386695804721E-13, -1.964084293364052379E-14, -1.000000000000000000 ) ) ;
#4719 = STYLED_ITEM ( 'NONE', ( #582 ), #1159 ) ;
#4720 = CARTESIAN_POINT ( 'NONE',  ( 0.5236927474075087074, 1.558526959900529585, 3.550000000000006484 ) ) ;
#4721 = STYLED_ITEM ( 'NONE', ( #7499 ), #4787 ) ;
#4722 =( NAMED_UNIT ( * ) SI_UNIT ( $, .STERADIAN. ) SOLID_ANGLE_UNIT ( ) );
#4723 = EDGE_CURVE ( 'NONE', #1693, #5703, #2880, .T. ) ;
#4724 = CARTESIAN_POINT ( 'NONE',  ( 0.7370731707317075276, 2.137804878048779944, 3.551000000000008594 ) ) ;
#4725 = ORIENTED_EDGE ( 'NONE', *, *, #5202, .F. ) ;
#4726 =( NAMED_UNIT ( * ) PLANE_ANGLE_UNIT ( ) SI_UNIT ( $, .RADIAN. ) );
#4727 = AXIS2_PLACEMENT_3D ( 'NONE', #6397, #7807, #4527 ) ;
#4728 = EDGE_LOOP ( 'NONE', ( #8171, #4375, #5872, #6281 ) ) ;
#4729 = EDGE_LOOP ( 'NONE', ( #2448, #41, #1862, #8238, #6209, #814 ) ) ;
#4730 = EDGE_CURVE ( 'NONE', #8370, #5394, #190, .T. ) ;
#4731 = VECTOR ( 'NONE', #3822, 1000.000000000000000 ) ;
#4732 = ORIENTED_EDGE ( 'NONE', *, *, #5433, .F. ) ;
#4733 = DIRECTION ( 'NONE',  ( 0.0000000000000000000, 1.000000000000000000, 3.491481338843133355E-15 ) ) ;
#4734 = AXIS2_PLACEMENT_3D ( 'NONE', #5887, #51, #4595 ) ;
#4735 = SURFACE_STYLE_USAGE ( .BOTH. , #3459 ) ;
#4736 = CARTESIAN_POINT ( 'NONE',  ( -3.560000000000000497, 3.099999999999991651, 5.800000000000011369 ) ) ;
#4737 = MECHANICAL_DESIGN_GEOMETRIC_PRESENTATION_REPRESENTATION (  '', ( #4049 ), #6958 ) ;
#4738 = VECTOR ( 'NONE', #315, 1000.000000000000000 ) ;
#4739 = EDGE_LOOP ( 'NONE', ( #4494, #7260, #4063, #465 ) ) ;
#4740 = PLANE ( 'NONE',  #4800 ) ;
#4741 = MECHANICAL_DESIGN_GEOMETRIC_PRESENTATION_REPRESENTATION (  '', ( #8467 ), #4882 ) ;
#4742 = PRESENTATION_STYLE_ASSIGNMENT (( #7297 ) ) ;
#4743 = STYLED_ITEM ( 'NONE', ( #5694 ), #1789 ) ;
#4744 = PRESENTATION_LAYER_ASSIGNMENT (  '', '', ( #7374 ) ) ;
#4745 = EDGE_CURVE ( 'NONE', #8393, #14, #408, .T. ) ;
#4746 = SURFACE_STYLE_USAGE ( .BOTH. , #77 ) ;
#4747 = DIRECTION ( 'NONE',  ( 0.0000000000000000000, -3.491481338843133355E-15, 1.000000000000000000 ) ) ;
#4748 = ORIENTED_EDGE ( 'NONE', *, *, #3382, .T. ) ;
#4749 = CARTESIAN_POINT ( 'NONE',  ( 0.7249522035840534340, 1.815508465694902984, 3.550000000000008260 ) ) ;
#4750 = FACE_OUTER_BOUND ( 'NONE', #4632, .T. ) ;
#4751 = COLOUR_RGB ( '',0.2509803921568627416, 0.2509803921568627416, 0.2509803921568627416 ) ;
#4752 = CARTESIAN_POINT ( 'NONE',  ( -1.269999999999999796, 3.299999999999998046, 4.050000000000012257 ) ) ;
#4753 = EDGE_LOOP ( 'NONE', ( #5901, #2813, #2792, #67 ) ) ;
#4754 = EDGE_CURVE ( 'NONE', #5682, #8023, #7582, .T. ) ;
#4755 = EDGE_LOOP ( 'NONE', ( #1965, #2023, #90, #3668, #4732, #7364 ) ) ;
#4756 = SURFACE_STYLE_FILL_AREA ( #3979 ) ;
#4757 = ORIENTED_EDGE ( 'NONE', *, *, #2678, .F. ) ;
#4758 =( LENGTH_UNIT ( ) NAMED_UNIT ( * ) SI_UNIT ( .MILLI., .METRE. ) );
#4759 = SURFACE_SIDE_STYLE ('',( #94 ) ) ;
#4760 = LINE ( 'NONE', #2900, #7191 ) ;
#4761 = DIRECTION ( 'NONE',  ( 0.0000000000000000000, 0.0000000000000000000, 1.000000000000000000 ) ) ;
#4762 = PRESENTATION_LAYER_ASSIGNMENT (  '', '', ( #812 ) ) ;
#4763 = UNCERTAINTY_MEASURE_WITH_UNIT (LENGTH_MEASURE( 1.000000000000000082E-05 ), #2171, 'distance_accuracy_value', 'NONE');
#4764 = STYLED_ITEM ( 'NONE', ( #638 ), #389 ) ;
#4765 = VERTEX_POINT ( 'NONE', #2950 ) ;
#4766 = CARTESIAN_POINT ( 'NONE',  ( 0.7332073257407352163, 2.421660112290895395, 3.551000000000009482 ) ) ;
#4767 = EDGE_LOOP ( 'NONE', ( #2631, #5524, #1077, #8307 ) ) ;
#4768 =( NAMED_UNIT ( * ) SI_UNIT ( $, .STERADIAN. ) SOLID_ANGLE_UNIT ( ) );
#4769 = EDGE_CURVE ( 'NONE', #3411, #6710, #3702, .T. ) ;
#4770 = CARTESIAN_POINT ( 'NONE',  ( 2.678014882866899260, 5.018014882866909332, 0.5500000000000183631 ) ) ;
#4771 = FILL_AREA_STYLE ('',( #7581 ) ) ;
#4772 = DIRECTION ( 'NONE',  ( 0.3236155771181821184, 0.3236155771181787322, 0.8891264907159913689 ) ) ;
#4773 = CARTESIAN_POINT ( 'NONE',  ( 0.4752860973414685386, 2.243841956118739933, 3.550000000000009148 ) ) ;
#4774 = DIRECTION ( 'NONE',  ( -1.000000000000000000, 0.0000000000000000000, 0.0000000000000000000 ) ) ;
#4775 = CARTESIAN_POINT ( 'NONE',  ( 0.7700000000000001288, 1.468292682926829684, 3.550000000000006484 ) ) ;
#4776 = ORIENTED_EDGE ( 'NONE', *, *, #171, .T. ) ;
#4777 = ORIENTED_EDGE ( 'NONE', *, *, #1198, .T. ) ;
#4778 = LINE ( 'NONE', #3503, #7056 ) ;
#4779 = FACE_OUTER_BOUND ( 'NONE', #3341, .T. ) ;
#4780 = EDGE_CURVE ( 'NONE', #7875, #2210, #4807, .T. ) ;
#4781 = ORIENTED_EDGE ( 'NONE', *, *, #5277, .F. ) ;
#4782 = CARTESIAN_POINT ( 'NONE',  ( 0.5169275578586539632, 2.239249481541985887, 3.550000000000009148 ) ) ;
#4783 = CARTESIAN_POINT ( 'NONE',  ( 0.4997231462622194198, 2.405773390905442177, 3.550000000000010481 ) ) ;
#4784 = FILL_AREA_STYLE_COLOUR ( '', #1547 ) ;
#4785 = ORIENTED_EDGE ( 'NONE', *, *, #2110, .T. ) ;
#4786 = SURFACE_SIDE_STYLE ('',( #6823 ) ) ;
#4787 = ADVANCED_FACE ( 'NONE', ( #6939 ), #445, .T. ) ;
#4788 = CARTESIAN_POINT ( 'NONE',  ( 0.7700000000000000178, 1.958536585365853844, 3.551000000000008150 ) ) ;
#4789 = VERTEX_POINT ( 'NONE', #4160 ) ;
#4790 = CARTESIAN_POINT ( 'NONE',  ( 0.7249522035840534340, 1.815508465694902984, 3.551000000000008150 ) ) ;
#4791 = DIRECTION ( 'NONE',  ( -0.0000000000000000000, 3.491481338843133355E-15, -1.000000000000000000 ) ) ;
#4792 = APPLICATION_CONTEXT ( 'automotive_design' ) ;
#4793 = EDGE_CURVE ( 'NONE', #5923, #7587, #2230, .T. ) ;
#4794 = SURFACE_STYLE_USAGE ( .BOTH. , #3336 ) ;
#4795 = SURFACE_SIDE_STYLE ('',( #4916 ) ) ;
#4796 = ORIENTED_EDGE ( 'NONE', *, *, #3512, .F. ) ;
#4797 = PRESENTATION_STYLE_ASSIGNMENT (( #2178 ) ) ;
#4798 = ORIENTED_EDGE ( 'NONE', *, *, #3838, .T. ) ;
#4799 = CARTESIAN_POINT ( 'NONE',  ( 0.6858536585365855309, 1.622580030487805303, 3.550000000000006928 ) ) ;
#4800 = AXIS2_PLACEMENT_3D ( 'NONE', #6378, #2490, #8273 ) ;
#4801 = PLANE ( 'NONE',  #1634 ) ;
#4802 = CARTESIAN_POINT ( 'NONE',  ( 0.7352702152831365190, 1.849516008320988725, 3.551000000000006818 ) ) ;
#4803 = AXIS2_PLACEMENT_3D ( 'NONE', #176, #2770, #2138 ) ;
#4804 = CARTESIAN_POINT ( 'NONE',  ( 0.6162271341463415597, 1.717073170731707510, 3.551000000000007262 ) ) ;
#4805 = ORIENTED_EDGE ( 'NONE', *, *, #6321, .T. ) ;
#4806 = CARTESIAN_POINT ( 'NONE',  ( 0.5247219751229258433, 1.797700551839304994, 3.550000000000009148 ) ) ;
#4807 = LINE ( 'NONE', #1043, #7076 ) ;
#4808 = LINE ( 'NONE', #7372, #3983 ) ;
#4809 = VECTOR ( 'NONE', #2032, 1000.000000000000000 ) ;
#4810 = CARTESIAN_POINT ( 'NONE',  ( 2.860000000000000320, 3.879999999999996785, 4.480000000000012861 ) ) ;
#4811 = ORIENTED_EDGE ( 'NONE', *, *, #6305, .T. ) ;
#4812 = LINE ( 'NONE', #5330, #725 ) ;
#4813 = CARTESIAN_POINT ( 'NONE',  ( 0.6232012195121952036, 2.419512195121951148, 3.550000000000009148 ) ) ;
#4814 = ORIENTED_EDGE ( 'NONE', *, *, #7786, .F. ) ;
#4815 = CARTESIAN_POINT ( 'NONE',  ( 2.220000000000000195, 0.7999999999999944933, 4.480000000000003091 ) ) ;
#4816 = STYLED_ITEM ( 'NONE', ( #3893 ), #5245 ) ;
#4817 = COLOUR_RGB ( '',0.7529411764705882248, 0.7529411764705882248, 0.7529411764705882248 ) ;
#4818 = FILL_AREA_STYLE_COLOUR ( '', #5011 ) ;
#4819 = VERTEX_POINT ( 'NONE', #2386 ) ;
#4820 = CARTESIAN_POINT ( 'NONE',  ( 0.4997231462622194198, 2.405773390905442177, 3.551000000000009926 ) ) ;
#4821 = DIRECTION ( 'NONE',  ( -1.000000000000000000, 0.0000000000000000000, -0.0000000000000000000 ) ) ;
#4822 = FACE_OUTER_BOUND ( 'NONE', #5706, .T. ) ;
#4823 = CARTESIAN_POINT ( 'NONE',  ( 0.5087237814744829389, 1.563240132426379381, 3.551000000000006818 ) ) ;
#4824 = VERTEX_POINT ( 'NONE', #4981 ) ;
#4825 = EDGE_CURVE ( 'NONE', #5806, #4486, #8124, .T. ) ;
#4826 = STYLED_ITEM ( 'NONE', ( #4876 ), #2665 ) ;
#4827 = UNCERTAINTY_MEASURE_WITH_UNIT (LENGTH_MEASURE( 1.000000000000000082E-05 ), #6395, 'distance_accuracy_value', 'NONE');
#4828 = DIRECTION ( 'NONE',  ( 0.0000000000000000000, -3.491481338843133355E-15, 1.000000000000000000 ) ) ;
#4829 = LINE ( 'NONE', #4263, #6578 ) ;
#4830 = ORIENTED_EDGE ( 'NONE', *, *, #3183, .T. ) ;
#4831 =( NAMED_UNIT ( * ) PLANE_ANGLE_UNIT ( ) SI_UNIT ( $, .RADIAN. ) );
#4832 = CARTESIAN_POINT ( 'NONE',  ( 0.6275875812209266158, 2.419428849166913142, 3.551000000000009482 ) ) ;
#4833 = VECTOR ( 'NONE', #5894, 1000.000000000000000 ) ;
#4834 = CARTESIAN_POINT ( 'NONE',  ( 0.6346341463414636452, 2.137804878048779944, 3.551000000000008594 ) ) ;
#4835 = EDGE_CURVE ( 'NONE', #80, #3723, #5494, .T. ) ;
#4836 = SURFACE_STYLE_USAGE ( .BOTH. , #4795 ) ;
#4837 = PRESENTATION_LAYER_ASSIGNMENT (  '', '', ( #5243 ) ) ;
#4838 = UNCERTAINTY_MEASURE_WITH_UNIT (LENGTH_MEASURE( 1.000000000000000082E-05 ), #8159, 'distance_accuracy_value', 'NONE');
#4839 = CARTESIAN_POINT ( 'NONE',  ( 0.6162271341463415597, 1.717073170731707510, 3.551000000000007262 ) ) ;
#4840 = LINE ( 'NONE', #2332, #4535 ) ;
#4841 = SURFACE_STYLE_FILL_AREA ( #5657 ) ;
#4842 = EDGE_CURVE ( 'NONE', #1016, #4287, #2340, .T. ) ;
#4843 =( LENGTH_UNIT ( ) NAMED_UNIT ( * ) SI_UNIT ( .MILLI., .METRE. ) );
#4844 = STYLED_ITEM ( 'NONE', ( #4038 ), #4086 ) ;
#4845 = SURFACE_STYLE_FILL_AREA ( #6882 ) ;
#4846 = UNCERTAINTY_MEASURE_WITH_UNIT (LENGTH_MEASURE( 1.000000000000000082E-05 ), #2013, 'distance_accuracy_value', 'NONE');
#4847 = CARTESIAN_POINT ( 'NONE',  ( 0.6306660317409986671, 1.757621757025964460, 3.551000000000007706 ) ) ;
#4848 = PRESENTATION_STYLE_ASSIGNMENT (( #4247 ) ) ;
#4849 = VERTEX_POINT ( 'NONE', #6979 ) ;
#4850 =( NAMED_UNIT ( * ) PLANE_ANGLE_UNIT ( ) SI_UNIT ( $, .RADIAN. ) );
#4851 =( NAMED_UNIT ( * ) PLANE_ANGLE_UNIT ( ) SI_UNIT ( $, .RADIAN. ) );
#4852 = FILL_AREA_STYLE ('',( #7453 ) ) ;
#4853 = VERTEX_POINT ( 'NONE', #994 ) ;
#4854 = FILL_AREA_STYLE_COLOUR ( '', #493 ) ;
#4855 = DIRECTION ( 'NONE',  ( 0.0000000000000000000, -3.891802140991627604E-15, 1.000000000000000000 ) ) ;
#4856 = PRESENTATION_LAYER_ASSIGNMENT (  '', '', ( #2974 ) ) ;
#4857 = DIRECTION ( 'NONE',  ( 0.0000000000000000000, 1.000000000000000000, 9.878286460423456269E-15 ) ) ;
#4858 = DIRECTION ( 'NONE',  ( -0.7071067811865473507, -2.468850131082266527E-15, 0.7071067811865477948 ) ) ;
#4859 = EDGE_CURVE ( 'NONE', #1232, #4853, #4945, .T. ) ;
#4860 = CARTESIAN_POINT ( 'NONE',  ( 0.5003831219746303072, 2.288111120700013768, 3.550000000000008260 ) ) ;
#4861 = PRESENTATION_LAYER_ASSIGNMENT (  '', '', ( #3105 ) ) ;
#4862 = B_SPLINE_CURVE_WITH_KNOTS ( 'NONE', 3,
 ( #948, #5967, #6746, #2867, #8074, #1442, #3444, #4766, #235, #2227, #803, #4716, #140, #6062, #2144, #1578, #7444 ),
 .UNSPECIFIED., .F., .F.,
 ( 4, 1, 1, 1, 1, 1, 1, 1, 1, 1, 1, 1, 1, 1, 4 ),
 ( 0.1361665090034398784, 0.1950705264521366555, 0.2556086712886455059, 0.3148315357450780505, 0.3734254151318252557, 0.4325732796242883760, 0.4922844451246911612, 0.5525311382752629008, 0.6123789528069560895, 0.6724822110039969658, 0.7338115657770718503, 0.7965737547970178634, 0.8614358467332340341, 0.9291918124022551240, 0.9999999999999998890 ),
 .UNSPECIFIED. ) ;
#4863 = DIRECTION ( 'NONE',  ( 0.0000000000000000000, -1.000000000000000000, -2.822367560120991731E-15 ) ) ;
#4864 =( GEOMETRIC_REPRESENTATION_CONTEXT ( 3 ) GLOBAL_UNCERTAINTY_ASSIGNED_CONTEXT ( ( #5602 ) ) GLOBAL_UNIT_ASSIGNED_CONTEXT ( ( #805, #7366, #7320 ) ) REPRESENTATION_CONTEXT ( 'NONE', 'WORKASPACE' ) );
#4865 = CARTESIAN_POINT ( 'NONE',  ( 0.5029268292682927965, 2.024390243902438602, 3.550000000000007816 ) ) ;
#4866 = AXIS2_PLACEMENT_3D ( 'NONE', #439, #5482, #1527 ) ;
#4867 = CARTESIAN_POINT ( 'NONE',  ( 0.7700000000000002398, 0.7999999999999910516, 6.050000000000003375 ) ) ;
#4868 = VECTOR ( 'NONE', #6166, 1000.000000000000000 ) ;
#4869 = CARTESIAN_POINT ( 'NONE',  ( 2.220000000000000195, 3.099999999999996536, 4.480000000000010196 ) ) ;
#4870 = VECTOR ( 'NONE', #4402, 1000.000000000000000 ) ;
#4871 = CARTESIAN_POINT ( 'NONE',  ( 0.5029268292682927965, 2.024390243902438602, 3.550000000000007816 ) ) ;
#4872 =( GEOMETRIC_REPRESENTATION_CONTEXT ( 3 ) GLOBAL_UNCERTAINTY_ASSIGNED_CONTEXT ( ( #601 ) ) GLOBAL_UNIT_ASSIGNED_CONTEXT ( ( #5955, #7907, #4669 ) ) REPRESENTATION_CONTEXT ( 'NONE', 'WORKASPACE' ) );
#4873 = SURFACE_SIDE_STYLE ('',( #7388 ) ) ;
#4874 = ORIENTED_EDGE ( 'NONE', *, *, #122, .F. ) ;
#4875 = EDGE_CURVE ( 'NONE', #6988, #1238, #3543, .T. ) ;
#4876 = PRESENTATION_STYLE_ASSIGNMENT (( #3429 ) ) ;
#4877 = CARTESIAN_POINT ( 'NONE',  ( 0.7284800705656493403, 2.365809998136607639, 3.550000000000010481 ) ) ;
#4878 = AXIS2_PLACEMENT_3D ( 'NONE', #5862, #8456, #2033 ) ;
#4879 = CARTESIAN_POINT ( 'NONE',  ( 0.7700000000000001288, 2.017073170731706888, 3.551000000000008150 ) ) ;
#4880 =( GEOMETRIC_REPRESENTATION_CONTEXT ( 3 ) GLOBAL_UNCERTAINTY_ASSIGNED_CONTEXT ( ( #5407 ) ) GLOBAL_UNIT_ASSIGNED_CONTEXT ( ( #3608, #8284, #2369 ) ) REPRESENTATION_CONTEXT ( 'NONE', 'WORKASPACE' ) );
#4881 = PRESENTATION_STYLE_ASSIGNMENT (( #7566 ) ) ;
#4882 =( GEOMETRIC_REPRESENTATION_CONTEXT ( 3 ) GLOBAL_UNCERTAINTY_ASSIGNED_CONTEXT ( ( #13 ) ) GLOBAL_UNIT_ASSIGNED_CONTEXT ( ( #4259, #6334, #1652 ) ) REPRESENTATION_CONTEXT ( 'NONE', 'WORKASPACE' ) );
#4883 = CARTESIAN_POINT ( 'NONE',  ( 0.7637295098056954279, 2.376740434698439763, 3.550000000000008260 ) ) ;
#4884 = ORIENTED_EDGE ( 'NONE', *, *, #4211, .T. ) ;
#4885 = DIRECTION ( 'NONE',  ( -0.0000000000000000000, 1.000000000000000000, 3.491481338843133355E-15 ) ) ;
#4886 = EDGE_CURVE ( 'NONE', #1108, #2311, #6186, .T. ) ;
#4887 = ORIENTED_EDGE ( 'NONE', *, *, #5049, .F. ) ;
#4888 = VECTOR ( 'NONE', #8269, 1000.000000000000000 ) ;
#4889 = DIRECTION ( 'NONE',  ( 0.0000000000000000000, 1.000000000000000000, 3.491481338843133355E-15 ) ) ;
#4890 =( NAMED_UNIT ( * ) SI_UNIT ( $, .STERADIAN. ) SOLID_ANGLE_UNIT ( ) );
#4891 = VECTOR ( 'NONE', #7791, 999.9999999999998863 ) ;
#4892 = ORIENTED_EDGE ( 'NONE', *, *, #5685, .T. ) ;
#4893 =( NAMED_UNIT ( * ) SI_UNIT ( $, .STERADIAN. ) SOLID_ANGLE_UNIT ( ) );
#4894 = VERTEX_POINT ( 'NONE', #4543 ) ;
#4895 = CARTESIAN_POINT ( 'NONE',  ( 0.5183943994532249633, 1.565120989196856272, 3.550000000000006928 ) ) ;
#4896 = EDGE_CURVE ( 'NONE', #913, #6240, #1277, .T. ) ;
#4897 = PLANE ( 'NONE',  #3510 ) ;
#4898 = PRESENTATION_STYLE_ASSIGNMENT (( #2947 ) ) ;
#4899 = CARTESIAN_POINT ( 'NONE',  ( 0.5098813418763359362, 1.826736534192438866, 3.551000000000007262 ) ) ;
#4900 = DIRECTION ( 'NONE',  ( 1.000000000000000000, 0.0000000000000000000, 0.0000000000000000000 ) ) ;
#4901 = COLOUR_RGB ( '',0.7529411764705882248, 0.7529411764705882248, 0.7529411764705882248 ) ;
#4902 = VERTEX_POINT ( 'NONE', #8353 ) ;
#4903 = EDGE_CURVE ( 'NONE', #3978, #5897, #7023, .T. ) ;
#4904 = CARTESIAN_POINT ( 'NONE',  ( 0.6927155612519305672, 1.734211549773470473, 3.550000000000006484 ) ) ;
#4905 = DIRECTION ( 'NONE',  ( 0.0000000000000000000, 1.000000000000000000, 3.491481338843133355E-15 ) ) ;
#4906 = EDGE_LOOP ( 'NONE', ( #542, #3281, #8229, #8069, #486, #2751 ) ) ;
#4907 = CARTESIAN_POINT ( 'NONE',  ( 0.5037279361817947887, 2.341632143271902500, 3.550000000000009148 ) ) ;
#4908 = CARTESIAN_POINT ( 'NONE',  ( -2.860000000000000320, -5.200000000000002842, 4.479999999999982663 ) ) ;
#4909 = LINE ( 'NONE', #6807, #3054 ) ;
#4910 = COLOUR_RGB ( '',0.7529411764705882248, 0.7529411764705882248, 0.7529411764705882248 ) ;
#4911 =( NAMED_UNIT ( * ) SI_UNIT ( $, .STERADIAN. ) SOLID_ANGLE_UNIT ( ) );
#4912 = LINE ( 'NONE', #373, #4965 ) ;
#4913 = FACE_OUTER_BOUND ( 'NONE', #1020, .T. ) ;
#4914 = CARTESIAN_POINT ( 'NONE',  ( 0.4663664667453168433, 2.303695630837243158, 3.551000000000009482 ) ) ;
#4915 = SURFACE_SIDE_STYLE ('',( #871 ) ) ;
#4916 = SURFACE_STYLE_FILL_AREA ( #8183 ) ;
#4917 = ORIENTED_EDGE ( 'NONE', *, *, #7835, .T. ) ;
#4918 = UNCERTAINTY_MEASURE_WITH_UNIT (LENGTH_MEASURE( 1.000000000000000082E-05 ), #4059, 'distance_accuracy_value', 'NONE');
#4919 = CARTESIAN_POINT ( 'NONE',  ( -3.310000000000000497, 3.299999999999991385, 6.050000000000012257 ) ) ;
#4920 = LINE ( 'NONE', #1099, #6120 ) ;
#4921 = CARTESIAN_POINT ( 'NONE',  ( 1.020000000000000462, 3.099999999999998757, 3.800000000000011813 ) ) ;
#4922 = ORIENTED_EDGE ( 'NONE', *, *, #6172, .F. ) ;
#4923 = CARTESIAN_POINT ( 'NONE',  ( 0.5276219512195123862, 1.557298018292683439, 3.551000000000006374 ) ) ;
#4924 = ORIENTED_EDGE ( 'NONE', *, *, #2052, .F. ) ;
#4925 = UNCERTAINTY_MEASURE_WITH_UNIT (LENGTH_MEASURE( 1.000000000000000082E-05 ), #3400, 'distance_accuracy_value', 'NONE');
#4926 = CARTESIAN_POINT ( 'NONE',  ( 0.7711884924952604470, 2.349287813674518777, 3.551000000000150258 ) ) ;
#4927 = CARTESIAN_POINT ( 'NONE',  ( 0.4994109318979134682, 2.297406441020362511, 3.551000000000009926 ) ) ;
#4928 = COLOUR_RGB ( '',0.2509803921568627416, 0.2509803921568627416, 0.2509803921568627416 ) ;
#4929 = SURFACE_SIDE_STYLE ('',( #5573 ) ) ;
#4930 = FILL_AREA_STYLE ('',( #3814 ) ) ;
#4931 = ORIENTED_EDGE ( 'NONE', *, *, #7210, .T. ) ;
#4932 =( NAMED_UNIT ( * ) SI_UNIT ( $, .STERADIAN. ) SOLID_ANGLE_UNIT ( ) );
#4933 = ORIENTED_EDGE ( 'NONE', *, *, #547, .T. ) ;
#4934 = CARTESIAN_POINT ( 'NONE',  ( 0.6858536585365855309, 1.622580030487805303, 3.551000000000006818 ) ) ;
#4935 = VECTOR ( 'NONE', #8416, 1000.000000000000114 ) ;
#4936 = SURFACE_STYLE_FILL_AREA ( #2335 ) ;
#4937 = EDGE_CURVE ( 'NONE', #3858, #6446, #8386, .T. ) ;
#4938 = SURFACE_STYLE_USAGE ( .BOTH. , #8119 ) ;
#4939 = DIRECTION ( 'NONE',  ( -1.000000000000000000, 0.0000000000000000000, 0.0000000000000000000 ) ) ;
#4940 = ORIENTED_EDGE ( 'NONE', *, *, #2339, .T. ) ;
#4941 = FILL_AREA_STYLE_COLOUR ( '', #4514 ) ;
#4942 =( NAMED_UNIT ( * ) SI_UNIT ( $, .STERADIAN. ) SOLID_ANGLE_UNIT ( ) );
#4943 = VECTOR ( 'NONE', #933, 1000.000000000000000 ) ;
#4944 = CARTESIAN_POINT ( 'NONE',  ( 0.5673238370142983378, 1.765123344336013034, 3.550000000000009592 ) ) ;
#4945 = LINE ( 'NONE', #8166, #1083 ) ;
#4946 = ORIENTED_EDGE ( 'NONE', *, *, #3422, .F. ) ;
#4947 = ORIENTED_EDGE ( 'NONE', *, *, #4003, .F. ) ;
#4948 = EDGE_LOOP ( 'NONE', ( #3364, #3442, #2067, #1135 ) ) ;
#4949 = LINE ( 'NONE', #7590, #7471 ) ;
#4950 = LINE ( 'NONE', #6860, #7079 ) ;
#4951 = ADVANCED_FACE ( 'NONE', ( #5074 ), #8437, .T. ) ;
#4952 = CARTESIAN_POINT ( 'NONE',  ( 0.7407317073170731625, 2.313586128048780388, 3.551000000000009482 ) ) ;
#4953 = PLANE ( 'NONE',  #2977 ) ;
#4954 = ORIENTED_EDGE ( 'NONE', *, *, #4639, .F. ) ;
#4955 = ORIENTED_EDGE ( 'NONE', *, *, #2917, .F. ) ;
#4956 = VECTOR ( 'NONE', #6676, 1000.000000000000000 ) ;
#4957 = SURFACE_STYLE_USAGE ( .BOTH. , #2364 ) ;
#4958 = LINE ( 'NONE', #1059, #3502 ) ;
#4959 = FACE_OUTER_BOUND ( 'NONE', #3548, .T. ) ;
#4960 = LINE ( 'NONE', #338, #1756 ) ;
#4961 = EDGE_LOOP ( 'NONE', ( #1250, #2992, #4583, #1291 ) ) ;
#4962 = SURFACE_SIDE_STYLE ('',( #3972 ) ) ;
#4963 = CARTESIAN_POINT ( 'NONE',  ( -0.3200000000000000067, 5.200000000000008171, 1.050000000000022693 ) ) ;
#4964 = CARTESIAN_POINT ( 'NONE',  ( 0.7406323778919081668, 2.317440130552145039, 3.551000000000009038 ) ) ;
#4965 = VECTOR ( 'NONE', #4174, 1000.000000000000000 ) ;
#4966 =( GEOMETRIC_REPRESENTATION_CONTEXT ( 3 ) GLOBAL_UNCERTAINTY_ASSIGNED_CONTEXT ( ( #4491 ) ) GLOBAL_UNIT_ASSIGNED_CONTEXT ( ( #223, #885, #1431 ) ) REPRESENTATION_CONTEXT ( 'NONE', 'WORKASPACE' ) );
#4967 = CARTESIAN_POINT ( 'NONE',  ( 0.5065853658536588755, 1.561928353658537105, 3.551000000000007262 ) ) ;
#4968 =( LENGTH_UNIT ( ) NAMED_UNIT ( * ) SI_UNIT ( .MILLI., .METRE. ) );
#4969 = ORIENTED_EDGE ( 'NONE', *, *, #511, .T. ) ;
#4970 = PRESENTATION_LAYER_ASSIGNMENT (  '', '', ( #4826 ) ) ;
#4971 = LINE ( 'NONE', #1708, #6226 ) ;
#4972 =( NAMED_UNIT ( * ) SI_UNIT ( $, .STERADIAN. ) SOLID_ANGLE_UNIT ( ) );
#4973 = ORIENTED_EDGE ( 'NONE', *, *, #4262, .T. ) ;
#4974 =( NAMED_UNIT ( * ) PLANE_ANGLE_UNIT ( ) SI_UNIT ( $, .RADIAN. ) );
#4975 = PRESENTATION_LAYER_ASSIGNMENT (  '', '', ( #6916 ) ) ;
#4976 = COLOUR_RGB ( '',0.7529411764705882248, 0.7529411764705882248, 0.7529411764705882248 ) ;
#4977 = DIRECTION ( 'NONE',  ( -0.0000000000000000000, 3.491481338843133355E-15, -1.000000000000000000 ) ) ;
#4978 = ORIENTED_EDGE ( 'NONE', *, *, #428, .T. ) ;
#4979 = COLOUR_RGB ( '',0.7529411764705882248, 0.7529411764705882248, 0.7529411764705882248 ) ;
#4980 = EDGE_CURVE ( 'NONE', #3168, #3978, #7784, .T. ) ;
#4981 = CARTESIAN_POINT ( 'NONE',  ( -2.220000000000000195, 3.099999999999996536, 4.480000000000011084 ) ) ;
#4982 = CARTESIAN_POINT ( 'NONE',  ( 0.5431513744527264320, 1.734218356083071733, 3.550000000000006928 ) ) ;
#4983 = EDGE_LOOP ( 'NONE', ( #3525, #3975, #2302, #7028 ) ) ;
#4984 =( LENGTH_UNIT ( ) NAMED_UNIT ( * ) SI_UNIT ( .MILLI., .METRE. ) );
#4985 =( NAMED_UNIT ( * ) PLANE_ANGLE_UNIT ( ) SI_UNIT ( $, .RADIAN. ) );
#4986 = VERTEX_POINT ( 'NONE', #4454 ) ;
#4987 = DIRECTION ( 'NONE',  ( -0.0000000000000000000, 3.491481338843133355E-15, -1.000000000000000000 ) ) ;
#4988 = LINE ( 'NONE', #4908, #65 ) ;
#4989 = CARTESIAN_POINT ( 'NONE',  ( 2.860000000000000320, 3.879999999999996785, 4.480000000000012861 ) ) ;
#4990 = SURFACE_STYLE_FILL_AREA ( #6947 ) ;
#4991 = ORIENTED_EDGE ( 'NONE', *, *, #1987, .T. ) ;
#4992 = CARTESIAN_POINT ( 'NONE',  ( 0.6170846036585366789, 1.757317073170731936, 3.550000000000006928 ) ) ;
#4993 = EDGE_CURVE ( 'NONE', #1039, #1522, #1156, .T. ) ;
#4994 = CARTESIAN_POINT ( 'NONE',  ( 2.678014882866899260, 5.200000000000009948, 0.5500000000000192513 ) ) ;
#4995 = CARTESIAN_POINT ( 'NONE',  ( 0.7700000000000001288, 2.017073170731706888, 3.551000000000008150 ) ) ;
#4996 = PRESENTATION_STYLE_ASSIGNMENT (( #6992 ) ) ;
#4997 = ORIENTED_EDGE ( 'NONE', *, *, #7421, .T. ) ;
#4998 = AXIS2_PLACEMENT_3D ( 'NONE', #4135, #2281, #8060 ) ;
#4999 = FACE_OUTER_BOUND ( 'NONE', #6867, .T. ) ;
#5000 = ORIENTED_EDGE ( 'NONE', *, *, #6819, .F. ) ;
#5001 = UNCERTAINTY_MEASURE_WITH_UNIT (LENGTH_MEASURE( 1.000000000000000082E-05 ), #2863, 'distance_accuracy_value', 'NONE');
#5002 = LINE ( 'NONE', #3050, #2164 ) ;
#5003 = ORIENTED_EDGE ( 'NONE', *, *, #3964, .T. ) ;
#5004 = PRESENTATION_STYLE_ASSIGNMENT (( #5646 ) ) ;
#5005 = AXIS2_PLACEMENT_3D ( 'NONE', #5617, #2333, #3653 ) ;
#5006 = DIRECTION ( 'NONE',  ( -1.000000000000000000, 0.0000000000000000000, 0.0000000000000000000 ) ) ;
#5007 = CARTESIAN_POINT ( 'NONE',  ( 0.6275875812209266158, 2.419428849166913142, 3.550000000000009148 ) ) ;
#5008 = AXIS2_PLACEMENT_3D ( 'NONE', #6150, #2907, #7536 ) ;
#5009 = VECTOR ( 'NONE', #7071, 1000.000000000000000 ) ;
#5010 = EDGE_CURVE ( 'NONE', #6203, #1549, #4360, .T. ) ;
#5011 = COLOUR_RGB ( '',0.2509803921568627416, 0.2509803921568627416, 0.2509803921568627416 ) ;
#5012 = VECTOR ( 'NONE', #4153, 1000.000000000000000 ) ;
#5013 = CARTESIAN_POINT ( 'NONE',  ( 0.7112312225487014139, 2.438425512497220282, 3.551000000000152479 ) ) ;
#5014 =( LENGTH_UNIT ( ) NAMED_UNIT ( * ) SI_UNIT ( .MILLI., .METRE. ) );
#5015 = DIRECTION ( 'NONE',  ( 0.0000000000000000000, -1.000000000000000000, -3.491481338843133355E-15 ) ) ;
#5016 = SURFACE_SIDE_STYLE ('',( #7570 ) ) ;
#5017 = DIRECTION ( 'NONE',  ( -1.000000000000000000, 0.0000000000000000000, 0.0000000000000000000 ) ) ;
#5018 =( GEOMETRIC_REPRESENTATION_CONTEXT ( 3 ) GLOBAL_UNCERTAINTY_ASSIGNED_CONTEXT ( ( #6291 ) ) GLOBAL_UNIT_ASSIGNED_CONTEXT ( ( #7223, #4662, #825 ) ) REPRESENTATION_CONTEXT ( 'NONE', 'WORKASPACE' ) );
#5019 = CARTESIAN_POINT ( 'NONE',  ( 0.6330010317927220465, 1.717430021897416559, 3.551000000000007262 ) ) ;
#5020 = CARTESIAN_POINT ( 'NONE',  ( 0.7544512195121951814, 2.236585365853658303, 3.551000000000009038 ) ) ;
#5021 = ADVANCED_FACE ( 'NONE', ( #1847 ), #530, .F. ) ;
#5022 = FILL_AREA_STYLE_COLOUR ( '', #3987 ) ;
#5023 = VECTOR ( 'NONE', #5733, 1000.000000000000114 ) ;
#5024 =( NAMED_UNIT ( * ) PLANE_ANGLE_UNIT ( ) SI_UNIT ( $, .RADIAN. ) );
#5025 = PRESENTATION_LAYER_ASSIGNMENT (  '', '', ( #4743 ) ) ;
#5026 =( NAMED_UNIT ( * ) PLANE_ANGLE_UNIT ( ) SI_UNIT ( $, .RADIAN. ) );
#5027 = COLOUR_RGB ( '',0.2509803921568627416, 0.2509803921568627416, 0.2509803921568627416 ) ;
#5028 = EDGE_LOOP ( 'NONE', ( #6009, #4441, #8312, #4020 ) ) ;
#5029 =( NAMED_UNIT ( * ) PLANE_ANGLE_UNIT ( ) SI_UNIT ( $, .RADIAN. ) );
#5030 = DIRECTION ( 'NONE',  ( 0.7071067811865479058, -2.468850131082264949E-15, 0.7071067811865472397 ) ) ;
#5031 = CARTESIAN_POINT ( 'NONE',  ( 2.860000000000000320, 3.879999999999999005, 3.800000000000013589 ) ) ;
#5032 =( GEOMETRIC_REPRESENTATION_CONTEXT ( 3 ) GLOBAL_UNCERTAINTY_ASSIGNED_CONTEXT ( ( #6920 ) ) GLOBAL_UNIT_ASSIGNED_CONTEXT ( ( #2316, #6905, #4911 ) ) REPRESENTATION_CONTEXT ( 'NONE', 'WORKASPACE' ) );
#5033 = ORIENTED_EDGE ( 'NONE', *, *, #830, .F. ) ;
#5034 = CARTESIAN_POINT ( 'NONE',  ( 0.7466357773737909431, 1.785578649881135238, 3.550000000000007816 ) ) ;
#5035 = FILL_AREA_STYLE ('',( #6941 ) ) ;
#5036 = VERTEX_POINT ( 'NONE', #7357 ) ;
#5037 = EDGE_LOOP ( 'NONE', ( #7091, #7657, #305, #7353, #4365, #2951 ) ) ;
#5038 = ADVANCED_FACE ( 'NONE', ( #7987 ), #2696, .T. ) ;
#5039 = FILL_AREA_STYLE_COLOUR ( '', #4979 ) ;
#5040 = DIRECTION ( 'NONE',  ( 0.0000000000000000000, 0.0000000000000000000, 1.000000000000000000 ) ) ;
#5041 = DIRECTION ( 'NONE',  ( -0.0000000000000000000, 1.000000000000000000, 3.491481338843133355E-15 ) ) ;
#5042 = SURFACE_STYLE_USAGE ( .BOTH. , #498 ) ;
#5043 = FILL_AREA_STYLE ('',( #4553 ) ) ;
#5044 =( NAMED_UNIT ( * ) PLANE_ANGLE_UNIT ( ) SI_UNIT ( $, .RADIAN. ) );
#5045 = DIRECTION ( 'NONE',  ( 0.0000000000000000000, -3.891802140991627604E-15, 1.000000000000000000 ) ) ;
#5046 = VERTEX_POINT ( 'NONE', #3346 ) ;
#5047 = ORIENTED_EDGE ( 'NONE', *, *, #8426, .T. ) ;
#5048 = EDGE_LOOP ( 'NONE', ( #6090, #4955, #2104, #185 ) ) ;
#5049 = EDGE_CURVE ( 'NONE', #1290, #7479, #1437, .T. ) ;
#5050 = CARTESIAN_POINT ( 'NONE',  ( 0.5018281051884747601, 2.279010535097945933, 3.550000000000008260 ) ) ;
#5051 = CARTESIAN_POINT ( 'NONE',  ( 0.7700000000000000178, 0.7999999999999997113, 3.550000000000003819 ) ) ;
#5052 = LINE ( 'NONE', #1401, #3699 ) ;
#5053 = CARTESIAN_POINT ( 'NONE',  ( -1.770000000000000018, 0.7999999999999997113, 3.550000000000003819 ) ) ;
#5054 = ORIENTED_EDGE ( 'NONE', *, *, #4383, .T. ) ;
#5055 = DIRECTION ( 'NONE',  ( 0.3236155771181811747, -0.8891264907159914799, 0.3236155771181792873 ) ) ;
#5056 = DIRECTION ( 'NONE',  ( -0.9406672605435404400, 0.3393303772748775815, 0.0000000000000000000 ) ) ;
#5057 = EDGE_CURVE ( 'NONE', #3703, #3114, #5358, .T. ) ;
#5058 = LINE ( 'NONE', #641, #3663 ) ;
#5059 =( NAMED_UNIT ( * ) SI_UNIT ( $, .STERADIAN. ) SOLID_ANGLE_UNIT ( ) );
#5060 = CARTESIAN_POINT ( 'NONE',  ( 3.310000000000000497, 0.7999999999999997113, 3.550000000000003819 ) ) ;
#5061 = PRESENTATION_STYLE_ASSIGNMENT (( #2598 ) ) ;
#5062 = ORIENTED_EDGE ( 'NONE', *, *, #7369, .T. ) ;
#5063 = ORIENTED_EDGE ( 'NONE', *, *, #4112, .F. ) ;
#5064 = ADVANCED_FACE ( 'NONE', ( #6613 ), #177, .F. ) ;
#5065 = DIRECTION ( 'NONE',  ( 0.0000000000000000000, 1.000000000000000000, 3.491481338843133355E-15 ) ) ;
#5066 =( NAMED_UNIT ( * ) PLANE_ANGLE_UNIT ( ) SI_UNIT ( $, .RADIAN. ) );
#5067 = CARTESIAN_POINT ( 'NONE',  ( -2.678014882866899704, 4.741985117133110883, 0.5500000000000174749 ) ) ;
#5068 = CARTESIAN_POINT ( 'NONE',  ( 0.7700000000000000178, 1.695121951219512368, 3.550000000000006928 ) ) ;
#5069 = FILL_AREA_STYLE ('',( #1350 ) ) ;
#5070 = LINE ( 'NONE', #4404, #4545 ) ;
#5071 = ORIENTED_EDGE ( 'NONE', *, *, #3689, .T. ) ;
#5072 = ADVANCED_FACE ( 'NONE', ( #229 ), #3899, .T. ) ;
#5073 = FILL_AREA_STYLE ('',( #1846 ) ) ;
#5074 = FACE_OUTER_BOUND ( 'NONE', #1400, .T. ) ;
#5075 = EDGE_LOOP ( 'NONE', ( #58, #5000, #3670, #4917 ) ) ;
#5076 = CARTESIAN_POINT ( 'NONE',  ( 0.7172983205343077540, 1.751144178569174592, 3.551000000000008594 ) ) ;
#5077 = CARTESIAN_POINT ( 'NONE',  ( 0.4703637171774835979, 1.857557583241226107, 3.550000000000008260 ) ) ;
#5078 = CARTESIAN_POINT ( 'NONE',  ( -2.401985117133101255, -5.200000000000002842, 4.479999999999982663 ) ) ;
#5079 = DIRECTION ( 'NONE',  ( -1.000000000000000000, 0.0000000000000000000, 0.0000000000000000000 ) ) ;
#5080 = LINE ( 'NONE', #5160, #6131 ) ;
#5081 = FACE_OUTER_BOUND ( 'NONE', #4156, .T. ) ;
#5082 = VERTEX_POINT ( 'NONE', #892 ) ;
#5083 = VERTEX_POINT ( 'NONE', #5447 ) ;
#5084 = DIRECTION ( 'NONE',  ( 0.0000000000000000000, -3.491481338843133355E-15, 1.000000000000000000 ) ) ;
#5085 = VECTOR ( 'NONE', #7185, 1000.000000000000000 ) ;
#5086 = ORIENTED_EDGE ( 'NONE', *, *, #5797, .F. ) ;
#5087 = DIRECTION ( 'NONE',  ( 0.0000000000000000000, 1.000000000000000000, 3.491481338843133355E-15 ) ) ;
#5088 = CARTESIAN_POINT ( 'NONE',  ( 0.4995271055064803289, 2.318877482003919077, 3.551000000000009038 ) ) ;
#5089 = FILL_AREA_STYLE_COLOUR ( '', #1345 ) ;
#5090 = EDGE_CURVE ( 'NONE', #8037, #364, #2989, .T. ) ;
#5091 = SURFACE_STYLE_USAGE ( .BOTH. , #6479 ) ;
#5092 = CARTESIAN_POINT ( 'NONE',  ( 0.6256592987804878714, 2.459756097560975352, 3.550000000000009592 ) ) ;
#5093 = VECTOR ( 'NONE', #5250, 1000.000000000000000 ) ;
#5094 = VECTOR ( 'NONE', #1728, 1000.000000000000000 ) ;
#5095 = ORIENTED_EDGE ( 'NONE', *, *, #5790, .F. ) ;
#5096 = CARTESIAN_POINT ( 'NONE',  ( 0.7360474922797246577, 2.272255769887891574, 3.551000000000008594 ) ) ;
#5097 = CARTESIAN_POINT ( 'NONE',  ( 0.7370731707317075276, 2.598780487804878359, 3.551000000000010370 ) ) ;
#5098 = COLOUR_RGB ( '',0.2509803921568627416, 0.2509803921568627416, 0.2509803921568627416 ) ;
#5099 = MECHANICAL_DESIGN_GEOMETRIC_PRESENTATION_REPRESENTATION (  '', ( #1841 ), #2667 ) ;
#5100 = ORIENTED_EDGE ( 'NONE', *, *, #521, .F. ) ;
#5101 = ADVANCED_FACE ( 'NONE', ( #8155 ), #7532, .F. ) ;
#5102 = CARTESIAN_POINT ( 'NONE',  ( 0.6790415143094963302, 1.728019774363149574, 3.551000000000009038 ) ) ;
#5103 = DIRECTION ( 'NONE',  ( 0.0000000000000000000, -3.491481338843133355E-15, 1.000000000000000000 ) ) ;
#5104 = CARTESIAN_POINT ( 'NONE',  ( 0.0000000000000000000, -1.913144617288613557E-14, 3.550999999999997492 ) ) ;
#5105 = STYLED_ITEM ( 'NONE', ( #6238 ), #5736 ) ;
#5106 = AXIS2_PLACEMENT_3D ( 'NONE', #8361, #5161, #5854 ) ;
#5107 = VECTOR ( 'NONE', #4008, 1000.000000000000000 ) ;
#5108 = EDGE_CURVE ( 'NONE', #917, #3953, #6930, .T. ) ;
#5109 = PLANE ( 'NONE',  #3890 ) ;
#5110 = CARTESIAN_POINT ( 'NONE',  ( 0.3200000000000000067, 3.879999999999999005, 3.800000000000013589 ) ) ;
#5111 = FILL_AREA_STYLE_COLOUR ( '', #3116 ) ;
#5112 = DIRECTION ( 'NONE',  ( 0.0000000000000000000, -1.000000000000000000, -3.491481338843133355E-15 ) ) ;
#5113 = VECTOR ( 'NONE', #2113, 1000.000000000000000 ) ;
#5114 = SURFACE_STYLE_FILL_AREA ( #7823 ) ;
#5115 = ORIENTED_EDGE ( 'NONE', *, *, #2142, .F. ) ;
#5116 = ORIENTED_EDGE ( 'NONE', *, *, #7534, .T. ) ;
#5117 = CARTESIAN_POINT ( 'NONE',  ( 0.4797000553973438386, 1.812159751349704750, 3.551000000000006374 ) ) ;
#5118 = VECTOR ( 'NONE', #1361, 1000.000000000000000 ) ;
#5119 = CARTESIAN_POINT ( 'NONE',  ( 0.5276219512195123862, 1.567701981707317227, 3.551000000000006818 ) ) ;
#5120 = DIRECTION ( 'NONE',  ( -0.0000000000000000000, 1.000000000000000000, 3.491481338843133355E-15 ) ) ;
#5121 = PRESENTATION_STYLE_ASSIGNMENT (( #2532 ) ) ;
#5122 = DIRECTION ( 'NONE',  ( 0.0000000000000000000, -1.000000000000000000, -3.491481338843133355E-15 ) ) ;
#5123 = SURFACE_STYLE_FILL_AREA ( #697 ) ;
#5124 = PRESENTATION_STYLE_ASSIGNMENT (( #3714 ) ) ;
#5125 = MECHANICAL_DESIGN_GEOMETRIC_PRESENTATION_REPRESENTATION (  '', ( #2003 ), #8296 ) ;
#5126 = EDGE_CURVE ( 'NONE', #6610, #7411, #1945, .T. ) ;
#5127 = CARTESIAN_POINT ( 'NONE',  ( 0.5045225916976507907, 1.849241557259418300, 3.550000000000007372 ) ) ;
#5128 = SURFACE_SIDE_STYLE ('',( #7122 ) ) ;
#5129 = FILL_AREA_STYLE ('',( #3763 ) ) ;
#5130 = ORIENTED_EDGE ( 'NONE', *, *, #4639, .T. ) ;
#5131 = FILL_AREA_STYLE_COLOUR ( '', #4751 ) ;
#5132 = CARTESIAN_POINT ( 'NONE',  ( -1.020000000000000462, 1.084435562925354368, 5.800000000000005151 ) ) ;
#5133 = SURFACE_STYLE_USAGE ( .BOTH. , #2545 ) ;
#5134 = LINE ( 'NONE', #3053, #6064 ) ;
#5135 = EDGE_CURVE ( 'NONE', #4269, #2150, #7011, .T. ) ;
#5136 = VECTOR ( 'NONE', #1657, 1000.000000000000000 ) ;
#5137 = CARTESIAN_POINT ( 'NONE',  ( 0.7300264730925146717, 2.253676545799250253, 3.550000000000007816 ) ) ;
#5138 = PRESENTATION_STYLE_ASSIGNMENT (( #2553 ) ) ;
#5139 = VECTOR ( 'NONE', #4772, 1000.000000000000114 ) ;
#5140 = CARTESIAN_POINT ( 'NONE',  ( 0.7597372439560977631, 1.812957306678017133, 3.551000000000007262 ) ) ;
#5141 = VECTOR ( 'NONE', #3276, 1000.000000000000000 ) ;
#5142 = MECHANICAL_DESIGN_GEOMETRIC_PRESENTATION_REPRESENTATION (  '', ( #3365 ), #1468 ) ;
#5143 = CARTESIAN_POINT ( 'NONE',  ( 0.7700000000000000178, 1.876962652439024604, 3.550000000000007372 ) ) ;
#5144 = SURFACE_SIDE_STYLE ('',( #791 ) ) ;
#5145 = AXIS2_PLACEMENT_3D ( 'NONE', #3199, #2519, #2563 ) ;
#5146 = ORIENTED_EDGE ( 'NONE', *, *, #1743, .F. ) ;
#5147 = EDGE_CURVE ( 'NONE', #2417, #6240, #1230, .T. ) ;
#5148 = CARTESIAN_POINT ( 'NONE',  ( -2.220000000000000195, 3.879999999999999005, 3.800000000000013589 ) ) ;
#5149 = CARTESIAN_POINT ( 'NONE',  ( 0.5184756097560976329, 2.236585365853658303, 3.551000000000009038 ) ) ;
#5150 = AXIS2_PLACEMENT_3D ( 'NONE', #4664, #7300, #4701 ) ;
#5151 = VECTOR ( 'NONE', #5411, 1000.000000000000000 ) ;
#5152 = SURFACE_SIDE_STYLE ('',( #1155 ) ) ;
#5153 = CARTESIAN_POINT ( 'NONE',  ( 2.220000000000000195, -5.200000000000002842, 4.479999999999982663 ) ) ;
#5154 = DIRECTION ( 'NONE',  ( 0.0000000000000000000, 3.891802140991627604E-15, -1.000000000000000000 ) ) ;
#5155 = VERTEX_POINT ( 'NONE', #3150 ) ;
#5156 = PLANE ( 'NONE',  #6200 ) ;
#5157 = AXIS2_PLACEMENT_3D ( 'NONE', #3938, #6571, #5228 ) ;
#5158 = STYLED_ITEM ( 'NONE', ( #2285 ), #7790 ) ;
#5159 = EDGE_CURVE ( 'NONE', #362, #4024, #7736, .T. ) ;
#5160 = CARTESIAN_POINT ( 'NONE',  ( -2.220000000000000195, -5.200000000000004619, 4.661985117133083278 ) ) ;
#5161 = DIRECTION ( 'NONE',  ( 0.0000000000000000000, -0.9396926207859107594, 0.3420201433256621071 ) ) ;
#5162 = AXIS2_PLACEMENT_3D ( 'NONE', #4565, #2746, #4697 ) ;
#5163 = EDGE_CURVE ( 'NONE', #629, #2236, #606, .T. ) ;
#5164 = LINE ( 'NONE', #1944, #5282 ) ;
#5165 = CARTESIAN_POINT ( 'NONE',  ( 0.4708473264982486195, 2.259679599107410120, 3.550000000000010925 ) ) ;
#5166 = ORIENTED_EDGE ( 'NONE', *, *, #3547, .T. ) ;
#5167 = ORIENTED_EDGE ( 'NONE', *, *, #7210, .F. ) ;
#5168 = LINE ( 'NONE', #667, #565 ) ;
#5169 =( LENGTH_UNIT ( ) NAMED_UNIT ( * ) SI_UNIT ( .MILLI., .METRE. ) );
#5170 = EDGE_CURVE ( 'NONE', #193, #4287, #3739, .T. ) ;
#5171 =( LENGTH_UNIT ( ) NAMED_UNIT ( * ) SI_UNIT ( .MILLI., .METRE. ) );
#5172 = CARTESIAN_POINT ( 'NONE',  ( 0.7396279724908176867, 2.292287063778521983, 3.550000000000008704 ) ) ;
#5173 = STYLED_ITEM ( 'NONE', ( #4742 ), #46 ) ;
#5174 = CARTESIAN_POINT ( 'NONE',  ( 0.3200000000000000067, -4.699999999999999289, 4.479999999999984439 ) ) ;
#5175 = LINE ( 'NONE', #85, #3998 ) ;
#5176 =( NAMED_UNIT ( * ) SI_UNIT ( $, .STERADIAN. ) SOLID_ANGLE_UNIT ( ) );
#5177 = CARTESIAN_POINT ( 'NONE',  ( 1.519999999999999574, 3.099999999999991651, 5.800000000000011369 ) ) ;
#5178 = CARTESIAN_POINT ( 'NONE',  ( 0.7689851138769089323, 2.273782808123950172, 3.550000000000009592 ) ) ;
#5179 = ORIENTED_EDGE ( 'NONE', *, *, #6411, .F. ) ;
#5180 = DIRECTION ( 'NONE',  ( -0.0000000000000000000, 1.000000000000000000, 3.491481338843133355E-15 ) ) ;
#5181 = CARTESIAN_POINT ( 'NONE',  ( 0.5276219512195123862, 1.567701981707317227, 3.551000000000006818 ) ) ;
#5182 = FILL_AREA_STYLE ('',( #7190 ) ) ;
#5183 =( GEOMETRIC_REPRESENTATION_CONTEXT ( 3 ) GLOBAL_UNCERTAINTY_ASSIGNED_CONTEXT ( ( #7727 ) ) GLOBAL_UNIT_ASSIGNED_CONTEXT ( ( #2466, #4442, #7057 ) ) REPRESENTATION_CONTEXT ( 'NONE', 'WORKASPACE' ) );
#5184 = LINE ( 'NONE', #1967, #4511 ) ;
#5185 = DIRECTION ( 'NONE',  ( -1.000000000000000000, -0.0000000000000000000, 0.0000000000000000000 ) ) ;
#5186 = EDGE_CURVE ( 'NONE', #3992, #4090, #1189, .T. ) ;
#5187 = LINE ( 'NONE', #3900, #4257 ) ;
#5188 = DIRECTION ( 'NONE',  ( 0.0000000000000000000, 1.000000000000000000, 3.491481338843133355E-15 ) ) ;
#5189 = UNCERTAINTY_MEASURE_WITH_UNIT (LENGTH_MEASURE( 1.000000000000000082E-05 ), #4325, 'distance_accuracy_value', 'NONE');
#5190 =( GEOMETRIC_REPRESENTATION_CONTEXT ( 3 ) GLOBAL_UNCERTAINTY_ASSIGNED_CONTEXT ( ( #6641 ) ) GLOBAL_UNIT_ASSIGNED_CONTEXT ( ( #4223, #3014, #3641 ) ) REPRESENTATION_CONTEXT ( 'NONE', 'WORKASPACE' ) );
#5191 =( LENGTH_UNIT ( ) NAMED_UNIT ( * ) SI_UNIT ( .MILLI., .METRE. ) );
#5192 = CARTESIAN_POINT ( 'NONE',  ( 2.540000000000000036, 0.7999999999999940492, 5.120000000000002771 ) ) ;
#5193 = LINE ( 'NONE', #8070, #257 ) ;
#5194 = FILL_AREA_STYLE_COLOUR ( '', #784 ) ;
#5195 = SURFACE_SIDE_STYLE ('',( #186 ) ) ;
#5196 = CARTESIAN_POINT ( 'NONE',  ( 0.5065853658536588755, 1.561928353658537105, 3.550000000000006928 ) ) ;
#5197 = DIRECTION ( 'NONE',  ( 0.0000000000000000000, -1.000000000000000000, -3.491481338843133355E-15 ) ) ;
#5198 = SURFACE_STYLE_FILL_AREA ( #7673 ) ;
#5199 = ADVANCED_FACE ( 'NONE', ( #7777 ), #8382, .F. ) ;
#5200 = ORIENTED_EDGE ( 'NONE', *, *, #8267, .F. ) ;
#5201 = CARTESIAN_POINT ( 'NONE',  ( 0.7538460923732178687, 1.798870163349097551, 3.550000000000006928 ) ) ;
#5202 = EDGE_CURVE ( 'NONE', #2342, #1557, #6727, .T. ) ;
#5203 = DIRECTION ( 'NONE',  ( 1.000000000000000000, 0.0000000000000000000, -0.0000000000000000000 ) ) ;
#5204 = ORIENTED_EDGE ( 'NONE', *, *, #4842, .F. ) ;
#5205 = PRESENTATION_LAYER_ASSIGNMENT (  '', '', ( #6177 ) ) ;
#5206 = CARTESIAN_POINT ( 'NONE',  ( 0.6232012195121952036, 2.419512195121951148, 3.551000000000009482 ) ) ;
#5207 =( GEOMETRIC_REPRESENTATION_CONTEXT ( 3 ) GLOBAL_UNCERTAINTY_ASSIGNED_CONTEXT ( ( #6300 ) ) GLOBAL_UNIT_ASSIGNED_CONTEXT ( ( #1306, #4985, #2956 ) ) REPRESENTATION_CONTEXT ( 'NONE', 'WORKASPACE' ) );
#5208 = DIRECTION ( 'NONE',  ( 0.7071067811865475727, -2.468850131082265344E-15, 0.7071067811865475727 ) ) ;
#5209 = LINE ( 'NONE', #3291, #4474 ) ;
#5210 = CARTESIAN_POINT ( 'NONE',  ( -0.3200000000000000067, -5.200000000000006395, 5.119999999999982343 ) ) ;
#5212 = CARTESIAN_POINT ( 'NONE',  ( -1.769999999999999796, 3.299999999999991385, 6.050000000000012257 ) ) ;
#5211 = VECTOR ( 'NONE', #3393, 1000.000000000000000 ) ;
#5213 = COLOUR_RGB ( '',0.7529411764705882248, 0.7529411764705882248, 0.7529411764705882248 ) ;
#5214 =( NAMED_UNIT ( * ) PLANE_ANGLE_UNIT ( ) SI_UNIT ( $, .RADIAN. ) );
#5215 = PRESENTATION_STYLE_ASSIGNMENT (( #677 ) ) ;
#5216 = B_SPLINE_SURFACE_WITH_KNOTS ( 'NONE', 3, 1, ( 
 ( #2729, #3617 ),
 ( #4926, #6876 ),
 ( #7614, #4233 ),
 ( #5528, #3057 ),
 ( #8239, #4883 ),
 ( #8104, #7568 ),
 ( #6924, #8148 ),
 ( #5656, #467 ),
 ( #1026, #6835 ),
 ( #2377, #3526 ),
 ( #5013, #435 ),
 ( #7525, #6968 ),
 ( #6218, #391 ),
 ( #2981, #6137 ),
 ( #1109, #978 ),
 ( #5571, #6173 ),
 ( #1567, #304 ),
 ( #2895, #5476 ) ),
 .UNSPECIFIED., .F., .F., .F.,
 ( 4, 1, 1, 1, 1, 1, 1, 1, 1, 1, 1, 1, 1, 1, 1, 4 ),
 ( 2, 2 ),
 ( 0.1309835080574605071, 0.1326688954490675976, 0.1950705264521366555, 0.2556086712886455059, 0.3148315357450780505, 0.3734254151318252002, 0.4325732796242884315, 0.4922844451246911612, 0.5525311382752629008, 0.6123789528069560895, 0.6724822110039969658, 0.7338115657770718503, 0.7965737547970178634, 0.8614358467332340341, 0.9291918124022552350, 0.9999999999999998890 ),
 ( 0.0000000000000000000, 1.000000000000000000 ),
 .UNSPECIFIED. ) ;
#5217 = COLOUR_RGB ( '',0.7529411764705882248, 0.7529411764705882248, 0.7529411764705882248 ) ;
#5218 = PRESENTATION_LAYER_ASSIGNMENT (  '', '', ( #3456 ) ) ;
#5219 = LINE ( 'NONE', #123, #7718 ) ;
#5220 = DIRECTION ( 'NONE',  ( 1.000000000000000000, 0.0000000000000000000, -0.0000000000000000000 ) ) ;
#5221 = CARTESIAN_POINT ( 'NONE',  ( 0.0000000000000000000, 0.0000000000000000000, 0.0000000000000000000 ) ) ;
#5222 = EDGE_CURVE ( 'NONE', #685, #3170, #5219, .T. ) ;
#5223 = ORIENTED_EDGE ( 'NONE', *, *, #6892, .F. ) ;
#5224 = AXIS2_PLACEMENT_3D ( 'NONE', #7478, #2327, #254 ) ;
#5225 = MECHANICAL_DESIGN_GEOMETRIC_PRESENTATION_REPRESENTATION (  '', ( #221 ), #4966 ) ;
#5226 = DIRECTION ( 'NONE',  ( 0.0000000000000000000, 3.891802140991627604E-15, -1.000000000000000000 ) ) ;
#5227 = ORIENTED_EDGE ( 'NONE', *, *, #1976, .T. ) ;
#5228 = DIRECTION ( 'NONE',  ( -1.000000000000000000, 0.0000000000000000000, 0.0000000000000000000 ) ) ;
#5229 = CARTESIAN_POINT ( 'NONE',  ( 1.270000000000000240, 3.099999999999998312, 4.050000000000012257 ) ) ;
#5230 = PRESENTATION_LAYER_ASSIGNMENT (  '', '', ( #2666 ) ) ;
#5231 = VECTOR ( 'NONE', #509, 1000.000000000000000 ) ;
#5232 = CARTESIAN_POINT ( 'NONE',  ( 0.4832167518248309257, 2.381168834625355224, 3.551000000000009926 ) ) ;
#5233 = CARTESIAN_POINT ( 'NONE',  ( 0.4700000000000001954, 2.178048780487804148, 3.551000000000009038 ) ) ;
#5234 = ORIENTED_EDGE ( 'NONE', *, *, #6483, .T. ) ;
#5235 = ORIENTED_EDGE ( 'NONE', *, *, #2412, .T. ) ;
#5236 = EDGE_CURVE ( 'NONE', #7474, #666, #164, .T. ) ;
#5237 =( LENGTH_UNIT ( ) NAMED_UNIT ( * ) SI_UNIT ( .MILLI., .METRE. ) );
#5238 = COLOUR_RGB ( '',0.2509803921568627416, 0.2509803921568627416, 0.2509803921568627416 ) ;
#5239 = DIRECTION ( 'NONE',  ( -1.000000000000000000, 5.047295537021763909E-31, -1.445602896647339163E-16 ) ) ;
#5240 =( NAMED_UNIT ( * ) SI_UNIT ( $, .STERADIAN. ) SOLID_ANGLE_UNIT ( ) );
#5241 = SURFACE_SIDE_STYLE ('',( #7999 ) ) ;
#5242 = ORIENTED_EDGE ( 'NONE', *, *, #4293, .F. ) ;
#5243 = STYLED_ITEM ( 'NONE', ( #3755 ), #6422 ) ;
#5244 = CARTESIAN_POINT ( 'NONE',  ( -2.401985117133101255, 5.018014882866909332, 0.5500000000000183631 ) ) ;
#5245 = ADVANCED_FACE ( 'NONE', ( #4019 ), #7941, .F. ) ;
#5246 = ORIENTED_EDGE ( 'NONE', *, *, #2925, .T. ) ;
#5247 = SURFACE_STYLE_USAGE ( .BOTH. , #6589 ) ;
#5248 = COLOUR_RGB ( '',0.2509803921568627416, 0.2509803921568627416, 0.2509803921568627416 ) ;
#5249 =( LENGTH_UNIT ( ) NAMED_UNIT ( * ) SI_UNIT ( .MILLI., .METRE. ) );
#5250 = DIRECTION ( 'NONE',  ( 1.000000000000000000, 0.0000000000000000000, 0.0000000000000000000 ) ) ;
#5251 = STYLED_ITEM ( 'NONE', ( #40 ), #6692 ) ;
#5252 = CARTESIAN_POINT ( 'NONE',  ( -2.220000000000000195, 3.879999999999999005, 3.800000000000013589 ) ) ;
#5253 = ORIENTED_EDGE ( 'NONE', *, *, #2336, .T. ) ;
#5254 = CARTESIAN_POINT ( 'NONE',  ( 0.7381795066963088292, 2.282083995143976640, 3.550000000000008704 ) ) ;
#5255 = DIRECTION ( 'NONE',  ( 0.0000000000000000000, 1.000000000000000000, 1.642730564371977449E-15 ) ) ;
#5256 = UNCERTAINTY_MEASURE_WITH_UNIT (LENGTH_MEASURE( 1.000000000000000082E-05 ), #3408, 'distance_accuracy_value', 'NONE');
#5257 = STYLED_ITEM ( 'NONE', ( #6037 ), #6966 ) ;
#5258 = EDGE_CURVE ( 'NONE', #629, #1693, #6520, .T. ) ;
#5259 = CARTESIAN_POINT ( 'NONE',  ( 3.310000000000000497, 3.299999999999991385, 6.050000000000012257 ) ) ;
#5260 = SURFACE_STYLE_FILL_AREA ( #8062 ) ;
#5261 = ORIENTED_EDGE ( 'NONE', *, *, #4745, .T. ) ;
#5262 = CARTESIAN_POINT ( 'NONE',  ( 0.7367850781576206209, 1.862366473771744912, 3.550000000000009148 ) ) ;
#5263 = FILL_AREA_STYLE ('',( #5436 ) ) ;
#5264 = CARTESIAN_POINT ( 'NONE',  ( -1.270000000000000018, 0.7999999999999928280, 5.550000000000003375 ) ) ;
#5265 = EDGE_CURVE ( 'NONE', #6468, #3703, #710, .T. ) ;
#5266 =( NAMED_UNIT ( * ) PLANE_ANGLE_UNIT ( ) SI_UNIT ( $, .RADIAN. ) );
#5267 = CARTESIAN_POINT ( 'NONE',  ( 1.519999999999999574, 3.099999999999992539, 5.550000000000011369 ) ) ;
#5268 =( GEOMETRIC_REPRESENTATION_CONTEXT ( 3 ) GLOBAL_UNCERTAINTY_ASSIGNED_CONTEXT ( ( #8094 ) ) GLOBAL_UNIT_ASSIGNED_CONTEXT ( ( #2175, #4096, #2413 ) ) REPRESENTATION_CONTEXT ( 'NONE', 'WORKASPACE' ) );
#5269 = CARTESIAN_POINT ( 'NONE',  ( 0.7510300332775421417, 2.400881156313377840, 3.550000000000008704 ) ) ;
#5270 = DIRECTION ( 'NONE',  ( 0.0000000000000000000, 1.000000000000000000, 3.491481338843133355E-15 ) ) ;
#5271 = ORIENTED_EDGE ( 'NONE', *, *, #3016, .F. ) ;
#5272 =( NAMED_UNIT ( * ) PLANE_ANGLE_UNIT ( ) SI_UNIT ( $, .RADIAN. ) );
#5273 = MECHANICAL_DESIGN_GEOMETRIC_PRESENTATION_REPRESENTATION (  '', ( #4719 ), #661 ) ;
#5274 = DIRECTION ( 'NONE',  ( -1.000000000000000000, -0.0000000000000000000, 0.0000000000000000000 ) ) ;
#5275 = CARTESIAN_POINT ( 'NONE',  ( 0.3200000000000000067, -4.700000000000001066, 5.119999999999984119 ) ) ;
#5276 = PRESENTATION_LAYER_ASSIGNMENT (  '', '', ( #5419 ) ) ;
#5277 = EDGE_CURVE ( 'NONE', #4519, #5582, #2645, .T. ) ;
#5278 = DIRECTION ( 'NONE',  ( -1.000000000000000000, -0.0000000000000000000, 0.0000000000000000000 ) ) ;
#5279 = CARTESIAN_POINT ( 'NONE',  ( 0.5699738334346711177, 1.723043028928999298, 3.550000000000006928 ) ) ;
#5280 = PRESENTATION_STYLE_ASSIGNMENT (( #5802 ) ) ;
#5281 = SURFACE_STYLE_FILL_AREA ( #4588 ) ;
#5282 = VECTOR ( 'NONE', #7158, 1000.000000000000000 ) ;
#5283 = UNCERTAINTY_MEASURE_WITH_UNIT (LENGTH_MEASURE( 1.000000000000000082E-05 ), #6881, 'distance_accuracy_value', 'NONE');
#5284 = LINE ( 'NONE', #5233, #8101 ) ;
#5285 = CARTESIAN_POINT ( 'NONE',  ( 0.5431513744527264320, 1.734218356083071733, 3.551000000000007262 ) ) ;
#5286 = CARTESIAN_POINT ( 'NONE',  ( -8.553150471830024446E-15, -3.507140841584201313E-14, 3.550999999999989942 ) ) ;
#5287 =( GEOMETRIC_REPRESENTATION_CONTEXT ( 3 ) GLOBAL_UNCERTAINTY_ASSIGNED_CONTEXT ( ( #5001 ) ) GLOBAL_UNIT_ASSIGNED_CONTEXT ( ( #2863, #1574, #1672 ) ) REPRESENTATION_CONTEXT ( 'NONE', 'WORKASPACE' ) );
#5288 = VECTOR ( 'NONE', #4158, 1000.000000000000000 ) ;
#5289 = ORIENTED_EDGE ( 'NONE', *, *, #2237, .T. ) ;
#5290 = FILL_AREA_STYLE_COLOUR ( '', #2421 ) ;
#5291 = SURFACE_STYLE_FILL_AREA ( #7955 ) ;
#5292 = CYLINDRICAL_SURFACE ( 'NONE', #4630, 1.319999999999999174 ) ;
#5293 = FILL_AREA_STYLE_COLOUR ( '', #6391 ) ;
#5294 = AXIS2_PLACEMENT_3D ( 'NONE', #2338, #2828, #1581 ) ;
#5295 = CARTESIAN_POINT ( 'NONE',  ( 0.5029268292682927965, 2.137804878048779944, 3.550000000000008260 ) ) ;
#5296 = EDGE_CURVE ( 'NONE', #6367, #4221, #3929, .T. ) ;
#5297 = ORIENTED_EDGE ( 'NONE', *, *, #5575, .F. ) ;
#5298 = DIRECTION ( 'NONE',  ( 0.0000000000000000000, 1.000000000000000000, 3.491481338843133750E-15 ) ) ;
#5299 = PRODUCT_DEFINITION_SHAPE ( 'NONE', 'NONE',  #4534 ) ;
#5300 = CARTESIAN_POINT ( 'NONE',  ( -2.860000000000000320, 3.099999999999996536, 4.480000000000010196 ) ) ;
#5301 = ORIENTED_EDGE ( 'NONE', *, *, #8366, .F. ) ;
#5302 = CARTESIAN_POINT ( 'NONE',  ( 0.3200000000000000067, 4.559999999999996945, 3.800000000000016254 ) ) ;
#5303 =( LENGTH_UNIT ( ) NAMED_UNIT ( * ) SI_UNIT ( .MILLI., .METRE. ) );
#5304 = PRESENTATION_STYLE_ASSIGNMENT (( #1420 ) ) ;
#5305 = PRESENTATION_STYLE_ASSIGNMENT (( #2837 ) ) ;
#5306 = PLANE ( 'NONE',  #2307 ) ;
#5307 = SURFACE_STYLE_FILL_AREA ( #7385 ) ;
#5308 = EDGE_LOOP ( 'NONE', ( #1452, #2284, #7700, #6072 ) ) ;
#5309 = LINE ( 'NONE', #5902, #883 ) ;
#5310 = EDGE_CURVE ( 'NONE', #3384, #6180, #5175, .T. ) ;
#5311 = DIRECTION ( 'NONE',  ( 0.0000000000000000000, -3.491481338843133355E-15, 1.000000000000000000 ) ) ;
#5312 = LINE ( 'NONE', #3424, #6778 ) ;
#5313 = DIRECTION ( 'NONE',  ( 0.0000000000000000000, 1.000000000000000000, 3.499319188932305145E-15 ) ) ;
#5314 = VERTEX_POINT ( 'NONE', #5351 ) ;
#5315 = CARTESIAN_POINT ( 'NONE',  ( 0.3200000000000000067, 3.879999999999999005, 3.800000000000013589 ) ) ;
#5316 =( NAMED_UNIT ( * ) PLANE_ANGLE_UNIT ( ) SI_UNIT ( $, .RADIAN. ) );
#5317 = EDGE_CURVE ( 'NONE', #2210, #1481, #1384, .T. ) ;
#5318 = ORIENTED_EDGE ( 'NONE', *, *, #5310, .F. ) ;
#5319 = ORIENTED_EDGE ( 'NONE', *, *, #3638, .T. ) ;
#5320 = MECHANICAL_DESIGN_GEOMETRIC_PRESENTATION_REPRESENTATION (  '', ( #3815 ), #692 ) ;
#5321 = PRESENTATION_STYLE_ASSIGNMENT (( #6696 ) ) ;
#5322 = CARTESIAN_POINT ( 'NONE',  ( -1.020000000000000462, 1.084435562925354368, 5.800000000000005151 ) ) ;
#5323 = EDGE_CURVE ( 'NONE', #388, #5897, #752, .T. ) ;
#5324 = ORIENTED_EDGE ( 'NONE', *, *, #4446, .F. ) ;
#5325 = DIRECTION ( 'NONE',  ( -1.000000000000000000, 0.0000000000000000000, 0.0000000000000000000 ) ) ;
#5326 = FILL_AREA_STYLE ('',( #7919 ) ) ;
#5327 = CARTESIAN_POINT ( 'NONE',  ( 0.6107888136961554526, 1.717192318184356026, 3.551000000000007706 ) ) ;
#5328 = SURFACE_STYLE_USAGE ( .BOTH. , #2701 ) ;
#5329 = FACE_BOUND ( 'NONE', #1033, .T. ) ;
#5330 = CARTESIAN_POINT ( 'NONE',  ( 0.3200000000000000067, -4.700000000000002842, 5.119999999999984119 ) ) ;
#5331 = ORIENTED_EDGE ( 'NONE', *, *, #2884, .F. ) ;
#5332 = MECHANICAL_DESIGN_GEOMETRIC_PRESENTATION_REPRESENTATION (  '', ( #5466 ), #594 ) ;
#5333 = ORIENTED_EDGE ( 'NONE', *, *, #738, .T. ) ;
#5334 = PLANE ( 'NONE',  #6482 ) ;
#5335 = AXIS2_PLACEMENT_3D ( 'NONE', #7355, #7274, #2094 ) ;
#5336 = DIRECTION ( 'NONE',  ( 0.0000000000000000000, -1.000000000000000000, -3.491481338843133355E-15 ) ) ;
#5337 =( NAMED_UNIT ( * ) PLANE_ANGLE_UNIT ( ) SI_UNIT ( $, .RADIAN. ) );
#5338 =( NAMED_UNIT ( * ) PLANE_ANGLE_UNIT ( ) SI_UNIT ( $, .RADIAN. ) );
#5339 = SURFACE_STYLE_USAGE ( .BOTH. , #2748 ) ;
#5340 =( NAMED_UNIT ( * ) PLANE_ANGLE_UNIT ( ) SI_UNIT ( $, .RADIAN. ) );
#5341 = VECTOR ( 'NONE', #5525, 1000.000000000000000 ) ;
#5342 = ORIENTED_EDGE ( 'NONE', *, *, #1825, .T. ) ;
#5343 = PRESENTATION_LAYER_ASSIGNMENT (  '', '', ( #604 ) ) ;
#5344 = PRESENTATION_STYLE_ASSIGNMENT (( #4746 ) ) ;
#5345 = PRESENTATION_STYLE_ASSIGNMENT (( #7896 ) ) ;
#5346 = MECHANICAL_DESIGN_GEOMETRIC_PRESENTATION_REPRESENTATION (  '', ( #5475 ), #2771 ) ;
#5347 = CARTESIAN_POINT ( 'NONE',  ( -0.3200000000000000067, 4.559999999999996945, 3.800000000000016254 ) ) ;
#5348 = ORIENTED_EDGE ( 'NONE', *, *, #7009, .T. ) ;
#5349 = CARTESIAN_POINT ( 'NONE',  ( 3.810000000000000053, 0.7999999999999928280, 5.550000000000003375 ) ) ;
#5350 = ADVANCED_FACE ( 'NONE', ( #1472 ), #4532, .F. ) ;
#5351 = CARTESIAN_POINT ( 'NONE',  ( -1.020000000000000462, 3.099999999999992539, 5.550000000000011369 ) ) ;
#5352 = ORIENTED_EDGE ( 'NONE', *, *, #8411, .F. ) ;
#5353 = CARTESIAN_POINT ( 'NONE',  ( 0.7215243902439024692, 2.236585365853658303, 3.551000000000009038 ) ) ;
#5354 = SURFACE_SIDE_STYLE ('',( #2766 ) ) ;
#5355 =( GEOMETRIC_REPRESENTATION_CONTEXT ( 3 ) GLOBAL_UNCERTAINTY_ASSIGNED_CONTEXT ( ( #356 ) ) GLOBAL_UNIT_ASSIGNED_CONTEXT ( ( #7140, #5701, #1267 ) ) REPRESENTATION_CONTEXT ( 'NONE', 'WORKASPACE' ) );
#5356 = EDGE_CURVE ( 'NONE', #4004, #3100, #3848, .T. ) ;
#5357 = MECHANICAL_DESIGN_GEOMETRIC_PRESENTATION_REPRESENTATION (  '', ( #2654 ), #4679 ) ;
#5358 = LINE ( 'NONE', #6007, #3779 ) ;
#5359 = B_SPLINE_SURFACE_WITH_KNOTS ( 'NONE', 3, 1, ( 
 ( #2134, #3262 ),
 ( #2000, #4574 ),
 ( #1558, #5262 ),
 ( #3427, #2081 ),
 ( #7261, #8016 ),
 ( #5435, #2168 ),
 ( #4790, #4749 ),
 ( #4091, #81 ),
 ( #7899, #461 ),
 ( #7168, #2542 ),
 ( #3133, #7846 ),
 ( #6229, #4243 ),
 ( #894, #8157 ),
 ( #2224, #2183 ),
 ( #6789, #2903 ),
 ( #3487, #8118 ),
 ( #4847, #5579 ),
 ( #7574, #2821 ),
 ( #1268, #8299 ) ),
 .UNSPECIFIED., .F., .F., .F.,
 ( 4, 1, 1, 1, 1, 1, 1, 1, 1, 1, 1, 1, 1, 1, 1, 1, 4 ),
 ( 2, 2 ),
 ( 0.0000000000000000000, 0.07082199823409628114, 0.1381601096583844612, 0.2024622547020686336, 0.2639567057174988518, 0.3236342499071822032, 0.3817869263266496782, 0.4393756585350246380, 0.4971066655477049401, 0.5548623802280194806, 0.6127668894862257076, 0.6715600499945684199, 0.7316730530556698753, 0.7943110968516788883, 0.8594912802951154562, 0.9276859961409870126, 1.000000000000000000 ),
 ( 0.0000000000000000000, 1.000000000000000000 ),
 .UNSPECIFIED. ) ;
#5360 = EDGE_CURVE ( 'NONE', #2824, #6180, #3564, .T. ) ;
#5361 =( GEOMETRIC_REPRESENTATION_CONTEXT ( 3 ) GLOBAL_UNCERTAINTY_ASSIGNED_CONTEXT ( ( #4763 ) ) GLOBAL_UNIT_ASSIGNED_CONTEXT ( ( #2171, #879, #2209 ) ) REPRESENTATION_CONTEXT ( 'NONE', 'WORKASPACE' ) );
#5362 = VECTOR ( 'NONE', #3460, 1000.000000000000000 ) ;
#5363 = UNCERTAINTY_MEASURE_WITH_UNIT (LENGTH_MEASURE( 1.000000000000000082E-05 ), #4105, 'distance_accuracy_value', 'NONE');
#5364 = STYLED_ITEM ( 'NONE', ( #1414 ), #2298 ) ;
#5365 = ORIENTED_EDGE ( 'NONE', *, *, #2749, .F. ) ;
#5366 = FACE_OUTER_BOUND ( 'NONE', #3414, .T. ) ;
#5367 = EDGE_LOOP ( 'NONE', ( #7927, #7937, #3697, #5498, #8301, #1119 ) ) ;
#5368 = PLANE ( 'NONE',  #2344 ) ;
#5369 = DIRECTION ( 'NONE',  ( 0.0000000000000000000, -1.000000000000000000, -3.491481338843133355E-15 ) ) ;
#5370 = MECHANICAL_DESIGN_GEOMETRIC_PRESENTATION_REPRESENTATION (  '', ( #5105 ), #8264 ) ;
#5371 = COLOUR_RGB ( '',0.7529411764705882248, 0.7529411764705882248, 0.7529411764705882248 ) ;
#5372 =( NAMED_UNIT ( * ) PLANE_ANGLE_UNIT ( ) SI_UNIT ( $, .RADIAN. ) );
#5373 = CARTESIAN_POINT ( 'NONE',  ( -0.1380148828668992800, 4.741985117133110883, 0.5500000000000174749 ) ) ;
#5374 = DIRECTION ( 'NONE',  ( 0.0000000000000000000, 0.0000000000000000000, 1.000000000000000000 ) ) ;
#5375 = VERTEX_POINT ( 'NONE', #1516 ) ;
#5376 = EDGE_CURVE ( 'NONE', #4615, #4141, #7391, .T. ) ;
#5377 =( GEOMETRIC_REPRESENTATION_CONTEXT ( 3 ) GLOBAL_UNCERTAINTY_ASSIGNED_CONTEXT ( ( #762 ) ) GLOBAL_UNIT_ASSIGNED_CONTEXT ( ( #5670, #448, #2312 ) ) REPRESENTATION_CONTEXT ( 'NONE', 'WORKASPACE' ) );
#5378 =( NAMED_UNIT ( * ) SI_UNIT ( $, .STERADIAN. ) SOLID_ANGLE_UNIT ( ) );
#5379 = ORIENTED_EDGE ( 'NONE', *, *, #4465, .F. ) ;
#5380 = CARTESIAN_POINT ( 'NONE',  ( -2.220000000000000195, 4.559999999999996945, 3.800000000000016254 ) ) ;
#5381 = LINE ( 'NONE', #8009, #1416 ) ;
#5382 = B_SPLINE_CURVE_WITH_KNOTS ( 'NONE', 3,
 ( #5880, #48, #1936, #5711, #4504, #7785, #651, #8388, #3824, #3751, #7149, #1239, #5232, #7826, #4456, #3789, #5758, #1802, #1161 ),
 .UNSPECIFIED., .F., .F.,
 ( 4, 1, 1, 1, 1, 1, 1, 1, 1, 1, 1, 1, 1, 1, 1, 1, 4 ),
 ( 0.0000000000000000000, 0.07064215072300310261, 0.1382536470674235463, 0.2033596107954859789, 0.2662484148830682740, 0.3279196778882909058, 0.3887512814041684250, 0.4494357474917642370, 0.5108718673107424113, 0.5720888932305399077, 0.6317426019427836437, 0.6911240658607696874, 0.7503655699490048292, 0.8100371166225087682, 0.8713653057843916416, 0.9344285965418714923, 1.000000000000000000 ),
 .UNSPECIFIED. ) ;
#5383 = DIRECTION ( 'NONE',  ( 0.0000000000000000000, -3.491481338843133355E-15, 1.000000000000000000 ) ) ;
#5384 = VERTEX_POINT ( 'NONE', #2807 ) ;
#5385 = EDGE_CURVE ( 'NONE', #4615, #6180, #2253, .T. ) ;
#5386 = FILL_AREA_STYLE ('',( #2798 ) ) ;
#5387 = VECTOR ( 'NONE', #1863, 1000.000000000000000 ) ;
#5388 = VECTOR ( 'NONE', #585, 1000.000000000000000 ) ;
#5389 = CARTESIAN_POINT ( 'NONE',  ( 1.020000000000000462, 1.084435562925354368, 5.800000000000005151 ) ) ;
#5390 = CARTESIAN_POINT ( 'NONE',  ( 0.7700000000000000178, 3.299999999999999822, 3.550000000000012257 ) ) ;
#5391 = ORIENTED_EDGE ( 'NONE', *, *, #6469, .T. ) ;
#5392 = PRESENTATION_LAYER_ASSIGNMENT (  '', '', ( #1869 ) ) ;
#5393 = CARTESIAN_POINT ( 'NONE',  ( 0.6017073170731709331, 2.137804878048779944, 3.551000000000008594 ) ) ;
#5394 = VERTEX_POINT ( 'NONE', #6776 ) ;
#5395 = STYLED_ITEM ( 'NONE', ( #2762 ), #6802 ) ;
#5396 = EDGE_CURVE ( 'NONE', #5527, #7492, #6262, .T. ) ;
#5397 = ORIENTED_EDGE ( 'NONE', *, *, #1606, .T. ) ;
#5398 = DIRECTION ( 'NONE',  ( 1.000000000000000000, 0.0000000000000000000, 0.0000000000000000000 ) ) ;
#5399 = CARTESIAN_POINT ( 'NONE',  ( 0.5065853658536588755, 1.561928353658537105, 3.551000000000007262 ) ) ;
#5400 = ORIENTED_EDGE ( 'NONE', *, *, #4596, .F. ) ;
#5401 = DIRECTION ( 'NONE',  ( -0.7071067811865479058, 2.468850131082264949E-15, -0.7071067811865472397 ) ) ;
#5402 = FILL_AREA_STYLE_COLOUR ( '', #135 ) ;
#5403 = AXIS2_PLACEMENT_3D ( 'NONE', #3881, #8322, #2453 ) ;
#5404 = CARTESIAN_POINT ( 'NONE',  ( -2.860000000000000320, 4.559999999999996945, 3.800000000000016254 ) ) ;
#5405 = EDGE_CURVE ( 'NONE', #7604, #8370, #387, .T. ) ;
#5406 = CARTESIAN_POINT ( 'NONE',  ( 0.5699738334346711177, 1.723043028928999298, 3.550000000000007816 ) ) ;
#5407 = UNCERTAINTY_MEASURE_WITH_UNIT (LENGTH_MEASURE( 1.000000000000000082E-05 ), #3608, 'distance_accuracy_value', 'NONE');
#5408 = CARTESIAN_POINT ( 'NONE',  ( 0.7700000000000000178, 0.7999999999999997113, 3.550000000000003819 ) ) ;
#5409 = FACE_BOUND ( 'NONE', #5587, .T. ) ;
#5410 = MECHANICAL_DESIGN_GEOMETRIC_PRESENTATION_REPRESENTATION (  '', ( #3777 ), #926 ) ;
#5411 = DIRECTION ( 'NONE',  ( 1.000000000000000000, 0.0000000000000000000, 0.0000000000000000000 ) ) ;
#5412 = CARTESIAN_POINT ( 'NONE',  ( 3.810000000000000497, 3.299999999999993161, 5.550000000000012257 ) ) ;
#5413 = AXIS2_PLACEMENT_3D ( 'NONE', #5856, #1982, #4555 ) ;
#5414 = PRESENTATION_STYLE_ASSIGNMENT (( #6672 ) ) ;
#5415 = DIRECTION ( 'NONE',  ( -1.000000000000000000, 0.0000000000000000000, 0.0000000000000000000 ) ) ;
#5416 = CARTESIAN_POINT ( 'NONE',  ( -0.7700000000000002398, 3.299999999999991385, 6.050000000000012257 ) ) ;
#5417 = EDGE_LOOP ( 'NONE', ( #5235, #3643, #5471, #2034, #3350, #3366 ) ) ;
#5418 = VECTOR ( 'NONE', #2791, 1000.000000000000000 ) ;
#5419 = STYLED_ITEM ( 'NONE', ( #2249 ), #1949 ) ;
#5420 =( NAMED_UNIT ( * ) PLANE_ANGLE_UNIT ( ) SI_UNIT ( $, .RADIAN. ) );
#5421 = PLANE ( 'NONE',  #8117 ) ;
#5422 = ADVANCED_FACE ( 'NONE', ( #343 ), #6084, .F. ) ;
#5423 = ORIENTED_EDGE ( 'NONE', *, *, #6999, .T. ) ;
#5424 =( GEOMETRIC_REPRESENTATION_CONTEXT ( 3 ) GLOBAL_UNCERTAINTY_ASSIGNED_CONTEXT ( ( #1947 ) ) GLOBAL_UNIT_ASSIGNED_CONTEXT ( ( #5237, #7321, #4551 ) ) REPRESENTATION_CONTEXT ( 'NONE', 'WORKASPACE' ) );
#5425 = DIRECTION ( 'NONE',  ( 0.0000000000000000000, 3.491481338843133355E-15, -1.000000000000000000 ) ) ;
#5426 = PRESENTATION_LAYER_ASSIGNMENT (  '', '', ( #4182 ) ) ;
#5427 = COLOUR_RGB ( '',0.5019607843137254832, 0.2509803921568627416, 0.2509803921568627416 ) ;
#5428 = PRESENTATION_STYLE_ASSIGNMENT (( #916 ) ) ;
#5429 = VECTOR ( 'NONE', #5055, 1000.000000000000227 ) ;
#5430 = FILL_AREA_STYLE_COLOUR ( '', #4602 ) ;
#5431 = CARTESIAN_POINT ( 'NONE',  ( 0.5276219512195123862, 1.557298018292683217, 3.551000000000006818 ) ) ;
#5432 = PLANE ( 'NONE',  #2573 ) ;
#5433 = EDGE_CURVE ( 'NONE', #2150, #2351, #8154, .T. ) ;
#5434 = ORIENTED_EDGE ( 'NONE', *, *, #7221, .F. ) ;
#5435 = CARTESIAN_POINT ( 'NONE',  ( 0.7294192456216378462, 1.826067830386382207, 3.551000000000007706 ) ) ;
#5436 = FILL_AREA_STYLE_COLOUR ( '', #7914 ) ;
#5437 = DIRECTION ( 'NONE',  ( 0.0000000000000000000, 1.000000000000000000, 3.491481338843133750E-15 ) ) ;
#5438 = STYLED_ITEM ( 'NONE', ( #777 ), #7992 ) ;
#5439 = ORIENTED_EDGE ( 'NONE', *, *, #2683, .T. ) ;
#5440 = DIRECTION ( 'NONE',  ( 1.000000000000000000, 0.0000000000000000000, 0.0000000000000000000 ) ) ;
#5441 = EDGE_LOOP ( 'NONE', ( #2816, #6633, #7151, #609 ) ) ;
#5442 = DIRECTION ( 'NONE',  ( 0.0000000000000000000, 0.0000000000000000000, -1.000000000000000000 ) ) ;
#5443 = CARTESIAN_POINT ( 'NONE',  ( -2.220000000000000195, 4.560000000000008491, 1.050000000000020473 ) ) ;
#5444 = DIRECTION ( 'NONE',  ( 0.7071067811865474617, 2.468850131082265738E-15, -0.7071067811865474617 ) ) ;
#5445 = VECTOR ( 'NONE', #1653, 1000.000000000000000 ) ;
#5446 = CARTESIAN_POINT ( 'NONE',  ( -2.860000000000000320, -4.699999999999995737, 3.799999999999983391 ) ) ;
#5447 = CARTESIAN_POINT ( 'NONE',  ( 2.220000000000000195, 4.560000000000008491, 1.050000000000020473 ) ) ;
#5448 =( LENGTH_UNIT ( ) NAMED_UNIT ( * ) SI_UNIT ( .MILLI., .METRE. ) );
#5449 = DIRECTION ( 'NONE',  ( 0.0000000000000000000, 3.891802140991627604E-15, -1.000000000000000000 ) ) ;
#5450 = UNCERTAINTY_MEASURE_WITH_UNIT (LENGTH_MEASURE( 1.000000000000000082E-05 ), #333, 'distance_accuracy_value', 'NONE');
#5451 = VECTOR ( 'NONE', #6518, 1000.000000000000000 ) ;
#5452 = CARTESIAN_POINT ( 'NONE',  ( 0.5198205672199802674, 1.751174592897215776, 3.550000000000007816 ) ) ;
#5453 = CARTESIAN_POINT ( 'NONE',  ( 0.7700000000000001288, 1.651219512195122308, 3.551000000000006818 ) ) ;
#5454 = ADVANCED_FACE ( 'NONE', ( #2373 ), #1871, .T. ) ;
#5455 = CARTESIAN_POINT ( 'NONE',  ( 0.5390107642314940772, 1.781735037378472164, 3.551000000000006818 ) ) ;
#5456 = CARTESIAN_POINT ( 'NONE',  ( 3.810000000000000497, 3.099999999999992539, 5.550000000000011369 ) ) ;
#5457 = FACE_BOUND ( 'NONE', #1469, .T. ) ;
#5458 = EDGE_LOOP ( 'NONE', ( #5348, #3511, #7739, #2240, #535, #1071, #1946, #1255, #4119, #2649, #7804, #1132, #3476, #7680, #6755, #5116, #545, #8097, #7279, #4425, #3553, #1984, #2878, #5, #6285, #2361, #3184, #3091, #4162, #6081, #7251, #8452 ) ) ;
#5459 = LINE ( 'NONE', #1544, #368 ) ;
#5460 = SURFACE_SIDE_STYLE ('',( #2276 ) ) ;
#5461 = SURFACE_STYLE_FILL_AREA ( #369 ) ;
#5462 = CARTESIAN_POINT ( 'NONE',  ( 0.7404373822243758285, 2.325006003298983881, 3.551000000000009038 ) ) ;
#5463 = EDGE_CURVE ( 'NONE', #3125, #6875, #1642, .T. ) ;
#5464 = CARTESIAN_POINT ( 'NONE',  ( -3.560000000000000497, 3.099999999999998312, 4.050000000000012257 ) ) ;
#5465 = FACE_OUTER_BOUND ( 'NONE', #4906, .T. ) ;
#5466 = STYLED_ITEM ( 'NONE', ( #1110 ), #7610 ) ;
#5467 = CARTESIAN_POINT ( 'NONE',  ( 0.6035565342092709118, 1.757606600514067585, 3.551000000000007262 ) ) ;
#5468 = MECHANICAL_DESIGN_GEOMETRIC_PRESENTATION_REPRESENTATION (  '', ( #7275 ), #3163 ) ;
#5469 = EDGE_CURVE ( 'NONE', #1418, #708, #6438, .T. ) ;
#5470 = FACE_OUTER_BOUND ( 'NONE', #4767, .T. ) ;
#5471 = ORIENTED_EDGE ( 'NONE', *, *, #8267, .T. ) ;
#5472 = DIRECTION ( 'NONE',  ( 0.0000000000000000000, 1.000000000000000000, 3.491481338843133750E-15 ) ) ;
#5473 = DIRECTION ( 'NONE',  ( 0.0000000000000000000, 1.000000000000000000, 5.388156251140086490E-15 ) ) ;
#5474 = VECTOR ( 'NONE', #8203, 1000.000000000000000 ) ;
#5475 = STYLED_ITEM ( 'NONE', ( #2063 ), #3355 ) ;
#5476 = CARTESIAN_POINT ( 'NONE',  ( 0.6256592987804878714, 2.459756097560975352, 3.550000000000009592 ) ) ;
#5477 =( NAMED_UNIT ( * ) PLANE_ANGLE_UNIT ( ) SI_UNIT ( $, .RADIAN. ) );
#5478 = CARTESIAN_POINT ( 'NONE',  ( -2.860000000000000320, -4.699999999999997513, 4.479999999999984439 ) ) ;
#5479 = DIRECTION ( 'NONE',  ( 0.0000000000000000000, -1.000000000000000000, -3.491481338843133355E-15 ) ) ;
#5480 = STYLED_ITEM ( 'NONE', ( #243 ), #2933 ) ;
#5481 = FACE_OUTER_BOUND ( 'NONE', #146, .T. ) ;
#5482 = DIRECTION ( 'NONE',  ( -1.000000000000000000, 0.0000000000000000000, 0.0000000000000000000 ) ) ;
#5483 =( LENGTH_UNIT ( ) NAMED_UNIT ( * ) SI_UNIT ( .MILLI., .METRE. ) );
#5484 = EDGE_CURVE ( 'NONE', #4192, #7001, #5134, .T. ) ;
#5485 = CARTESIAN_POINT ( 'NONE',  ( -3.810000000000000941, 0.7999999999999928280, 5.550000000000003375 ) ) ;
#5486 = STYLED_ITEM ( 'NONE', ( #7500 ), #3067 ) ;
#5487 = DIRECTION ( 'NONE',  ( -0.0000000000000000000, 3.491481338843133355E-15, -1.000000000000000000 ) ) ;
#5488 = ORIENTED_EDGE ( 'NONE', *, *, #8189, .F. ) ;
#5489 = SURFACE_STYLE_USAGE ( .BOTH. , #2905 ) ;
#5490 = FACE_OUTER_BOUND ( 'NONE', #2076, .T. ) ;
#5491 = FILL_AREA_STYLE_COLOUR ( '', #1215 ) ;
#5492 =( LENGTH_UNIT ( ) NAMED_UNIT ( * ) SI_UNIT ( .MILLI., .METRE. ) );
#5493 = CARTESIAN_POINT ( 'NONE',  ( 0.5906019542954621393, 1.759092992298305402, 3.550000000000008704 ) ) ;
#5494 = LINE ( 'NONE', #1758, #2296 ) ;
#5495 = COLOUR_RGB ( '',0.7529411764705882248, 0.7529411764705882248, 0.7529411764705882248 ) ;
#5496 = CARTESIAN_POINT ( 'NONE',  ( -2.220000000000000195, 4.559999999999996945, 3.800000000000016254 ) ) ;
#5497 = ORIENTED_EDGE ( 'NONE', *, *, #2201, .F. ) ;
#5498 = ORIENTED_EDGE ( 'NONE', *, *, #87, .F. ) ;
#5499 = EDGE_LOOP ( 'NONE', ( #4052, #3025, #4776, #7361 ) ) ;
#5500 = EDGE_CURVE ( 'NONE', #6133, #5582, #7000, .T. ) ;
#5501 = FILL_AREA_STYLE ('',( #811 ) ) ;
#5502 = CARTESIAN_POINT ( 'NONE',  ( 1.020000000000000462, 3.099999999999992539, 5.550000000000011369 ) ) ;
#5503 = VECTOR ( 'NONE', #2219, 1000.000000000000000 ) ;
#5504 = PRESENTATION_LAYER_ASSIGNMENT (  '', '', ( #746 ) ) ;
#5505 = EDGE_LOOP ( 'NONE', ( #5531, #8128, #5519, #1116 ) ) ;
#5506 = CARTESIAN_POINT ( 'NONE',  ( 0.5018281051884747601, 2.279010535097945933, 3.550000000000008260 ) ) ;
#5507 = CARTESIAN_POINT ( 'NONE',  ( 0.4663414634146342275, 2.307183689024390194, 3.550000000000010036 ) ) ;
#5508 =( NAMED_UNIT ( * ) SI_UNIT ( $, .STERADIAN. ) SOLID_ANGLE_UNIT ( ) );
#5509 =( NAMED_UNIT ( * ) PLANE_ANGLE_UNIT ( ) SI_UNIT ( $, .RADIAN. ) );
#5510 =( NAMED_UNIT ( * ) SI_UNIT ( $, .STERADIAN. ) SOLID_ANGLE_UNIT ( ) );
#5511 = LINE ( 'NONE', #8134, #5445 ) ;
#5512 = ORIENTED_EDGE ( 'NONE', *, *, #3844, .F. ) ;
#5513 = STYLED_ITEM ( 'NONE', ( #4432 ), #5454 ) ;
#5514 = VECTOR ( 'NONE', #7080, 999.9999999999998863 ) ;
#5515 = EDGE_CURVE ( 'NONE', #1048, #7273, #3684, .T. ) ;
#5516 = UNCERTAINTY_MEASURE_WITH_UNIT (LENGTH_MEASURE( 1.000000000000000082E-05 ), #3360, 'distance_accuracy_value', 'NONE');
#5517 = LINE ( 'NONE', #2204, #5610 ) ;
#5518 = DIRECTION ( 'NONE',  ( -1.000000000000000000, 0.0000000000000000000, 0.0000000000000000000 ) ) ;
#5519 = ORIENTED_EDGE ( 'NONE', *, *, #62, .T. ) ;
#5520 = FACE_OUTER_BOUND ( 'NONE', #4126, .T. ) ;
#5521 = PRESENTATION_LAYER_ASSIGNMENT (  '', '', ( #7996 ) ) ;
#5522 = FACE_OUTER_BOUND ( 'NONE', #7484, .T. ) ;
#5523 = STYLED_ITEM ( 'NONE', ( #1737 ), #6154 ) ;
#5524 = ORIENTED_EDGE ( 'NONE', *, *, #7381, .F. ) ;
#5525 = DIRECTION ( 'NONE',  ( 0.0000000000000000000, -1.000000000000000000, 0.0000000000000000000 ) ) ;
#5526 = STYLED_ITEM ( 'NONE', ( #6147 ), #6559 ) ;
#5527 = VERTEX_POINT ( 'NONE', #5608 ) ;
#5528 = CARTESIAN_POINT ( 'NONE',  ( 0.7682159633034425505, 2.363476391821519140, 3.551000000000151147 ) ) ;
#5529 = LINE ( 'NONE', #2294, #7631 ) ;
#5530 = ORIENTED_EDGE ( 'NONE', *, *, #8189, .T. ) ;
#5531 = ORIENTED_EDGE ( 'NONE', *, *, #547, .F. ) ;
#5532 = EDGE_CURVE ( 'NONE', #7132, #5082, #8235, .T. ) ;
#5533 = VECTOR ( 'NONE', #3033, 999.9999999999998863 ) ;
#5534 = PRESENTATION_LAYER_ASSIGNMENT (  '', '', ( #100 ) ) ;
#5535 = SURFACE_STYLE_USAGE ( .BOTH. , #2899 ) ;
#5536 = CARTESIAN_POINT ( 'NONE',  ( 0.5065853658536587645, 1.562900152439024692, 3.551000000000006818 ) ) ;
#5537 = SURFACE_STYLE_USAGE ( .BOTH. , #6936 ) ;
#5538 = CARTESIAN_POINT ( 'NONE',  ( -3.560000000000000497, 3.299999999999993161, 5.550000000000012257 ) ) ;
#5539 = SURFACE_STYLE_USAGE ( .BOTH. , #1680 ) ;
#5540 = ORIENTED_EDGE ( 'NONE', *, *, #6251, .F. ) ;
#5541 = CARTESIAN_POINT ( 'NONE',  ( -2.860000000000000320, 0.7999999999999940492, 5.120000000000002771 ) ) ;
#5542 = ORIENTED_EDGE ( 'NONE', *, *, #6359, .F. ) ;
#5543 = ORIENTED_EDGE ( 'NONE', *, *, #2459, .T. ) ;
#5544 = VECTOR ( 'NONE', #293, 1000.000000000000000 ) ;
#5545 = DIRECTION ( 'NONE',  ( 0.0000000000000000000, -1.000000000000000000, -3.491481338843133355E-15 ) ) ;
#5546 = CARTESIAN_POINT ( 'NONE',  ( -2.860000000000000320, 3.099999999999990319, 5.120000000000010765 ) ) ;
#5547 = CARTESIAN_POINT ( 'NONE',  ( 0.4700000000000001954, 2.024390243902438602, 3.551000000000008150 ) ) ;
#5548 = CARTESIAN_POINT ( 'NONE',  ( 0.5138455336438093601, 2.244553482703789182, 3.550000000000008260 ) ) ;
#5549 = PRESENTATION_LAYER_ASSIGNMENT (  '', '', ( #6949 ) ) ;
#5550 = CARTESIAN_POINT ( 'NONE',  ( 0.4663414634146342275, 2.307183689024390194, 3.551000000000009482 ) ) ;
#5551 = FACE_OUTER_BOUND ( 'NONE', #2017, .T. ) ;
#5552 = COLOUR_RGB ( '',0.7529411764705882248, 0.7529411764705882248, 0.7529411764705882248 ) ;
#5553 = CARTESIAN_POINT ( 'NONE',  ( 0.5276219512195123862, 1.567701981707317227, 3.551000000000006818 ) ) ;
#5554 = CARTESIAN_POINT ( 'NONE',  ( 0.4663414634146342275, 2.307183689024390194, 3.551000000000009482 ) ) ;
#5555 = VECTOR ( 'NONE', #3225, 1000.000000000000227 ) ;
#5556 = ORIENTED_EDGE ( 'NONE', *, *, #1450, .T. ) ;
#5557 = CARTESIAN_POINT ( 'NONE',  ( 2.860000000000000320, 3.880000000000008331, 1.050000000000018474 ) ) ;
#5558 = VECTOR ( 'NONE', #8029, 1000.000000000000000 ) ;
#5559 = CARTESIAN_POINT ( 'NONE',  ( 1.020000000000000462, 3.099999999999997868, 4.050000000000012257 ) ) ;
#5560 = PLANE ( 'NONE',  #5909 ) ;
#5561 = COLOUR_RGB ( '',0.7529411764705882248, 0.7529411764705882248, 0.7529411764705882248 ) ;
#5562 = DIRECTION ( 'NONE',  ( -0.0000000000000000000, 3.491481338843133355E-15, -1.000000000000000000 ) ) ;
#5563 = VECTOR ( 'NONE', #7195, 1000.000000000000000 ) ;
#5564 = LINE ( 'NONE', #425, #2425 ) ;
#5565 = ORIENTED_EDGE ( 'NONE', *, *, #7534, .F. ) ;
#5566 = CARTESIAN_POINT ( 'NONE',  ( 0.6917919755222337042, 2.403252309331255887, 3.551000000000010814 ) ) ;
#5567 = AXIS2_PLACEMENT_3D ( 'NONE', #7418, #5383, #289 ) ;
#5568 = EDGE_CURVE ( 'NONE', #1501, #4789, #6347, .T. ) ;
#5569 = COLOUR_RGB ( '',0.7529411764705882248, 0.7529411764705882248, 0.7529411764705882248 ) ;
#5570 = EDGE_LOOP ( 'NONE', ( #5604, #7434, #6111, #1590 ) ) ;
#5571 = CARTESIAN_POINT ( 'NONE',  ( 0.6417341190429372011, 2.459478461413805661, 3.551000000000151591 ) ) ;
#5572 = SURFACE_STYLE_USAGE ( .BOTH. , #1746 ) ;
#5573 = SURFACE_STYLE_FILL_AREA ( #7527 ) ;
#5574 = SURFACE_STYLE_FILL_AREA ( #2295 ) ;
#5575 = EDGE_CURVE ( 'NONE', #5384, #7074, #8056, .T. ) ;
#5576 =( NAMED_UNIT ( * ) PLANE_ANGLE_UNIT ( ) SI_UNIT ( $, .RADIAN. ) );
#5577 = CARTESIAN_POINT ( 'NONE',  ( 0.7700000000000001288, 2.017073170731706888, 3.550000000000007816 ) ) ;
#5578 = CARTESIAN_POINT ( 'NONE',  ( 2.358239695114664691, -5.079810440799836790, 4.981760304885317403 ) ) ;
#5579 = CARTESIAN_POINT ( 'NONE',  ( 0.6306660317409986671, 1.757621757025964460, 3.550000000000007816 ) ) ;
#5580 = EDGE_CURVE ( 'NONE', #6297, #4470, #72, .T. ) ;
#5581 = FILL_AREA_STYLE_COLOUR ( '', #7611 ) ;
#5582 = VERTEX_POINT ( 'NONE', #2682 ) ;
#5583 = SURFACE_SIDE_STYLE ('',( #6935 ) ) ;
#5584 = CARTESIAN_POINT ( 'NONE',  ( 0.5247219751229258433, 1.797700551839304994, 3.551000000000006818 ) ) ;
#5585 = DIRECTION ( 'NONE',  ( 0.0000000000000000000, -1.000000000000000000, -3.614007241618350743E-15 ) ) ;
#5586 = DIRECTION ( 'NONE',  ( 0.0000000000000000000, 3.491481338843133355E-15, -1.000000000000000000 ) ) ;
#5587 = EDGE_LOOP ( 'NONE', ( #532, #3852, #6666, #5686, #2670 ) ) ;
#5588 = CARTESIAN_POINT ( 'NONE',  ( 0.7696924900297661409, 1.859966203254106887, 3.551000000000007706 ) ) ;
#5589 =( NAMED_UNIT ( * ) PLANE_ANGLE_UNIT ( ) SI_UNIT ( $, .RADIAN. ) );
#5590 = LINE ( 'NONE', #4775, #2320 ) ;
#5591 = ORIENTED_EDGE ( 'NONE', *, *, #3744, .T. ) ;
#5592 = ORIENTED_EDGE ( 'NONE', *, *, #4, .F. ) ;
#5593 = PLANE ( 'NONE',  #3627 ) ;
#5594 = SURFACE_SIDE_STYLE ('',( #5461 ) ) ;
#5595 =( LENGTH_UNIT ( ) NAMED_UNIT ( * ) SI_UNIT ( .MILLI., .METRE. ) );
#5596 = SURFACE_STYLE_USAGE ( .BOTH. , #3595 ) ;
#5597 = CARTESIAN_POINT ( 'NONE',  ( 0.7389231114320462535, 2.336052725124666996, 3.551000000000010814 ) ) ;
#5598 = CARTESIAN_POINT ( 'NONE',  ( 0.4729406000558674661, 2.251544065019055907, 3.551000000000008594 ) ) ;
#5599 = ORIENTED_EDGE ( 'NONE', *, *, #2221, .F. ) ;
#5600 = CARTESIAN_POINT ( 'NONE',  ( 0.6001548527464827254, 1.717425296246301025, 3.551000000000007262 ) ) ;
#5601 = ORIENTED_EDGE ( 'NONE', *, *, #778, .F. ) ;
#5602 = UNCERTAINTY_MEASURE_WITH_UNIT (LENGTH_MEASURE( 1.000000000000000082E-05 ), #805, 'distance_accuracy_value', 'NONE');
#5603 = DIRECTION ( 'NONE',  ( -0.0000000000000000000, 1.000000000000000000, 3.491481338843133355E-15 ) ) ;
#5604 = ORIENTED_EDGE ( 'NONE', *, *, #1261, .T. ) ;
#5605 = FILL_AREA_STYLE ('',( #6129 ) ) ;
#5606 = AXIS2_PLACEMENT_3D ( 'NONE', #131, #795, #3397 ) ;
#5607 = CARTESIAN_POINT ( 'NONE',  ( 0.7230403725164168405, 2.374618142177832070, 3.551000000000009926 ) ) ;
#5608 = CARTESIAN_POINT ( 'NONE',  ( -1.519999999999999574, 3.299999999999998046, 4.050000000000012257 ) ) ;
#5609 = ORIENTED_EDGE ( 'NONE', *, *, #5057, .T. ) ;
#5610 = VECTOR ( 'NONE', #6957, 1000.000000000000000 ) ;
#5611 = UNCERTAINTY_MEASURE_WITH_UNIT (LENGTH_MEASURE( 1.000000000000000082E-05 ), #1336, 'distance_accuracy_value', 'NONE');
#5612 = UNCERTAINTY_MEASURE_WITH_UNIT (LENGTH_MEASURE( 1.000000000000000082E-05 ), #869, 'distance_accuracy_value', 'NONE');
#5613 = ORIENTED_EDGE ( 'NONE', *, *, #3976, .T. ) ;
#5614 = EDGE_CURVE ( 'NONE', #4276, #5384, #7757, .T. ) ;
#5615 = CARTESIAN_POINT ( 'NONE',  ( -0.3200000000000000067, 4.560000000000008491, 1.050000000000020473 ) ) ;
#5616 = VECTOR ( 'NONE', #5274, 1000.000000000000000 ) ;
#5617 = CARTESIAN_POINT ( 'NONE',  ( -0.3200000000000000067, 3.879999999999999005, 3.800000000000013589 ) ) ;
#5618 = SURFACE_SIDE_STYLE ('',( #3146 ) ) ;
#5619 = ORIENTED_EDGE ( 'NONE', *, *, #2459, .F. ) ;
#5620 = CARTESIAN_POINT ( 'NONE',  ( -2.860000000000000320, 4.560000000000008491, 1.050000000000020473 ) ) ;
#5621 = EDGE_LOOP ( 'NONE', ( #928, #5301, #4111, #7265, #4805, #303 ) ) ;
#5622 = EDGE_CURVE ( 'NONE', #4026, #2345, #4400, .T. ) ;
#5623 =( GEOMETRIC_REPRESENTATION_CONTEXT ( 3 ) GLOBAL_UNCERTAINTY_ASSIGNED_CONTEXT ( ( #6821 ) ) GLOBAL_UNIT_ASSIGNED_CONTEXT ( ( #3935, #5272, #3783 ) ) REPRESENTATION_CONTEXT ( 'NONE', 'WORKASPACE' ) );
#5624 = COLOUR_RGB ( '',0.7529411764705882248, 0.7529411764705882248, 0.7529411764705882248 ) ;
#5625 = PLANE ( 'NONE',  #4234 ) ;
#5626 = VERTEX_POINT ( 'NONE', #7456 ) ;
#5627 = CARTESIAN_POINT ( 'NONE',  ( 0.7281998855233435819, 1.761616864214940792, 3.551000000000005929 ) ) ;
#5628 =( GEOMETRIC_REPRESENTATION_CONTEXT ( 3 ) GLOBAL_UNCERTAINTY_ASSIGNED_CONTEXT ( ( #5612 ) ) GLOBAL_UNIT_ASSIGNED_CONTEXT ( ( #869, #2357, #5510 ) ) REPRESENTATION_CONTEXT ( 'NONE', 'WORKASPACE' ) );
#5629 = EDGE_LOOP ( 'NONE', ( #5785, #6224, #552, #954 ) ) ;
#5630 = CARTESIAN_POINT ( 'NONE',  ( 0.6232012195121952036, 2.419512195121951148, 3.550000000000009148 ) ) ;
#5631 = SURFACE_SIDE_STYLE ('',( #1766 ) ) ;
#5632 = CARTESIAN_POINT ( 'NONE',  ( 0.6017073170731709331, 2.031707317073169872, 3.551000000000008150 ) ) ;
#5633 = VECTOR ( 'NONE', #2698, 1000.000000000000000 ) ;
#5634 = PRESENTATION_LAYER_ASSIGNMENT (  '', '', ( #874 ) ) ;
#5635 = EDGE_CURVE ( 'NONE', #1173, #8023, #2717, .T. ) ;
#5636 = CARTESIAN_POINT ( 'NONE',  ( 0.6346341463414636452, 2.031707317073169872, 3.551000000000008150 ) ) ;
#5637 = PLANE ( 'NONE',  #7089 ) ;
#5638 = ORIENTED_EDGE ( 'NONE', *, *, #5010, .T. ) ;
#5639 = PRESENTATION_LAYER_ASSIGNMENT (  '', '', ( #3455 ) ) ;
#5640 = STYLED_ITEM ( 'NONE', ( #6219 ), #2491 ) ;
#5641 = CARTESIAN_POINT ( 'NONE',  ( 0.5138455336438093601, 2.244553482703789182, 3.550000000000008260 ) ) ;
#5642 = CARTESIAN_POINT ( 'NONE',  ( -0.3912143883924031895, 4.488785611607603698, 1.245659924048421630 ) ) ;
#5643 = PRESENTATION_STYLE_ASSIGNMENT (( #550 ) ) ;
#5644 = LINE ( 'NONE', #8282, #5966 ) ;
#5645 = EDGE_LOOP ( 'NONE', ( #6348, #5331, #7211, #3462 ) ) ;
#5646 = SURFACE_STYLE_USAGE ( .BOTH. , #4962 ) ;
#5647 = CARTESIAN_POINT ( 'NONE',  ( 0.7389231114320462535, 2.336052725124666996, 3.551000000000010814 ) ) ;
#5648 = EDGE_CURVE ( 'NONE', #1665, #3688, #7173, .T. ) ;
#5649 = PRESENTATION_LAYER_ASSIGNMENT (  '', '', ( #1566 ) ) ;
#5650 = VECTOR ( 'NONE', #5722, 1000.000000000000000 ) ;
#5651 =( GEOMETRIC_REPRESENTATION_CONTEXT ( 3 ) GLOBAL_UNCERTAINTY_ASSIGNED_CONTEXT ( ( #2212 ) ) GLOBAL_UNIT_ASSIGNED_CONTEXT ( ( #3358, #5316, #751 ) ) REPRESENTATION_CONTEXT ( 'NONE', 'WORKASPACE' ) );
#5652 = DIRECTION ( 'NONE',  ( -0.0000000000000000000, 1.000000000000000000, 3.491481338843133355E-15 ) ) ;
#5653 = FILL_AREA_STYLE_COLOUR ( '', #6345 ) ;
#5654 = ORIENTED_EDGE ( 'NONE', *, *, #7490, .F. ) ;
#5655 = PRESENTATION_LAYER_ASSIGNMENT (  '', '', ( #7989 ) ) ;
#5656 = CARTESIAN_POINT ( 'NONE',  ( 0.7427192734002383556, 2.411701756578742639, 3.551000000000152479 ) ) ;
#5657 = FILL_AREA_STYLE ('',( #3733 ) ) ;
#5658 = ORIENTED_EDGE ( 'NONE', *, *, #6305, .F. ) ;
#5659 = ORIENTED_EDGE ( 'NONE', *, *, #2917, .T. ) ;
#5660 = CARTESIAN_POINT ( 'NONE',  ( -2.721760304885335380, 5.061760304885345008, 0.6701895592001851920 ) ) ;
#5661 = DIRECTION ( 'NONE',  ( 0.3236155771181811747, 0.8891264907159892594, 0.3236155771181855600 ) ) ;
#5662 = EDGE_CURVE ( 'NONE', #3312, #6593, #5309, .T. ) ;
#5663 = FACE_OUTER_BOUND ( 'NONE', #996, .T. ) ;
#5664 = ORIENTED_EDGE ( 'NONE', *, *, #4414, .F. ) ;
#5665 = ORIENTED_EDGE ( 'NONE', *, *, #3905, .F. ) ;
#5666 = CARTESIAN_POINT ( 'NONE',  ( 0.6529268292682929298, 1.612461890243902518, 3.551000000000006818 ) ) ;
#5667 = CARTESIAN_POINT ( 'NONE',  ( -3.310000000000000497, 0.7999999999999997113, 3.550000000000003819 ) ) ;
#5668 =( GEOMETRIC_REPRESENTATION_CONTEXT ( 3 ) GLOBAL_UNCERTAINTY_ASSIGNED_CONTEXT ( ( #4060 ) ) GLOBAL_UNIT_ASSIGNED_CONTEXT ( ( #4708, #4272, #2939 ) ) REPRESENTATION_CONTEXT ( 'NONE', 'WORKASPACE' ) );
#5669 = CARTESIAN_POINT ( 'NONE',  ( 0.7700000000000001288, 1.651219512195122308, 3.550000000000006928 ) ) ;
#5670 =( LENGTH_UNIT ( ) NAMED_UNIT ( * ) SI_UNIT ( .MILLI., .METRE. ) );
#5671 = ORIENTED_EDGE ( 'NONE', *, *, #7067, .F. ) ;
#5672 = COLOUR_RGB ( '',0.7529411764705882248, 0.7529411764705882248, 0.7529411764705882248 ) ;
#5673 = CARTESIAN_POINT ( 'NONE',  ( 0.7700000000000001288, 1.651219512195122308, 3.550000000000006928 ) ) ;
#5674 = DIRECTION ( 'NONE',  ( 0.0000000000000000000, -1.000000000000000000, -3.491481338843133355E-15 ) ) ;
#5675 = SURFACE_STYLE_USAGE ( .BOTH. , #1941 ) ;
#5676 = CARTESIAN_POINT ( 'NONE',  ( 3.810000000000000053, 0.7999999999999928280, 5.550000000000003375 ) ) ;
#5677 = CARTESIAN_POINT ( 'NONE',  ( 0.3200000000000000067, 5.200000000000008171, 1.050000000000023581 ) ) ;
#5678 = CARTESIAN_POINT ( 'NONE',  ( 0.7367850781576206209, 1.862366473771744912, 3.550000000000008704 ) ) ;
#5679 = ADVANCED_FACE ( 'NONE', ( #6480 ), #7893, .T. ) ;
#5680 = VERTEX_POINT ( 'NONE', #8212 ) ;
#5681 = VECTOR ( 'NONE', #7908, 999.9999999999998863 ) ;
#5682 = VERTEX_POINT ( 'NONE', #5541 ) ;
#5683 = UNCERTAINTY_MEASURE_WITH_UNIT (LENGTH_MEASURE( 1.000000000000000082E-05 ), #737, 'distance_accuracy_value', 'NONE');
#5684 = CARTESIAN_POINT ( 'NONE',  ( 0.5066503553637533575, 2.261398685133214403, 3.550000000000007816 ) ) ;
#5685 = EDGE_CURVE ( 'NONE', #7748, #6774, #2800, .T. ) ;
#5686 = ORIENTED_EDGE ( 'NONE', *, *, #2339, .F. ) ;
#5687 =( GEOMETRIC_REPRESENTATION_CONTEXT ( 3 ) GLOBAL_UNCERTAINTY_ASSIGNED_CONTEXT ( ( #1251 ) ) GLOBAL_UNIT_ASSIGNED_CONTEXT ( ( #3892, #4439, #1920 ) ) REPRESENTATION_CONTEXT ( 'NONE', 'WORKASPACE' ) );
#5688 =( NAMED_UNIT ( * ) SI_UNIT ( $, .STERADIAN. ) SOLID_ANGLE_UNIT ( ) );
#5689 = MECHANICAL_DESIGN_GEOMETRIC_PRESENTATION_REPRESENTATION (  '', ( #6949 ), #3235 ) ;
#5690 = SURFACE_SIDE_STYLE ('',( #1782 ) ) ;
#5691 = DIRECTION ( 'NONE',  ( 1.000000000000000000, 0.0000000000000000000, -0.0000000000000000000 ) ) ;
#5692 = ORIENTED_EDGE ( 'NONE', *, *, #5614, .F. ) ;
#5693 = DIRECTION ( 'NONE',  ( 1.000000000000000000, 0.0000000000000000000, 0.0000000000000000000 ) ) ;
#5694 = PRESENTATION_STYLE_ASSIGNMENT (( #7690 ) ) ;
#5695 = ORIENTED_EDGE ( 'NONE', *, *, #4730, .T. ) ;
#5696 = AXIS2_PLACEMENT_3D ( 'NONE', #4712, #6700, #846 ) ;
#5697 = CARTESIAN_POINT ( 'NONE',  ( -0.3200000000000000067, 3.879999999999999005, 3.800000000000013589 ) ) ;
#5698 = STYLED_ITEM ( 'NONE', ( #4898 ), #1639 ) ;
#5699 = MECHANICAL_DESIGN_GEOMETRIC_PRESENTATION_REPRESENTATION (  '', ( #2286 ), #5018 ) ;
#5700 = CARTESIAN_POINT ( 'NONE',  ( 0.6529268292682929298, 1.512137957317073456, 3.551000000000006374 ) ) ;
#5701 =( NAMED_UNIT ( * ) PLANE_ANGLE_UNIT ( ) SI_UNIT ( $, .RADIAN. ) );
#5702 = LINE ( 'NONE', #7100, #2434 ) ;
#5703 = VERTEX_POINT ( 'NONE', #1046 ) ;
#5704 = PLANE ( 'NONE',  #6086 ) ;
#5705 = COLOUR_RGB ( '',0.7529411764705882248, 0.7529411764705882248, 0.7529411764705882248 ) ;
#5706 = EDGE_LOOP ( 'NONE', ( #5949, #25, #1124, #987 ) ) ;
#5707 = CARTESIAN_POINT ( 'NONE',  ( 2.220000000000000195, -4.699999999999997513, 4.479999999999984439 ) ) ;
#5708 = CARTESIAN_POINT ( 'NONE',  ( 2.860000000000000320, 4.559999999999996945, 3.800000000000016254 ) ) ;
#5709 = FILL_AREA_STYLE_COLOUR ( '', #3049 ) ;
#5710 = ORIENTED_EDGE ( 'NONE', *, *, #6375, .T. ) ;
#5711 = CARTESIAN_POINT ( 'NONE',  ( 0.5916942911095517399, 2.457344112412153336, 3.551000000000009482 ) ) ;
#5712 =( GEOMETRIC_REPRESENTATION_CONTEXT ( 3 ) GLOBAL_UNCERTAINTY_ASSIGNED_CONTEXT ( ( #6548 ) ) GLOBAL_UNIT_ASSIGNED_CONTEXT ( ( #3220, #5340, #3377 ) ) REPRESENTATION_CONTEXT ( 'NONE', 'WORKASPACE' ) );
#5713 = ORIENTED_EDGE ( 'NONE', *, *, #4859, .T. ) ;
#5714 = DIRECTION ( 'NONE',  ( 0.0000000000000000000, -3.491481338843133355E-15, 1.000000000000000000 ) ) ;
#5715 = LINE ( 'NONE', #3592, #2790 ) ;
#5716 = CARTESIAN_POINT ( 'NONE',  ( 0.5276219512195123862, 1.557298018292683439, 3.551000000000006374 ) ) ;
#5717 = ADVANCED_FACE ( 'NONE', ( #6897 ), #2953, .F. ) ;
#5718 = CARTESIAN_POINT ( 'NONE',  ( -0.7700000000000000178, 0.7999999999999997113, 3.550000000000003819 ) ) ;
#5719 = LINE ( 'NONE', #5676, #2730 ) ;
#5720 = MECHANICAL_DESIGN_GEOMETRIC_PRESENTATION_REPRESENTATION (  '', ( #2460 ), #6429 ) ;
#5721 = CARTESIAN_POINT ( 'NONE',  ( 0.6346341463414636452, 2.137804878048779944, 3.551000000000008594 ) ) ;
#5722 = DIRECTION ( 'NONE',  ( 0.0000000000000000000, 3.891802140991627604E-15, -1.000000000000000000 ) ) ;
#5723 = CARTESIAN_POINT ( 'NONE',  ( -2.220000000000000195, 3.880000000000008331, 1.050000000000018474 ) ) ;
#5724 = VERTEX_POINT ( 'NONE', #411 ) ;
#5725 = VECTOR ( 'NONE', #1931, 1000.000000000000000 ) ;
#5726 = CARTESIAN_POINT ( 'NONE',  ( 0.5003831219746303072, 2.288111120700013768, 3.551000000000008594 ) ) ;
#5727 = CARTESIAN_POINT ( 'NONE',  ( 0.6858536585365855309, 1.622580030487805303, 3.551000000000006818 ) ) ;
#5728 = ORIENTED_EDGE ( 'NONE', *, *, #8173, .F. ) ;
#5729 = DIRECTION ( 'NONE',  ( 0.0000000000000000000, 1.000000000000000000, 3.491481338843133355E-15 ) ) ;
#5730 = CARTESIAN_POINT ( 'NONE',  ( 0.5276219512195123862, 1.567701981707317227, 3.550000000000006928 ) ) ;
#5731 = CARTESIAN_POINT ( 'NONE',  ( -1.269999999999999796, 3.299999999999993161, 5.550000000000012257 ) ) ;
#5732 = UNCERTAINTY_MEASURE_WITH_UNIT (LENGTH_MEASURE( 1.000000000000000082E-05 ), #7796, 'distance_accuracy_value', 'NONE');
#5733 = DIRECTION ( 'NONE',  ( 0.3236155771181821184, -0.3236155771181787322, -0.8891264907159913689 ) ) ;
#5734 = LINE ( 'NONE', #6478, #3190 ) ;
#5735 = SURFACE_STYLE_FILL_AREA ( #3139 ) ;
#5736 = ADVANCED_FACE ( 'NONE', ( #955 ), #6983, .T. ) ;
#5737 = CARTESIAN_POINT ( 'NONE',  ( 0.4997231462622194198, 2.405773390905442177, 3.550000000000009592 ) ) ;
#5738 = CARTESIAN_POINT ( 'NONE',  ( 3.310000000000000497, 0.7999999999999997113, 3.550000000000003819 ) ) ;
#5739 = SURFACE_STYLE_FILL_AREA ( #2505 ) ;
#5740 = ORIENTED_EDGE ( 'NONE', *, *, #1837, .T. ) ;
#5741 = CARTESIAN_POINT ( 'NONE',  ( 0.7300264730925146717, 2.253676545799250253, 3.551000000000008150 ) ) ;
#5742 = FILL_AREA_STYLE_COLOUR ( '', #6744 ) ;
#5743 = FACE_OUTER_BOUND ( 'NONE', #3019, .T. ) ;
#5744 = ORIENTED_EDGE ( 'NONE', *, *, #4723, .T. ) ;
#5745 =( NAMED_UNIT ( * ) SI_UNIT ( $, .STERADIAN. ) SOLID_ANGLE_UNIT ( ) );
#5746 = DIRECTION ( 'NONE',  ( 0.0000000000000000000, 3.491481338843133355E-15, -1.000000000000000000 ) ) ;
#5747 = CARTESIAN_POINT ( 'NONE',  ( 0.7591350793917520656, 2.245071245157886697, 3.551000000000009038 ) ) ;
#5748 = ORIENTED_EDGE ( 'NONE', *, *, #2097, .F. ) ;
#5749 = CARTESIAN_POINT ( 'NONE',  ( 1.519999999999999574, 1.084435562925354368, 5.800000000000005151 ) ) ;
#5750 =( NAMED_UNIT ( * ) PLANE_ANGLE_UNIT ( ) SI_UNIT ( $, .RADIAN. ) );
#5751 = ORIENTED_EDGE ( 'NONE', *, *, #2768, .F. ) ;
#5752 = FACE_OUTER_BOUND ( 'NONE', #1368, .T. ) ;
#5753 = COLOUR_RGB ( '',0.7529411764705882248, 0.7529411764705882248, 0.7529411764705882248 ) ;
#5754 = LINE ( 'NONE', #1122, #178 ) ;
#5755 = EDGE_CURVE ( 'NONE', #7952, #3452, #7541, .T. ) ;
#5756 = ORIENTED_EDGE ( 'NONE', *, *, #4006, .T. ) ;
#5757 = FILL_AREA_STYLE ('',( #1935 ) ) ;
#5758 = CARTESIAN_POINT ( 'NONE',  ( 0.4667148438499928997, 2.323231495709269456, 3.551000000000009926 ) ) ;
#5759 = PRESENTATION_LAYER_ASSIGNMENT (  '', '', ( #182 ) ) ;
#5760 = CARTESIAN_POINT ( 'NONE',  ( 0.7629973064254100823, 2.254140144503266718, 3.550000000000010481 ) ) ;
#5761 = PRESENTATION_STYLE_ASSIGNMENT (( #1855 ) ) ;
#5762 = FILL_AREA_STYLE_COLOUR ( '', #3612 ) ;
#5763 =( LENGTH_UNIT ( ) NAMED_UNIT ( * ) SI_UNIT ( .MILLI., .METRE. ) );
#5764 = PRESENTATION_STYLE_ASSIGNMENT (( #3834 ) ) ;
#5765 = SURFACE_SIDE_STYLE ('',( #6624 ) ) ;
#5766 = PLANE ( 'NONE',  #8314 ) ;
#5767 = FILL_AREA_STYLE_COLOUR ( '', #7664 ) ;
#5768 = ADVANCED_FACE ( 'NONE', ( #3901 ), #5156, .T. ) ;
#5769 = ORIENTED_EDGE ( 'NONE', *, *, #5222, .F. ) ;
#5770 = EDGE_LOOP ( 'NONE', ( #1761, #2482, #4811, #2167 ) ) ;
#5771 = UNCERTAINTY_MEASURE_WITH_UNIT (LENGTH_MEASURE( 1.000000000000000082E-05 ), #1172, 'distance_accuracy_value', 'NONE');
#5772 = CARTESIAN_POINT ( 'NONE',  ( 0.7698961083942682526, 1.871220437328992237, 3.550000000000008260 ) ) ;
#5773 = VECTOR ( 'NONE', #1199, 1000.000000000000000 ) ;
#5774 =( GEOMETRIC_REPRESENTATION_CONTEXT ( 3 ) GLOBAL_UNCERTAINTY_ASSIGNED_CONTEXT ( ( #1107 ) ) GLOBAL_UNIT_ASSIGNED_CONTEXT ( ( #6511, #1289, #4647 ) ) REPRESENTATION_CONTEXT ( 'NONE', 'WORKASPACE' ) );
#5775 = FILL_AREA_STYLE_COLOUR ( '', #4656 ) ;
#5776 = ORIENTED_EDGE ( 'NONE', *, *, #5991, .T. ) ;
#5777 = LINE ( 'NONE', #553, #1768 ) ;
#5778 = SURFACE_STYLE_FILL_AREA ( #8231 ) ;
#5779 = CARTESIAN_POINT ( 'NONE',  ( 0.5963628385421508860, 2.417780838733138538, 3.551000000000008594 ) ) ;
#5780 =( NAMED_UNIT ( * ) SI_UNIT ( $, .STERADIAN. ) SOLID_ANGLE_UNIT ( ) );
#5781 = VECTOR ( 'NONE', #3192, 1000.000000000000000 ) ;
#5782 = EDGE_CURVE ( 'NONE', #8463, #219, #5382, .T. ) ;
#5783 = VECTOR ( 'NONE', #7722, 999.9999999999998863 ) ;
#5784 = VECTOR ( 'NONE', #6620, 1000.000000000000000 ) ;
#5785 = ORIENTED_EDGE ( 'NONE', *, *, #18, .F. ) ;
#5786 = FILL_AREA_STYLE ('',( #1832 ) ) ;
#5787 = COLOUR_RGB ( '',0.7529411764705882248, 0.7529411764705882248, 0.7529411764705882248 ) ;
#5788 = VECTOR ( 'NONE', #1316, 1000.000000000000000 ) ;
#5789 = CARTESIAN_POINT ( 'NONE',  ( 0.7466357773737909431, 1.785578649881135238, 3.551000000000008150 ) ) ;
#5790 = EDGE_CURVE ( 'NONE', #413, #6444, #2614, .T. ) ;
#5791 = B_SPLINE_CURVE_WITH_KNOTS ( 'NONE', 3,
 ( #203, #4823, #6818, #8011, #965, #3758, #5553 ),
 .UNSPECIFIED., .F., .F.,
 ( 4, 1, 1, 1, 4 ),
 ( 0.0000000000000000000, 0.3005748677701820526, 0.5683474126119572034, 0.8000111549537368694, 1.000000000000000000 ),
 .UNSPECIFIED. ) ;
#5792 = DIRECTION ( 'NONE',  ( 0.0000000000000000000, -1.000000000000000000, -5.388156251140086490E-15 ) ) ;
#5793 = MECHANICAL_DESIGN_GEOMETRIC_PRESENTATION_REPRESENTATION (  '', ( #1292 ), #5377 ) ;
#5794 = ORIENTED_EDGE ( 'NONE', *, *, #2265, .F. ) ;
#5795 = FACE_OUTER_BOUND ( 'NONE', #71, .T. ) ;
#5796 = FILL_AREA_STYLE ('',( #824 ) ) ;
#5797 = EDGE_CURVE ( 'NONE', #983, #6838, #3234, .T. ) ;
#5798 = DIRECTION ( 'NONE',  ( -1.000000000000000000, 0.0000000000000000000, 0.0000000000000000000 ) ) ;
#5799 = AXIS2_PLACEMENT_3D ( 'NONE', #2399, #7947, #3348 ) ;
#5800 = CARTESIAN_POINT ( 'NONE',  ( -2.860000000000000320, 3.099999999999995204, 4.800000000000011369 ) ) ;
#5801 = ORIENTED_EDGE ( 'NONE', *, *, #6172, .T. ) ;
#5802 = SURFACE_STYLE_USAGE ( .BOTH. , #2613 ) ;
#5803 = UNCERTAINTY_MEASURE_WITH_UNIT (LENGTH_MEASURE( 1.000000000000000082E-05 ), #1050, 'distance_accuracy_value', 'NONE');
#5804 = CARTESIAN_POINT ( 'NONE',  ( 0.5326804695512503685, 2.388298410274139805, 3.551000000000009482 ) ) ;
#5805 = CARTESIAN_POINT ( 'NONE',  ( 1.519999999999999574, 3.299999999999998934, 3.800000000000012701 ) ) ;
#5806 = VERTEX_POINT ( 'NONE', #7705 ) ;
#5807 = COLOUR_RGB ( '',0.7529411764705882248, 0.7529411764705882248, 0.7529411764705882248 ) ;
#5808 =( NAMED_UNIT ( * ) PLANE_ANGLE_UNIT ( ) SI_UNIT ( $, .RADIAN. ) );
#5809 = SURFACE_SIDE_STYLE ('',( #6462 ) ) ;
#5810 =( GEOMETRIC_REPRESENTATION_CONTEXT ( 3 ) GLOBAL_UNCERTAINTY_ASSIGNED_CONTEXT ( ( #6575 ) ) GLOBAL_UNIT_ASSIGNED_CONTEXT ( ( #5191, #1939, #1240 ) ) REPRESENTATION_CONTEXT ( 'NONE', 'WORKASPACE' ) );
#5811 = CARTESIAN_POINT ( 'NONE',  ( -3.560000000000000497, 3.099999999999998757, 3.800000000000011813 ) ) ;
#5812 = SURFACE_SIDE_STYLE ('',( #1898 ) ) ;
#5813 = CARTESIAN_POINT ( 'NONE',  ( 0.7699999995299525724, 2.355314253319456874, 3.550000000000008704 ) ) ;
#5814 = ORIENTED_EDGE ( 'NONE', *, *, #335, .F. ) ;
#5815 = VECTOR ( 'NONE', #1616, 1000.000000000000000 ) ;
#5816 = ORIENTED_EDGE ( 'NONE', *, *, #2131, .T. ) ;
#5817 = CARTESIAN_POINT ( 'NONE',  ( 0.6790415143094963302, 1.728019774363149574, 3.550000000000008704 ) ) ;
#5818 = CARTESIAN_POINT ( 'NONE',  ( 3.810000000000000941, 3.099999999999992539, 5.550000000000011369 ) ) ;
#5819 = VERTEX_POINT ( 'NONE', #534 ) ;
#5820 = DIRECTION ( 'NONE',  ( 0.7071067811865479058, -2.468850131082264949E-15, 0.7071067811865472397 ) ) ;
#5821 = CARTESIAN_POINT ( 'NONE',  ( 0.7364782883880025555, 2.346557666218005433, 3.550000000000009148 ) ) ;
#5822 = CARTESIAN_POINT ( 'NONE',  ( 0.5262560194280671011, 1.567242709409634172, 3.550000000000006928 ) ) ;
#5823 = CARTESIAN_POINT ( 'NONE',  ( 0.7215243902439024692, 2.236585365853658303, 3.551000000000009038 ) ) ;
#5824 = SURFACE_STYLE_USAGE ( .BOTH. , #7129 ) ;
#5825 = COLOUR_RGB ( '',0.7529411764705882248, 0.7529411764705882248, 0.7529411764705882248 ) ;
#5826 =( LENGTH_UNIT ( ) NAMED_UNIT ( * ) SI_UNIT ( .MILLI., .METRE. ) );
#5827 = FILL_AREA_STYLE_COLOUR ( '', #3420 ) ;
#5828 = ADVANCED_FACE ( 'NONE', ( #4547 ), #7196, .T. ) ;
#5829 = COLOUR_RGB ( '',0.7529411764705882248, 0.7529411764705882248, 0.7529411764705882248 ) ;
#5830 = CARTESIAN_POINT ( 'NONE',  ( 0.6492075641414220000, 1.719609334201176676, 3.551000000000007706 ) ) ;
#5831 =( GEOMETRIC_REPRESENTATION_CONTEXT ( 3 ) GLOBAL_UNCERTAINTY_ASSIGNED_CONTEXT ( ( #3213 ) ) GLOBAL_UNIT_ASSIGNED_CONTEXT ( ( #79, #5948, #2123 ) ) REPRESENTATION_CONTEXT ( 'NONE', 'WORKASPACE' ) );
#5832 = VECTOR ( 'NONE', #5154, 1000.000000000000000 ) ;
#5833 = CARTESIAN_POINT ( 'NONE',  ( 0.5262560194280671011, 1.567242709409634172, 3.550000000000006928 ) ) ;
#5834 = EDGE_CURVE ( 'NONE', #2311, #3453, #847, .T. ) ;
#5835 = PRESENTATION_LAYER_ASSIGNMENT (  '', '', ( #6531 ) ) ;
#5836 = SURFACE_SIDE_STYLE ('',( #6532 ) ) ;
#5837 = CARTESIAN_POINT ( 'NONE',  ( 0.7700000000000000178, 0.7999999999999997113, 3.550000000000003819 ) ) ;
#5838 = MECHANICAL_DESIGN_GEOMETRIC_PRESENTATION_REPRESENTATION (  '', ( #790 ), #6259 ) ;
#5839 = COLOUR_RGB ( '',0.2509803921568627416, 0.2509803921568627416, 0.2509803921568627416 ) ;
#5840 = LINE ( 'NONE', #481, #3833 ) ;
#5841 = SURFACE_STYLE_FILL_AREA ( #7147 ) ;
#5842 = FILL_AREA_STYLE ('',( #8305 ) ) ;
#5843 = EDGE_CURVE ( 'NONE', #4141, #6688, #7399, .T. ) ;
#5844 = CARTESIAN_POINT ( 'NONE',  ( 3.560000000000000497, 3.099999999999998312, 4.050000000000012257 ) ) ;
#5845 = MECHANICAL_DESIGN_GEOMETRIC_PRESENTATION_REPRESENTATION (  '', ( #8045 ), #3529 ) ;
#5846 = MECHANICAL_DESIGN_GEOMETRIC_PRESENTATION_REPRESENTATION (  '', ( #7374 ), #8335 ) ;
#5847 = CARTESIAN_POINT ( 'NONE',  ( 0.5248231583750186946, 2.380197067324262505, 3.551000000000010814 ) ) ;
#5848 = VECTOR ( 'NONE', #4386, 1000.000000000000000 ) ;
#5849 = CARTESIAN_POINT ( 'NONE',  ( 0.3200000000000000067, 3.879999999999999005, 3.800000000000013589 ) ) ;
#5850 = FACE_BOUND ( 'NONE', #4755, .T. ) ;
#5851 = CARTESIAN_POINT ( 'NONE',  ( 2.860000000000000320, -4.699999999999995737, 3.799999999999983391 ) ) ;
#5852 = LINE ( 'NONE', #3832, #120 ) ;
#5853 = FACE_BOUND ( 'NONE', #3212, .T. ) ;
#5854 = DIRECTION ( 'NONE',  ( -1.000000000000000000, -0.0000000000000000000, 0.0000000000000000000 ) ) ;
#5855 = AXIS2_PLACEMENT_3D ( 'NONE', #7593, #6810, #1688 ) ;
#5856 = CARTESIAN_POINT ( 'NONE',  ( -2.220000000000000195, 4.559999999999996945, 3.800000000000016254 ) ) ;
#5857 = EDGE_LOOP ( 'NONE', ( #6568, #4725, #6834, #7403, #4649 ) ) ;
#5858 = UNCERTAINTY_MEASURE_WITH_UNIT (LENGTH_MEASURE( 1.000000000000000082E-05 ), #1677, 'distance_accuracy_value', 'NONE');
#5859 = CARTESIAN_POINT ( 'NONE',  ( 0.7281998855233435819, 1.761616864214940792, 3.550000000000006040 ) ) ;
#5860 = SURFACE_STYLE_USAGE ( .BOTH. , #1951 ) ;
#5861 = DIRECTION ( 'NONE',  ( 0.0000000000000000000, -3.491481338843133355E-15, 1.000000000000000000 ) ) ;
#5862 = CARTESIAN_POINT ( 'NONE',  ( 1.020000000000000462, 1.084435562925354368, 5.800000000000005151 ) ) ;
#5863 = CARTESIAN_POINT ( 'NONE',  ( 0.6917919755222337042, 2.403252309331255887, 3.550000000000010481 ) ) ;
#5864 = MECHANICAL_DESIGN_GEOMETRIC_PRESENTATION_REPRESENTATION (  '', ( #1233 ), #8065 ) ;
#5865 = UNCERTAINTY_MEASURE_WITH_UNIT (LENGTH_MEASURE( 1.000000000000000082E-05 ), #5826, 'distance_accuracy_value', 'NONE');
#5866 = CARTESIAN_POINT ( 'NONE',  ( 0.7261975465765403426, 2.244882178262786354, 3.550000000000010036 ) ) ;
#5867 = LINE ( 'NONE', #5060, #6338 ) ;
#5868 = SURFACE_SIDE_STYLE ('',( #1263 ) ) ;
#5869 =( LENGTH_UNIT ( ) NAMED_UNIT ( * ) SI_UNIT ( .MILLI., .METRE. ) );
#5870 = SURFACE_SIDE_STYLE ('',( #7859 ) ) ;
#5871 = EDGE_CURVE ( 'NONE', #3958, #4090, #1441, .T. ) ;
#5872 = ORIENTED_EDGE ( 'NONE', *, *, #5317, .F. ) ;
#5873 =( NAMED_UNIT ( * ) PLANE_ANGLE_UNIT ( ) SI_UNIT ( $, .RADIAN. ) );
#5874 = VERTEX_POINT ( 'NONE', #232 ) ;
#5875 = FILL_AREA_STYLE_COLOUR ( '', #7960 ) ;
#5876 = STYLED_ITEM ( 'NONE', ( #1482 ), #7561 ) ;
#5877 = CARTESIAN_POINT ( 'NONE',  ( 0.6529268292682929298, 1.512137957317073456, 3.551000000000006374 ) ) ;
#5878 = DIRECTION ( 'NONE',  ( 0.0000000000000000000, -3.491481338843133355E-15, 1.000000000000000000 ) ) ;
#5879 = SURFACE_STYLE_FILL_AREA ( #1934 ) ;
#5880 = CARTESIAN_POINT ( 'NONE',  ( 0.6256592987804878714, 2.459756097560975352, 3.551000000000009926 ) ) ;
#5881 = EDGE_CURVE ( 'NONE', #3261, #8387, #136, .T. ) ;
#5882 = UNCERTAINTY_MEASURE_WITH_UNIT (LENGTH_MEASURE( 1.000000000000000082E-05 ), #6995, 'distance_accuracy_value', 'NONE');
#5883 = VERTEX_POINT ( 'NONE', #3402 ) ;
#5884 = PRESENTATION_LAYER_ASSIGNMENT (  '', '', ( #2897 ) ) ;
#5885 =( LENGTH_UNIT ( ) NAMED_UNIT ( * ) SI_UNIT ( .MILLI., .METRE. ) );
#5886 = FILL_AREA_STYLE ('',( #5290 ) ) ;
#5887 = CARTESIAN_POINT ( 'NONE',  ( 0.4782317073170732624, 2.236585365853658303, 3.551000000000009038 ) ) ;
#5888 = VECTOR ( 'NONE', #4710, 1000.000000000000000 ) ;
#5889 =( NAMED_UNIT ( * ) SI_UNIT ( $, .STERADIAN. ) SOLID_ANGLE_UNIT ( ) );
#5890 = CARTESIAN_POINT ( 'NONE',  ( -3.810000000000000941, 0.7999999999999928280, 5.550000000000003375 ) ) ;
#5891 = PLANE ( 'NONE',  #6504 ) ;
#5892 = MECHANICAL_DESIGN_GEOMETRIC_PRESENTATION_REPRESENTATION (  '', ( #6308 ), #3039 ) ;
#5893 = ORIENTED_EDGE ( 'NONE', *, *, #3082, .F. ) ;
#5894 = DIRECTION ( 'NONE',  ( 0.0000000000000000000, 1.000000000000000000, 3.491481338843133750E-15 ) ) ;
#5895 = DIRECTION ( 'NONE',  ( 0.0000000000000000000, 1.000000000000000000, 3.491481338843133355E-15 ) ) ;
#5896 = ADVANCED_FACE ( 'NONE', ( #6094 ), #2059, .T. ) ;
#5897 = VERTEX_POINT ( 'NONE', #179 ) ;
#5898 = CARTESIAN_POINT ( 'NONE',  ( 2.860000000000000320, -5.200000000000004619, 4.938014882866880839 ) ) ;
#5899 = DIRECTION ( 'NONE',  ( 0.0000000000000000000, -1.000000000000000000, -3.823852823389738749E-15 ) ) ;
#5900 = SURFACE_STYLE_USAGE ( .BOTH. , #6555 ) ;
#5901 = ORIENTED_EDGE ( 'NONE', *, *, #5396, .T. ) ;
#5902 = CARTESIAN_POINT ( 'NONE',  ( 0.4782317073170732624, 2.236585365853658303, 3.551000000000009038 ) ) ;
#5903 = VECTOR ( 'NONE', #8215, 1000.000000000000000 ) ;
#5904 = PRESENTATION_LAYER_ASSIGNMENT (  '', '', ( #3854 ) ) ;
#5905 = ADVANCED_FACE ( 'NONE', ( #3309 ), #3942, .T. ) ;
#5906 = ORIENTED_EDGE ( 'NONE', *, *, #3844, .T. ) ;
#5907 = DIRECTION ( 'NONE',  ( 1.000000000000000000, 0.0000000000000000000, 0.0000000000000000000 ) ) ;
#5908 = B_SPLINE_SURFACE_WITH_KNOTS ( 'NONE', 3, 1, ( 
 ( #151, #633 ),
 ( #7216, #8454 ),
 ( #111, #2592 ),
 ( #3919, #7170 ),
 ( #6590, #3328 ),
 ( #2073, #2241 ),
 ( #7333, #1503 ),
 ( #3555, #1002 ),
 ( #4081, #288 ),
 ( #8008, #4173 ),
 ( #4820, #4783 ),
 ( #7465, #1649 ),
 ( #7382, #1457 ),
 ( #6812, #3597 ),
 ( #961, #7509 ),
 ( #6196, #372 ),
 ( #7416, #6716 ),
 ( #330, #4048 ),
 ( #5550, #5507 ) ),
 .UNSPECIFIED., .F., .F., .F.,
 ( 4, 1, 1, 1, 1, 1, 1, 1, 1, 1, 1, 1, 1, 1, 1, 1, 4 ),
 ( 2, 2 ),
 ( 0.0000000000000000000, 0.07064215072300310261, 0.1382536470674235463, 0.2033596107954859789, 0.2662484148830682740, 0.3279196778882909058, 0.3887512814041684250, 0.4494357474917642370, 0.5108718673107424113, 0.5720888932305399077, 0.6317426019427836437, 0.6911240658607696874, 0.7503655699490048292, 0.8100371166225087682, 0.8713653057843916416, 0.9344285965418714923, 1.000000000000000000 ),
 ( 0.0000000000000000000, 1.000000000000000000 ),
 .UNSPECIFIED. ) ;
#5909 = AXIS2_PLACEMENT_3D ( 'NONE', #3955, #6760, #3504 ) ;
#5910 = DIRECTION ( 'NONE',  ( 0.0000000000000000000, 1.000000000000000000, 3.491481338843133750E-15 ) ) ;
#5911 = LINE ( 'NONE', #5267, #4241 ) ;
#5912 = VECTOR ( 'NONE', #5951, 1000.000000000000114 ) ;
#5913 = VECTOR ( 'NONE', #6197, 1000.000000000000000 ) ;
#5914 = STYLED_ITEM ( 'NONE', ( #1919 ), #2512 ) ;
#5915 = CARTESIAN_POINT ( 'NONE',  ( 0.6858917144096858820, 2.450482110555392889, 3.550000000000011813 ) ) ;
#5916 = SURFACE_STYLE_FILL_AREA ( #2653 ) ;
#5917 = EDGE_CURVE ( 'NONE', #3051, #4002, #1075, .T. ) ;
#5918 = CARTESIAN_POINT ( 'NONE',  ( 0.7700000000000001288, 2.178048780487804148, 3.551000000000009038 ) ) ;
#5919 =( GEOMETRIC_REPRESENTATION_CONTEXT ( 3 ) GLOBAL_UNCERTAINTY_ASSIGNED_CONTEXT ( ( #7359 ) ) GLOBAL_UNIT_ASSIGNED_CONTEXT ( ( #8289, #515, #5780 ) ) REPRESENTATION_CONTEXT ( 'NONE', 'WORKASPACE' ) );
#5920 = CARTESIAN_POINT ( 'NONE',  ( -2.220000000000000195, 4.741985117133110883, 0.5500000000000174749 ) ) ;
#5921 = CARTESIAN_POINT ( 'NONE',  ( 0.4995271055064803289, 2.318877482003919077, 3.550000000000010036 ) ) ;
#5922 =( LENGTH_UNIT ( ) NAMED_UNIT ( * ) SI_UNIT ( .MILLI., .METRE. ) );
#5923 = VERTEX_POINT ( 'NONE', #6788 ) ;
#5924 = DIRECTION ( 'NONE',  ( -1.000000000000000000, -0.0000000000000000000, 0.0000000000000000000 ) ) ;
#5925 = DIRECTION ( 'NONE',  ( 0.0000000000000000000, -3.491481338843133355E-15, 1.000000000000000000 ) ) ;
#5926 = FACE_OUTER_BOUND ( 'NONE', #4488, .T. ) ;
#5927 = CARTESIAN_POINT ( 'NONE',  ( 0.4700000000000001954, 2.024390243902438602, 3.550000000000007816 ) ) ;
#5928 = PRESENTATION_LAYER_ASSIGNMENT (  '', '', ( #1992 ) ) ;
#5929 =( LENGTH_UNIT ( ) NAMED_UNIT ( * ) SI_UNIT ( .MILLI., .METRE. ) );
#5930 = EDGE_CURVE ( 'NONE', #2760, #7762, #1036, .T. ) ;
#5931 = DIRECTION ( 'NONE',  ( -0.7071067811865473507, -2.468850131082266527E-15, 0.7071067811865477948 ) ) ;
#5932 = EDGE_LOOP ( 'NONE', ( #2461, #6377, #1073, #4973 ) ) ;
#5933 = EDGE_LOOP ( 'NONE', ( #4245, #7717, #354, #836 ) ) ;
#5934 = VERTEX_POINT ( 'NONE', #1623 ) ;
#5935 = CARTESIAN_POINT ( 'NONE',  ( 0.7675989643470630952, 1.843508785323452415, 3.550000000000007816 ) ) ;
#5936 =( NAMED_UNIT ( * ) SI_UNIT ( $, .STERADIAN. ) SOLID_ANGLE_UNIT ( ) );
#5937 = COLOUR_RGB ( '',0.2509803921568627416, 0.2509803921568627416, 0.2509803921568627416 ) ;
#5938 = EDGE_CURVE ( 'NONE', #4986, #7592, #1714, .T. ) ;
#5939 = LINE ( 'NONE', #3329, #6895 ) ;
#5940 = PRESENTATION_LAYER_ASSIGNMENT (  '', '', ( #5251 ) ) ;
#5941 =( NAMED_UNIT ( * ) PLANE_ANGLE_UNIT ( ) SI_UNIT ( $, .RADIAN. ) );
#5942 =( NAMED_UNIT ( * ) SI_UNIT ( $, .STERADIAN. ) SOLID_ANGLE_UNIT ( ) );
#5943 = ORIENTED_EDGE ( 'NONE', *, *, #5296, .T. ) ;
#5944 = FILL_AREA_STYLE ('',( #3965 ) ) ;
#5945 = CARTESIAN_POINT ( 'NONE',  ( 0.4703637171774835979, 1.857557583241226107, 3.551000000000007262 ) ) ;
#5946 = EDGE_CURVE ( 'NONE', #121, #7628, #1115, .T. ) ;
#5947 = FACE_OUTER_BOUND ( 'NONE', #291, .T. ) ;
#5948 =( NAMED_UNIT ( * ) PLANE_ANGLE_UNIT ( ) SI_UNIT ( $, .RADIAN. ) );
#5949 = ORIENTED_EDGE ( 'NONE', *, *, #4769, .F. ) ;
#5950 = CARTESIAN_POINT ( 'NONE',  ( -0.3200000000000000067, 3.879999999999994564, 5.120000000000012541 ) ) ;
#5951 = DIRECTION ( 'NONE',  ( 0.9466707760722532505, 0.3222024856061132536, 0.0000000000000000000 ) ) ;
#5952 = ORIENTED_EDGE ( 'NONE', *, *, #5126, .T. ) ;
#5953 =( LENGTH_UNIT ( ) NAMED_UNIT ( * ) SI_UNIT ( .MILLI., .METRE. ) );
#5954 = VECTOR ( 'NONE', #7060, 1000.000000000000000 ) ;
#5955 =( LENGTH_UNIT ( ) NAMED_UNIT ( * ) SI_UNIT ( .MILLI., .METRE. ) );
#5956 = SURFACE_STYLE_FILL_AREA ( #2606 ) ;
#5957 = LINE ( 'NONE', #4631, #6366 ) ;
#5958 = FILL_AREA_STYLE_COLOUR ( '', #2892 ) ;
#5959 = STYLED_ITEM ( 'NONE', ( #775 ), #1105 ) ;
#5960 = COLOUR_RGB ( '',0.7529411764705882248, 0.7529411764705882248, 0.7529411764705882248 ) ;
#5961 = FILL_AREA_STYLE ('',( #2734 ) ) ;
#5962 = MANIFOLD_SOLID_BREP ( '�г�-����2', #2060 ) ;
#5963 = VECTOR ( 'NONE', #1968, 1000.000000000000000 ) ;
#5964 = UNCERTAINTY_MEASURE_WITH_UNIT (LENGTH_MEASURE( 1.000000000000000082E-05 ), #761, 'distance_accuracy_value', 'NONE');
#5965 = EDGE_LOOP ( 'NONE', ( #662, #1998, #4777, #5086 ) ) ;
#5966 = VECTOR ( 'NONE', #5518, 1000.000000000000000 ) ;
#5967 = CARTESIAN_POINT ( 'NONE',  ( 0.7701840150601184654, 2.354784594629216965, 3.551000000000009038 ) ) ;
#5968 = PRESENTATION_LAYER_ASSIGNMENT (  '', '', ( #790 ) ) ;
#5969 = DIRECTION ( 'NONE',  ( 0.0000000000000000000, 3.491481338843133355E-15, -1.000000000000000000 ) ) ;
#5970 = VERTEX_POINT ( 'NONE', #6145 ) ;
#5971 =( NAMED_UNIT ( * ) PLANE_ANGLE_UNIT ( ) SI_UNIT ( $, .RADIAN. ) );
#5972 = FILL_AREA_STYLE_COLOUR ( '', #549 ) ;
#5973 = CARTESIAN_POINT ( 'NONE',  ( -2.220000000000000195, 3.879999999999994564, 5.120000000000012541 ) ) ;
#5974 = CARTESIAN_POINT ( 'NONE',  ( 3.310000000000000497, 0.7999999999999997113, 3.550000000000003819 ) ) ;
#5975 = DIRECTION ( 'NONE',  ( 0.0000000000000000000, -0.3420201433256626622, -0.9396926207859106484 ) ) ;
#5976 = MECHANICAL_DESIGN_GEOMETRIC_PRESENTATION_REPRESENTATION (  '', ( #1908 ), #4880 ) ;
#5977 = ORIENTED_EDGE ( 'NONE', *, *, #267, .T. ) ;
#5978 = ORIENTED_EDGE ( 'NONE', *, *, #5648, .F. ) ;
#5979 = EDGE_CURVE ( 'NONE', #2272, #1517, #2222, .T. ) ;
#5980 = PRESENTATION_STYLE_ASSIGNMENT (( #774 ) ) ;
#5981 = PRESENTATION_STYLE_ASSIGNMENT (( #66 ) ) ;
#5982 = AXIS2_PLACEMENT_3D ( 'NONE', #8007, #110, #4733 ) ;
#5983 = ORIENTED_EDGE ( 'NONE', *, *, #5834, .F. ) ;
#5984 = CARTESIAN_POINT ( 'NONE',  ( 1.519999999999999574, 3.099999999999998312, 4.050000000000012257 ) ) ;
#5985 = PLANE ( 'NONE',  #2521 ) ;
#5986 =( NAMED_UNIT ( * ) SI_UNIT ( $, .STERADIAN. ) SOLID_ANGLE_UNIT ( ) );
#5987 = SURFACE_STYLE_USAGE ( .BOTH. , #2162 ) ;
#5988 = DIRECTION ( 'NONE',  ( -1.000000000000000000, 0.0000000000000000000, 0.0000000000000000000 ) ) ;
#5989 = ORIENTED_EDGE ( 'NONE', *, *, #5135, .T. ) ;
#5990 = STYLED_ITEM ( 'NONE', ( #7323 ), #8302 ) ;
#5991 = EDGE_CURVE ( 'NONE', #2550, #1707, #1753, .T. ) ;
#5992 = SURFACE_STYLE_FILL_AREA ( #2041 ) ;
#5993 = DIRECTION ( 'NONE',  ( 0.0000000000000000000, 1.000000000000000000, 3.491481338843133355E-15 ) ) ;
#5994 = ORIENTED_EDGE ( 'NONE', *, *, #3788, .T. ) ;
#5995 = LINE ( 'NONE', #162, #796 ) ;
#5996 = FILL_AREA_STYLE ('',( #1429 ) ) ;
#5997 = ADVANCED_FACE ( 'NONE', ( #309 ), #6311, .F. ) ;
#5998 = DIRECTION ( 'NONE',  ( 0.0000000000000000000, -1.000000000000000000, -3.491481338843133355E-15 ) ) ;
#5999 = ORIENTED_EDGE ( 'NONE', *, *, #6862, .F. ) ;
#6000 = FILL_AREA_STYLE ('',( #834 ) ) ;
#6001 = ORIENTED_EDGE ( 'NONE', *, *, #3657, .F. ) ;
#6002 = VECTOR ( 'NONE', #4554, 1000.000000000000000 ) ;
#6003 = CARTESIAN_POINT ( 'NONE',  ( 1.270000000000000018, 0.7999999999999928280, 5.550000000000003375 ) ) ;
#6004 = VERTEX_POINT ( 'NONE', #646 ) ;
#6005 = EDGE_CURVE ( 'NONE', #7003, #1630, #3065, .T. ) ;
#6006 = CARTESIAN_POINT ( 'NONE',  ( 0.4663664667453168433, 2.303695630837243158, 3.550000000000009148 ) ) ;
#6007 = CARTESIAN_POINT ( 'NONE',  ( 0.4700000000000001954, 1.581707317073171026, 3.550000000000006928 ) ) ;
#6008 = SURFACE_STYLE_FILL_AREA ( #4149 ) ;
#6009 = ORIENTED_EDGE ( 'NONE', *, *, #2412, .F. ) ;
#6010 = LINE ( 'NONE', #896, #760 ) ;
#6011 =( NAMED_UNIT ( * ) PLANE_ANGLE_UNIT ( ) SI_UNIT ( $, .RADIAN. ) );
#6012 = AXIS2_PLACEMENT_3D ( 'NONE', #5697, #1879, #6523 ) ;
#6013 = ADVANCED_FACE ( 'NONE', ( #523 ), #607, .F. ) ;
#6014 = CARTESIAN_POINT ( 'NONE',  ( 3.810000000000000053, 0.7999999999999928280, 5.550000000000003375 ) ) ;
#6015 = FILL_AREA_STYLE_COLOUR ( '', #5248 ) ;
#6016 = FACE_OUTER_BOUND ( 'NONE', #2376, .T. ) ;
#6017 = FILL_AREA_STYLE_COLOUR ( '', #2919 ) ;
#6018 = FACE_OUTER_BOUND ( 'NONE', #1759, .T. ) ;
#6019 = DIRECTION ( 'NONE',  ( 1.000000000000000000, 0.0000000000000000000, -0.0000000000000000000 ) ) ;
#6020 =( LENGTH_UNIT ( ) NAMED_UNIT ( * ) SI_UNIT ( .MILLI., .METRE. ) );
#6021 = COLOUR_RGB ( '',0.7529411764705882248, 0.7529411764705882248, 0.7529411764705882248 ) ;
#6022 = ORIENTED_EDGE ( 'NONE', *, *, #2642, .T. ) ;
#6023 = LINE ( 'NONE', #5380, #559 ) ;
#6024 = B_SPLINE_CURVE_WITH_KNOTS ( 'NONE', 3,
 ( #8046, #4118, #6754, #6279, #2478, #2341, #485, #446, #4412, #3074, #1195, #2388, #4982, #6412, #5279, #7872, #3272, #1439, #2735 ),
 .UNSPECIFIED., .F., .F.,
 ( 4, 1, 1, 1, 1, 1, 1, 1, 1, 1, 1, 1, 1, 1, 1, 1, 4 ),
 ( 0.0000000000000000000, 0.06863281452251178416, 0.1345696734730735811, 0.1983328812253329354, 0.2607959826476435872, 0.3220068264360576027, 0.3827308687972293955, 0.4435480458920922353, 0.5051454695004216067, 0.5662273706519540539, 0.6261207880494004119, 0.6853656576789711741, 0.7449101527780603860, 0.8054112038394392048, 0.8676331114143819301, 0.9323061688368518007, 1.000000000000000000 ),
 .UNSPECIFIED. ) ;
#6025 = SURFACE_STYLE_FILL_AREA ( #3416 ) ;
#6026 =( GEOMETRIC_REPRESENTATION_CONTEXT ( 3 ) GLOBAL_UNCERTAINTY_ASSIGNED_CONTEXT ( ( #2799 ) ) GLOBAL_UNIT_ASSIGNED_CONTEXT ( ( #6149, #2826, #4768 ) ) REPRESENTATION_CONTEXT ( 'NONE', 'WORKASPACE' ) );
#6027 = DIRECTION ( 'NONE',  ( -0.9396926207859095381, -1.194156947930015790E-15, 0.3420201433256657708 ) ) ;
#6028 = CARTESIAN_POINT ( 'NONE',  ( 0.6256592987804878714, 2.459756097560975352, 3.551000000000009926 ) ) ;
#6029 = EDGE_CURVE ( 'NONE', #7719, #2824, #8344, .T. ) ;
#6030 = CARTESIAN_POINT ( 'NONE',  ( 0.7700000000000002398, 0.7999999999999910516, 6.050000000000003375 ) ) ;
#6031 = VECTOR ( 'NONE', #3925, 999.9999999999998863 ) ;
#6032 = ORIENTED_EDGE ( 'NONE', *, *, #2630, .T. ) ;
#6033 = CARTESIAN_POINT ( 'NONE',  ( 0.5029268292682927965, 1.874047256097561176, 3.551000000000007706 ) ) ;
#6034 = CARTESIAN_POINT ( 'NONE',  ( 0.4852335578258809012, 1.798398100330709903, 3.551000000000007262 ) ) ;
#6035 = VECTOR ( 'NONE', #5444, 1000.000000000000114 ) ;
#6036 = VECTOR ( 'NONE', #8181, 1000.000000000000000 ) ;
#6037 = PRESENTATION_STYLE_ASSIGNMENT (( #2078 ) ) ;
#6038 = SURFACE_STYLE_USAGE ( .BOTH. , #4873 ) ;
#6039 = CARTESIAN_POINT ( 'NONE',  ( 2.860000000000000320, 3.879999999999999005, 3.800000000000013589 ) ) ;
#6040 = LINE ( 'NONE', #3562, #231 ) ;
#6041 = ADVANCED_FACE ( 'NONE', ( #5663 ), #3152, .T. ) ;
#6042 = CARTESIAN_POINT ( 'NONE',  ( 0.7560049944131629340, 2.239400383086155077, 3.551000000000008594 ) ) ;
#6043 =( GEOMETRIC_REPRESENTATION_CONTEXT ( 3 ) GLOBAL_UNCERTAINTY_ASSIGNED_CONTEXT ( ( #3977 ) ) GLOBAL_UNIT_ASSIGNED_CONTEXT ( ( #2788, #808, #4163 ) ) REPRESENTATION_CONTEXT ( 'NONE', 'WORKASPACE' ) );
#6044 = ORIENTED_EDGE ( 'NONE', *, *, #2872, .T. ) ;
#6045 = DIRECTION ( 'NONE',  ( -0.0000000000000000000, 3.491481338843133355E-15, -1.000000000000000000 ) ) ;
#6046 = ORIENTED_EDGE ( 'NONE', *, *, #4691, .F. ) ;
#6047 = CARTESIAN_POINT ( 'NONE',  ( 0.6719740476100178883, 2.454645683392973954, 3.550000000000008704 ) ) ;
#6048 = CARTESIAN_POINT ( 'NONE',  ( 0.5088915780449567716, 1.561512344857818313, 3.551000000000006374 ) ) ;
#6049 = VERTEX_POINT ( 'NONE', #1064 ) ;
#6050 = FILL_AREA_STYLE ('',( #173 ) ) ;
#6051 = VECTOR ( 'NONE', #397, 1000.000000000000000 ) ;
#6052 = VECTOR ( 'NONE', #7, 1000.000000000000000 ) ;
#6053 = ADVANCED_FACE ( 'NONE', ( #3017 ), #2658, .T. ) ;
#6054 = LINE ( 'NONE', #1571, #2300 ) ;
#6055 = CARTESIAN_POINT ( 'NONE',  ( -2.220000000000000195, 4.560000000000008491, 1.050000000000020473 ) ) ;
#6056 = CARTESIAN_POINT ( 'NONE',  ( -1.519999999999999574, 1.084435562925354368, 5.800000000000005151 ) ) ;
#6057 =( NAMED_UNIT ( * ) SI_UNIT ( $, .STERADIAN. ) SOLID_ANGLE_UNIT ( ) );
#6058 = UNCERTAINTY_MEASURE_WITH_UNIT (LENGTH_MEASURE( 1.000000000000000082E-05 ), #2056, 'distance_accuracy_value', 'NONE');
#6059 = PRESENTATION_LAYER_ASSIGNMENT (  '', '', ( #4116 ) ) ;
#6060 = ADVANCED_FACE ( 'NONE', ( #5522 ), #2045, .T. ) ;
#6061 = CARTESIAN_POINT ( 'NONE',  ( 0.5611552679116227349, 2.407512846373818238, 3.550000000000010925 ) ) ;
#6062 = CARTESIAN_POINT ( 'NONE',  ( 0.6572555104208512855, 2.457578538735063045, 3.551000000000010814 ) ) ;
#6063 = DIRECTION ( 'NONE',  ( 0.0000000000000000000, -1.000000000000000000, -1.077631250228014458E-14 ) ) ;
#6064 = VECTOR ( 'NONE', #7128, 1000.000000000000114 ) ;
#6065 = STYLED_ITEM ( 'NONE', ( #7157 ), #3988 ) ;
#6066 = COLOUR_RGB ( '',0.2509803921568627416, 0.2509803921568627416, 0.2509803921568627416 ) ;
#6067 =( NAMED_UNIT ( * ) SI_UNIT ( $, .STERADIAN. ) SOLID_ANGLE_UNIT ( ) );
#6068 = CARTESIAN_POINT ( 'NONE',  ( 0.3200000000000000067, 3.879999999999994564, 5.120000000000012541 ) ) ;
#6069 = ORIENTED_EDGE ( 'NONE', *, *, #7923, .F. ) ;
#6070 = CARTESIAN_POINT ( 'NONE',  ( 0.6218936317837764349, 1.717193720906152965, 3.551000000000006818 ) ) ;
#6071 = VECTOR ( 'NONE', #6658, 1000.000000000000000 ) ;
#6072 = ORIENTED_EDGE ( 'NONE', *, *, #598, .F. ) ;
#6073 = ORIENTED_EDGE ( 'NONE', *, *, #3024, .T. ) ;
#6074 = CARTESIAN_POINT ( 'NONE',  ( 2.401985117133100811, 4.741985117133110883, 0.5500000000000174749 ) ) ;
#6075 = FILL_AREA_STYLE_COLOUR ( '', #1903 ) ;
#6076 = DIRECTION ( 'NONE',  ( -0.7071067811865477948, 2.468850131082264949E-15, -0.7071067811865473507 ) ) ;
#6077 = ORIENTED_EDGE ( 'NONE', *, *, #2741, .F. ) ;
#6078 = PRESENTATION_LAYER_ASSIGNMENT (  '', '', ( #8277 ) ) ;
#6079 = DIRECTION ( 'NONE',  ( -3.882340360440663993E-12, 1.988834055948860452E-12, -1.000000000000000000 ) ) ;
#6080 = VECTOR ( 'NONE', #7324, 1000.000000000000000 ) ;
#6081 = ORIENTED_EDGE ( 'NONE', *, *, #890, .T. ) ;
#6082 = AXIS2_PLACEMENT_3D ( 'NONE', #6529, #3895, #3781 ) ;
#6083 = DIRECTION ( 'NONE',  ( 1.000000000000000000, 0.0000000000000000000, 0.0000000000000000000 ) ) ;
#6084 = PLANE ( 'NONE',  #5224 ) ;
#6085 = ORIENTED_EDGE ( 'NONE', *, *, #810, .T. ) ;
#6086 = AXIS2_PLACEMENT_3D ( 'NONE', #5749, #8347, #4536 ) ;
#6087 = EDGE_CURVE ( 'NONE', #4629, #5527, #4337, .T. ) ;
#6088 = FILL_AREA_STYLE_COLOUR ( '', #4021 ) ;
#6089 = CARTESIAN_POINT ( 'NONE',  ( -2.678014882866899704, 5.018014882866909332, 0.5500000000000183631 ) ) ;
#6090 = ORIENTED_EDGE ( 'NONE', *, *, #6943, .T. ) ;
#6091 =( NAMED_UNIT ( * ) PLANE_ANGLE_UNIT ( ) SI_UNIT ( $, .RADIAN. ) );
#6092 = VECTOR ( 'NONE', #2153, 1000.000000000000114 ) ;
#6093 = SURFACE_STYLE_USAGE ( .BOTH. , #3485 ) ;
#6094 = FACE_OUTER_BOUND ( 'NONE', #7463, .T. ) ;
#6095 = VERTEX_POINT ( 'NONE', #4261 ) ;
#6096 = EDGE_CURVE ( 'NONE', #2684, #1044, #6382, .T. ) ;
#6097 = CARTESIAN_POINT ( 'NONE',  ( 0.5561872443178330627, 1.728034637057277445, 3.550000000000009148 ) ) ;
#6098 = CARTESIAN_POINT ( 'NONE',  ( 0.4782317073170733179, 2.236585365853658747, 3.550000000000009148 ) ) ;
#6099 = COLOUR_RGB ( '',0.2509803921568627416, 0.2509803921568627416, 0.2509803921568627416 ) ;
#6100 =( NAMED_UNIT ( * ) PLANE_ANGLE_UNIT ( ) SI_UNIT ( $, .RADIAN. ) );
#6101 =( GEOMETRIC_REPRESENTATION_CONTEXT ( 3 ) GLOBAL_UNCERTAINTY_ASSIGNED_CONTEXT ( ( #8278 ) ) GLOBAL_UNIT_ASSIGNED_CONTEXT ( ( #1121, #6365, #2517 ) ) REPRESENTATION_CONTEXT ( 'NONE', 'WORKASPACE' ) );
#6102 = DIRECTION ( 'NONE',  ( -0.0000000000000000000, 3.491481338843133355E-15, -1.000000000000000000 ) ) ;
#6103 = LINE ( 'NONE', #406, #5533 ) ;
#6104 = EDGE_CURVE ( 'NONE', #6367, #2760, #3127, .T. ) ;
#6105 = STYLED_ITEM ( 'NONE', ( #5414 ), #4682 ) ;
#6106 =( LENGTH_UNIT ( ) NAMED_UNIT ( * ) SI_UNIT ( .MILLI., .METRE. ) );
#6107 = CARTESIAN_POINT ( 'NONE',  ( -1.269999999999999796, 3.099999999999992539, 5.550000000000011369 ) ) ;
#6108 = ORIENTED_EDGE ( 'NONE', *, *, #3278, .F. ) ;
#6109 = CARTESIAN_POINT ( 'NONE',  ( 0.6645838694942847180, 1.723045114818308798, 3.551000000000006374 ) ) ;
#6110 = MECHANICAL_DESIGN_GEOMETRIC_PRESENTATION_REPRESENTATION (  '', ( #1620 ), #3515 ) ;
#6111 = ORIENTED_EDGE ( 'NONE', *, *, #7667, .F. ) ;
#6112 = COLOUR_RGB ( '',0.2509803921568627416, 0.2509803921568627416, 0.2509803921568627416 ) ;
#6113 = SURFACE_STYLE_FILL_AREA ( #7802 ) ;
#6114 = CARTESIAN_POINT ( 'NONE',  ( 0.5029268292682927965, 1.874047256097561176, 3.550000000000007372 ) ) ;
#6115 = FILL_AREA_STYLE ('',( #2114 ) ) ;
#6116 =( GEOMETRIC_REPRESENTATION_CONTEXT ( 3 ) GLOBAL_UNCERTAINTY_ASSIGNED_CONTEXT ( ( #2223 ) ) GLOBAL_UNIT_ASSIGNED_CONTEXT ( ( #8244, #4278, #7571 ) ) REPRESENTATION_CONTEXT ( 'NONE', 'WORKASPACE' ) );
#6117 = CARTESIAN_POINT ( 'NONE',  ( 0.5099923968159805199, 2.252895712187929611, 3.550000000000008704 ) ) ;
#6118 = PRESENTATION_LAYER_ASSIGNMENT (  '', '', ( #2589 ) ) ;
#6119 = SURFACE_SIDE_STYLE ('',( #3006 ) ) ;
#6120 = VECTOR ( 'NONE', #6773, 1000.000000000000000 ) ;
#6121 = DIRECTION ( 'NONE',  ( -1.000000000000000000, 0.0000000000000000000, 0.0000000000000000000 ) ) ;
#6122 =( GEOMETRIC_REPRESENTATION_CONTEXT ( 3 ) GLOBAL_UNCERTAINTY_ASSIGNED_CONTEXT ( ( #7874 ) ) GLOBAL_UNIT_ASSIGNED_CONTEXT ( ( #8057, #5941, #5986 ) ) REPRESENTATION_CONTEXT ( 'NONE', 'WORKASPACE' ) );
#6123 = CARTESIAN_POINT ( 'NONE',  ( 0.7370731707317074166, 1.875705030487805125, 3.551000000000007706 ) ) ;
#6124 = VECTOR ( 'NONE', #7808, 1000.000000000000000 ) ;
#6125 = AXIS2_PLACEMENT_3D ( 'NONE', #1017, #8230, #4308 ) ;
#6126 = CARTESIAN_POINT ( 'NONE',  ( 2.860000000000000320, 3.879999999999999005, 3.800000000000013589 ) ) ;
#6127 = FILL_AREA_STYLE_COLOUR ( '', #5960 ) ;
#6128 = ORIENTED_EDGE ( 'NONE', *, *, #890, .F. ) ;
#6129 = FILL_AREA_STYLE_COLOUR ( '', #5569 ) ;
#6130 = EDGE_CURVE ( 'NONE', #6231, #6049, #8225, .T. ) ;
#6131 = VECTOR ( 'NONE', #7637, 1000.000000000000000 ) ;
#6132 = FILL_AREA_STYLE_COLOUR ( '', #7174 ) ;
#6133 = VERTEX_POINT ( 'NONE', #5559 ) ;
#6134 = DIRECTION ( 'NONE',  ( 0.0000000000000000000, -0.3420201433256626622, -0.9396926207859106484 ) ) ;
#6135 = FILL_AREA_STYLE_COLOUR ( '', #6645 ) ;
#6136 = VERTEX_POINT ( 'NONE', #4919 ) ;
#6137 = CARTESIAN_POINT ( 'NONE',  ( 0.6719740476100178883, 2.454645683392973954, 3.550000000000008704 ) ) ;
#6138 = PLANE ( 'NONE',  #2802 ) ;
#6139 = DIRECTION ( 'NONE',  ( 0.0000000000000000000, 1.000000000000000000, 3.491481338843133355E-15 ) ) ;
#6140 = CARTESIAN_POINT ( 'NONE',  ( 0.5236927474075087074, 1.558526959900529585, 3.550000000000006484 ) ) ;
#6141 = DIRECTION ( 'NONE',  ( 0.0000000000000000000, 3.491481338843133355E-15, -1.000000000000000000 ) ) ;
#6142 =( GEOMETRIC_REPRESENTATION_CONTEXT ( 3 ) GLOBAL_UNCERTAINTY_ASSIGNED_CONTEXT ( ( #4918 ) ) GLOBAL_UNIT_ASSIGNED_CONTEXT ( ( #4059, #7981, #8103 ) ) REPRESENTATION_CONTEXT ( 'NONE', 'WORKASPACE' ) );
#6143 = ORIENTED_EDGE ( 'NONE', *, *, #5385, .F. ) ;
#6144 = CARTESIAN_POINT ( 'NONE',  ( 0.4700000000000001954, 1.541463414634146600, 3.551000000000006374 ) ) ;
#6145 = CARTESIAN_POINT ( 'NONE',  ( 0.7407317073170731625, 2.313586128048780388, 3.551000000000009482 ) ) ;
#6146 = UNCERTAINTY_MEASURE_WITH_UNIT (LENGTH_MEASURE( 1.000000000000000082E-05 ), #3274, 'distance_accuracy_value', 'NONE');
#6147 = PRESENTATION_STYLE_ASSIGNMENT (( #3537 ) ) ;
#6148 = ORIENTED_EDGE ( 'NONE', *, *, #4250, .T. ) ;
#6149 =( LENGTH_UNIT ( ) NAMED_UNIT ( * ) SI_UNIT ( .MILLI., .METRE. ) );
#6150 = CARTESIAN_POINT ( 'NONE',  ( 2.860000000000000320, 3.879999999999999005, 3.800000000000013589 ) ) ;
#6151 = CARTESIAN_POINT ( 'NONE',  ( -3.310000000000000497, 0.7999999999999910516, 6.050000000000003375 ) ) ;
#6152 =( LENGTH_UNIT ( ) NAMED_UNIT ( * ) SI_UNIT ( .MILLI., .METRE. ) );
#6153 = CARTESIAN_POINT ( 'NONE',  ( 0.7703629607082402853, 2.280773940355433460, 3.550362960708250526 ) ) ;
#6154 = ADVANCED_FACE ( 'NONE', ( #7553 ), #1695, .F. ) ;
#6155 = DIRECTION ( 'NONE',  ( -0.0000000000000000000, 3.491481338843133355E-15, -1.000000000000000000 ) ) ;
#6156 = ORIENTED_EDGE ( 'NONE', *, *, #3183, .F. ) ;
#6157 = CARTESIAN_POINT ( 'NONE',  ( 0.7700000000000000178, 1.958536585365853844, 3.550000000000007816 ) ) ;
#6158 = CARTESIAN_POINT ( 'NONE',  ( 0.7544512195121951814, 2.236585365853658303, 3.550000000000008704 ) ) ;
#6159 = ORIENTED_EDGE ( 'NONE', *, *, #7082, .T. ) ;
#6160 = SURFACE_STYLE_FILL_AREA ( #4051 ) ;
#6161 = VECTOR ( 'NONE', #2216, 1000.000000000000000 ) ;
#6162 = CARTESIAN_POINT ( 'NONE',  ( 0.5314178945371226259, 1.789304858805062626, 3.551000000000008594 ) ) ;
#6163 = VECTOR ( 'NONE', #2518, 1000.000000000000000 ) ;
#6164 = EDGE_CURVE ( 'NONE', #1297, #7719, #1835, .T. ) ;
#6165 = DIRECTION ( 'NONE',  ( 1.000000000000000000, 0.0000000000000000000, 0.0000000000000000000 ) ) ;
#6166 = DIRECTION ( 'NONE',  ( -1.000000000000000000, -0.0000000000000000000, 0.0000000000000000000 ) ) ;
#6167 = ORIENTED_EDGE ( 'NONE', *, *, #511, .F. ) ;
#6168 = CARTESIAN_POINT ( 'NONE',  ( 0.7284800705656493403, 2.365809998136607639, 3.551000000000010814 ) ) ;
#6169 = FILL_AREA_STYLE ('',( #6132 ) ) ;
#6170 = MECHANICAL_DESIGN_GEOMETRIC_PRESENTATION_REPRESENTATION (  '', ( #331 ), #7286 ) ;
#6171 = EDGE_LOOP ( 'NONE', ( #7281, #1563, #409, #7542 ) ) ;
#6172 = EDGE_CURVE ( 'NONE', #518, #3030, #3954, .T. ) ;
#6173 = CARTESIAN_POINT ( 'NONE',  ( 0.6417341190429372011, 2.459478461413805661, 3.550000000000009592 ) ) ;
#6174 = CARTESIAN_POINT ( 'NONE',  ( 0.6162271341463415597, 1.717073170731707510, 3.550000000000006928 ) ) ;
#6175 = ORIENTED_EDGE ( 'NONE', *, *, #3623, .T. ) ;
#6176 =( NAMED_UNIT ( * ) SI_UNIT ( $, .STERADIAN. ) SOLID_ANGLE_UNIT ( ) );
#6177 = STYLED_ITEM ( 'NONE', ( #4650 ), #2906 ) ;
#6178 = CARTESIAN_POINT ( 'NONE',  ( 1.270000000000000018, 3.299999999999998046, 4.050000000000012257 ) ) ;
#6179 = DIRECTION ( 'NONE',  ( 0.0000000000000000000, -1.000000000000000000, -3.491481338843133355E-15 ) ) ;
#6180 = VERTEX_POINT ( 'NONE', #2675 ) ;
#6181 = MECHANICAL_DESIGN_GEOMETRIC_PRESENTATION_REPRESENTATION (  '', ( #873 ), #7973 ) ;
#6182 = AXIS2_PLACEMENT_3D ( 'NONE', #1278, #7824, #2012 ) ;
#6183 = PRESENTATION_STYLE_ASSIGNMENT (( #2384 ) ) ;
#6184 = CARTESIAN_POINT ( 'NONE',  ( 2.220000000000000195, 3.099999999999995204, 4.800000000000011369 ) ) ;
#6185 = CARTESIAN_POINT ( 'NONE',  ( 0.5029268292682927965, 1.874047256097561176, 3.550000000000010036 ) ) ;
#6186 = LINE ( 'NONE', #5800, #5963 ) ;
#6187 = AXIS2_PLACEMENT_3D ( 'NONE', #4642, #3352, #1399 ) ;
#6188 = DIRECTION ( 'NONE',  ( 0.0000000000000000000, 3.891802140991627604E-15, -1.000000000000000000 ) ) ;
#6189 = ORIENTED_EDGE ( 'NONE', *, *, #2678, .T. ) ;
#6190 = FACE_OUTER_BOUND ( 'NONE', #3157, .T. ) ;
#6191 = VERTEX_POINT ( 'NONE', #23 ) ;
#6192 = DIRECTION ( 'NONE',  ( 0.0000000000000000000, 1.000000000000000000, 2.822367560120991731E-15 ) ) ;
#6193 = EDGE_CURVE ( 'NONE', #438, #5682, #3282, .T. ) ;
#6194 = PRESENTATION_LAYER_ASSIGNMENT (  '', '', ( #357 ) ) ;
#6195 = CARTESIAN_POINT ( 'NONE',  ( 0.7329908408300706002, 2.356470571933711788, 3.551000000000009482 ) ) ;
#6196 = CARTESIAN_POINT ( 'NONE',  ( 0.4688292222822681432, 2.338813285354460980, 3.551000000000010370 ) ) ;
#6197 = DIRECTION ( 'NONE',  ( 0.0000000000000000000, 1.000000000000000000, 3.491481338843133355E-15 ) ) ;
#6198 = LINE ( 'NONE', #2318, #3385 ) ;
#6199 = DIRECTION ( 'NONE',  ( -0.0000000000000000000, 3.491481338843133355E-15, -1.000000000000000000 ) ) ;
#6200 = AXIS2_PLACEMENT_3D ( 'NONE', #1969, #8355, #6536 ) ;
#6201 = VECTOR ( 'NONE', #7901, 1000.000000000000227 ) ;
#6202 = CARTESIAN_POINT ( 'NONE',  ( 0.5699738334346711177, 1.723043028928999298, 3.551000000000006818 ) ) ;
#6203 = VERTEX_POINT ( 'NONE', #7928 ) ;
#6204 = UNCERTAINTY_MEASURE_WITH_UNIT (LENGTH_MEASURE( 1.000000000000000082E-05 ), #1660, 'distance_accuracy_value', 'NONE');
#6205 = CARTESIAN_POINT ( 'NONE',  ( 0.5066503553637533575, 2.261398685133214403, 3.551000000000008150 ) ) ;
#6206 = LINE ( 'NONE', #7555, #4298 ) ;
#6207 = CARTESIAN_POINT ( 'NONE',  ( 3.560000000000000497, 3.099999999999991651, 5.800000000000011369 ) ) ;
#6208 = DIRECTION ( 'NONE',  ( -0.0000000000000000000, 1.000000000000000000, 3.491481338843133355E-15 ) ) ;
#6209 = ORIENTED_EDGE ( 'NONE', *, *, #3928, .F. ) ;
#6210 = SURFACE_STYLE_USAGE ( .BOTH. , #1662 ) ;
#6211 = CARTESIAN_POINT ( 'NONE',  ( 0.6604793620892958073, 2.415602227222972243, 3.551000000000009482 ) ) ;
#6212 = MECHANICAL_DESIGN_GEOMETRIC_PRESENTATION_REPRESENTATION (  '', ( #1430 ), #1308 ) ;
#6213 = EDGE_CURVE ( 'NONE', #7254, #1889, #3880, .T. ) ;
#6214 = DIRECTION ( 'NONE',  ( 0.7071067811865477948, -2.468850131082265344E-15, 0.7071067811865473507 ) ) ;
#6215 = LINE ( 'NONE', #7480, #5341 ) ;
#6216 = VECTOR ( 'NONE', #2823, 1000.000000000000000 ) ;
#6217 = UNCERTAINTY_MEASURE_WITH_UNIT (LENGTH_MEASURE( 1.000000000000000082E-05 ), #7792, 'distance_accuracy_value', 'NONE');
#6218 = CARTESIAN_POINT ( 'NONE',  ( 0.6858917144096858820, 2.450482110555392889, 3.551000000000153811 ) ) ;
#6219 = PRESENTATION_STYLE_ASSIGNMENT (( #5572 ) ) ;
#6220 = FACE_OUTER_BOUND ( 'NONE', #828, .T. ) ;
#6221 = CARTESIAN_POINT ( 'NONE',  ( 0.5276219512195123862, 1.557298018292683217, 3.550000000000006928 ) ) ;
#6222 = ORIENTED_EDGE ( 'NONE', *, *, #8030, .T. ) ;
#6223 = DIRECTION ( 'NONE',  ( -0.9396926207859095381, 1.194156947930015790E-15, -0.3420201433256657708 ) ) ;
#6224 = ORIENTED_EDGE ( 'NONE', *, *, #951, .F. ) ;
#6225 = CARTESIAN_POINT ( 'NONE',  ( 3.810000000000000941, 3.099999999999992539, 5.550000000000011369 ) ) ;
#6226 = VECTOR ( 'NONE', #1069, 1000.000000000000000 ) ;
#6227 = PRESENTATION_STYLE_ASSIGNMENT (( #7487 ) ) ;
#6228 = DIRECTION ( 'NONE',  ( 0.0000000000000000000, -3.491481338843133355E-15, 1.000000000000000000 ) ) ;
#6229 = CARTESIAN_POINT ( 'NONE',  ( 0.6882032378063169809, 1.774712991312876742, 3.551000000000008150 ) ) ;
#6230 = FACE_OUTER_BOUND ( 'NONE', #1423, .T. ) ;
#6231 = VERTEX_POINT ( 'NONE', #5244 ) ;
#6232 = CARTESIAN_POINT ( 'NONE',  ( -2.931214388392403336, 4.488785611607603698, 1.245659924048421630 ) ) ;
#6233 = FILL_AREA_STYLE ('',( #6890 ) ) ;
#6234 = CARTESIAN_POINT ( 'NONE',  ( 0.6035565342092709118, 1.757606600514067585, 3.550000000000009592 ) ) ;
#6235 = DIRECTION ( 'NONE',  ( -0.9466707760722532505, -0.3222024856061132536, 0.0000000000000000000 ) ) ;
#6236 = CARTESIAN_POINT ( 'NONE',  ( 0.4700000000000001954, 1.541463414634146600, 3.551000000000006374 ) ) ;
#6237 = ORIENTED_EDGE ( 'NONE', *, *, #3623, .F. ) ;
#6238 = PRESENTATION_STYLE_ASSIGNMENT (( #3629 ) ) ;
#6239 = EDGE_LOOP ( 'NONE', ( #2109, #5146, #4685, #3334, #2681, #1353 ) ) ;
#6240 = VERTEX_POINT ( 'NONE', #1986 ) ;
#6241 = AXIS2_PLACEMENT_3D ( 'NONE', #5078, #1203, #8394 ) ;
#6242 = CARTESIAN_POINT ( 'NONE',  ( 0.5839132541423337486, 2.415321089524289366, 3.550000000000009148 ) ) ;
#6243 = FILL_AREA_STYLE ('',( #6899 ) ) ;
#6244 = CARTESIAN_POINT ( 'NONE',  ( 0.5276219512195123862, 1.567701981707317227, 3.551000000000006818 ) ) ;
#6245 = LINE ( 'NONE', #4172, #1774 ) ;
#6246 = VECTOR ( 'NONE', #361, 1000.000000000000000 ) ;
#6247 = LINE ( 'NONE', #418, #7450 ) ;
#6248 = STYLED_ITEM ( 'NONE', ( #5061 ), #1305 ) ;
#6249 = CARTESIAN_POINT ( 'NONE',  ( 0.4692414986806841548, 2.268299699951660031, 3.551000000000008594 ) ) ;
#6250 = ORIENTED_EDGE ( 'NONE', *, *, #8068, .F. ) ;
#6251 = EDGE_CURVE ( 'NONE', #8105, #2337, #312, .T. ) ;
#6252 = COLOUR_RGB ( '',0.2509803921568627416, 0.2509803921568627416, 0.2509803921568627416 ) ;
#6253 = ORIENTED_EDGE ( 'NONE', *, *, #2330, .F. ) ;
#6254 = CARTESIAN_POINT ( 'NONE',  ( 0.5169275578586539632, 2.239249481541985887, 3.551000000000009482 ) ) ;
#6255 = SURFACE_SIDE_STYLE ('',( #1696 ) ) ;
#6256 = LINE ( 'NONE', #919, #252 ) ;
#6257 = VECTOR ( 'NONE', #2971, 1000.000000000000000 ) ;
#6258 = CARTESIAN_POINT ( 'NONE',  ( 1.020000000000000462, 3.099999999999991651, 5.800000000000011369 ) ) ;
#6259 =( GEOMETRIC_REPRESENTATION_CONTEXT ( 3 ) GLOBAL_UNCERTAINTY_ASSIGNED_CONTEXT ( ( #5771 ) ) GLOBAL_UNIT_ASSIGNED_CONTEXT ( ( #1172, #771, #4648 ) ) REPRESENTATION_CONTEXT ( 'NONE', 'WORKASPACE' ) );
#6260 = ORIENTED_EDGE ( 'NONE', *, *, #5917, .T. ) ;
#6261 =( NAMED_UNIT ( * ) SI_UNIT ( $, .STERADIAN. ) SOLID_ANGLE_UNIT ( ) );
#6262 = LINE ( 'NONE', #4752, #1285 ) ;
#6263 = EDGE_CURVE ( 'NONE', #3100, #1693, #2275, .T. ) ;
#6264 = AXIS2_PLACEMENT_3D ( 'NONE', #5718, #655, #2574 ) ;
#6265 = ORIENTED_EDGE ( 'NONE', *, *, #4575, .T. ) ;
#6266 = SURFACE_STYLE_FILL_AREA ( #3649 ) ;
#6267 = AXIS2_PLACEMENT_3D ( 'NONE', #6039, #6689, #2755 ) ;
#6268 = ORIENTED_EDGE ( 'NONE', *, *, #823, .F. ) ;
#6269 = LINE ( 'NONE', #4235, #7494 ) ;
#6270 = EDGE_CURVE ( 'NONE', #732, #430, #323, .T. ) ;
#6271 = DIRECTION ( 'NONE',  ( -1.000000000000000000, 0.0000000000000000000, 0.0000000000000000000 ) ) ;
#6272 = CARTESIAN_POINT ( 'NONE',  ( 0.7194878093368789473, 1.805713007352365285, 3.551000000000008150 ) ) ;
#6273 =( LENGTH_UNIT ( ) NAMED_UNIT ( * ) SI_UNIT ( .MILLI., .METRE. ) );
#6274 = SURFACE_SIDE_STYLE ('',( #3664 ) ) ;
#6275 = EDGE_CURVE ( 'NONE', #5394, #3384, #2914, .T. ) ;
#6276 = SURFACE_STYLE_USAGE ( .BOTH. , #2306 ) ;
#6277 = PLANE ( 'NONE',  #5157 ) ;
#6278 = CARTESIAN_POINT ( 'NONE',  ( 0.5067175955708265178, 1.837681967913762149, 3.550000000000010925 ) ) ;
#6279 = CARTESIAN_POINT ( 'NONE',  ( 0.4721934038540109846, 1.841710340212297847, 3.550000000000006484 ) ) ;
#6280 = EDGE_LOOP ( 'NONE', ( #6407, #2797, #5728, #3070 ) ) ;
#6281 = ORIENTED_EDGE ( 'NONE', *, *, #4780, .F. ) ;
#6282 = ORIENTED_EDGE ( 'NONE', *, *, #165, .F. ) ;
#6283 = CARTESIAN_POINT ( 'NONE',  ( -1.519999999999999574, 3.099999999999998757, 3.800000000000011813 ) ) ;
#6284 = ADVANCED_FACE ( 'NONE', ( #863 ), #8130, .F. ) ;
#6285 = ORIENTED_EDGE ( 'NONE', *, *, #5484, .T. ) ;
#6286 = PLANE ( 'NONE',  #3924 ) ;
#6287 = FACE_OUTER_BOUND ( 'NONE', #1332, .T. ) ;
#6288 = PLANE ( 'NONE',  #665 ) ;
#6289 = EDGE_LOOP ( 'NONE', ( #8051, #4922, #776, #8294 ) ) ;
#6290 = CARTESIAN_POINT ( 'NONE',  ( 0.5561872443178330627, 1.728034637057277445, 3.551000000000008150 ) ) ;
#6291 = UNCERTAINTY_MEASURE_WITH_UNIT (LENGTH_MEASURE( 1.000000000000000082E-05 ), #7223, 'distance_accuracy_value', 'NONE');
#6292 = PLANE ( 'NONE',  #3425 ) ;
#6293 = ORIENTED_EDGE ( 'NONE', *, *, #1732, .F. ) ;
#6294 = AXIS2_PLACEMENT_3D ( 'NONE', #3227, #1188, #8468 ) ;
#6295 = CARTESIAN_POINT ( 'NONE',  ( 0.6486573455358947138, 2.417867600495954505, 3.551000000000009038 ) ) ;
#6296 = CARTESIAN_POINT ( 'NONE',  ( 3.310000000000000497, 0.7999999999999910516, 6.050000000000003375 ) ) ;
#6297 = VERTEX_POINT ( 'NONE', #911 ) ;
#6298 =( NAMED_UNIT ( * ) PLANE_ANGLE_UNIT ( ) SI_UNIT ( $, .RADIAN. ) );
#6299 = VECTOR ( 'NONE', #4181, 1000.000000000000000 ) ;
#6300 = UNCERTAINTY_MEASURE_WITH_UNIT (LENGTH_MEASURE( 1.000000000000000082E-05 ), #1306, 'distance_accuracy_value', 'NONE');
#6301 = EDGE_LOOP ( 'NONE', ( #7008, #5423, #5740, #5556 ) ) ;
#6302 = LINE ( 'NONE', #4839, #3490 ) ;
#6303 =( LENGTH_UNIT ( ) NAMED_UNIT ( * ) SI_UNIT ( .MILLI., .METRE. ) );
#6304 = SURFACE_STYLE_USAGE ( .BOTH. , #349 ) ;
#6305 = EDGE_CURVE ( 'NONE', #204, #4849, #4778, .T. ) ;
#6306 = ORIENTED_EDGE ( 'NONE', *, *, #2221, .T. ) ;
#6307 = DIRECTION ( 'NONE',  ( 0.3236155771181821184, -0.3236155771181787322, -0.8891264907159913689 ) ) ;
#6308 = STYLED_ITEM ( 'NONE', ( #7319 ), #7276 ) ;
#6309 = CARTESIAN_POINT ( 'NONE',  ( 0.7675989643470630952, 1.843508785323452415, 3.551000000000008150 ) ) ;
#6310 = CARTESIAN_POINT ( 'NONE',  ( -0.3200000000000000067, -4.700000000000001066, 5.119999999999984119 ) ) ;
#6311 = PLANE ( 'NONE',  #6738 ) ;
#6312 =( NAMED_UNIT ( * ) PLANE_ANGLE_UNIT ( ) SI_UNIT ( $, .RADIAN. ) );
#6313 = SURFACE_STYLE_FILL_AREA ( #1675 ) ;
#6314 = ORIENTED_EDGE ( 'NONE', *, *, #1450, .F. ) ;
#6315 = DIRECTION ( 'NONE',  ( 0.0000000000000000000, -1.000000000000000000, -3.188829919075017009E-15 ) ) ;
#6316 = EDGE_CURVE ( 'NONE', #4606, #1684, #5459, .T. ) ;
#6317 = MECHANICAL_DESIGN_GEOMETRIC_PRESENTATION_REPRESENTATION (  '', ( #464 ), #3974 ) ;
#6318 = CARTESIAN_POINT ( 'NONE',  ( -1.270000000000000684, 0.7999999999999928280, 5.550000000000003375 ) ) ;
#6319 = DIRECTION ( 'NONE',  ( 0.0000000000000000000, 3.491481338843133355E-15, -1.000000000000000000 ) ) ;
#6320 = ORIENTED_EDGE ( 'NONE', *, *, #6251, .T. ) ;
#6321 = EDGE_CURVE ( 'NONE', #6781, #3412, #4123, .T. ) ;
#6322 = CARTESIAN_POINT ( 'NONE',  ( 0.7644144711715432638, 1.827815377174325961, 3.551000000000007262 ) ) ;
#6323 = CARTESIAN_POINT ( 'NONE',  ( 0.3200000000000000067, 5.199999999999997513, 3.800000000000018474 ) ) ;
#6324 = STYLED_ITEM ( 'NONE', ( #4714 ), #3099 ) ;
#6325 = ORIENTED_EDGE ( 'NONE', *, *, #3422, .T. ) ;
#6326 = CARTESIAN_POINT ( 'NONE',  ( -3.560000000000000497, 3.099999999999991651, 5.800000000000011369 ) ) ;
#6327 =( NAMED_UNIT ( * ) PLANE_ANGLE_UNIT ( ) SI_UNIT ( $, .RADIAN. ) );
#6328 = SURFACE_STYLE_FILL_AREA ( #7832 ) ;
#6329 = CARTESIAN_POINT ( 'NONE',  ( 1.519999999999999574, 1.084435562925354368, 5.800000000000005151 ) ) ;
#6330 = PRESENTATION_LAYER_ASSIGNMENT (  '', '', ( #872 ) ) ;
#6331 = PRESENTATION_LAYER_ASSIGNMENT (  '', '', ( #8028 ) ) ;
#6332 = FACE_OUTER_BOUND ( 'NONE', #3155, .T. ) ;
#6333 = CARTESIAN_POINT ( 'NONE',  ( 2.401985117133101255, -5.200000000000004619, 4.938014882866880839 ) ) ;
#6334 =( NAMED_UNIT ( * ) PLANE_ANGLE_UNIT ( ) SI_UNIT ( $, .RADIAN. ) );
#6335 = ADVANCED_FACE ( 'NONE', ( #195 ), #1497, .F. ) ;
#6336 = CARTESIAN_POINT ( 'NONE',  ( 0.4921655835545581947, 1.785436343859475361, 3.551000000000007262 ) ) ;
#6337 = VECTOR ( 'NONE', #5065, 1000.000000000000000 ) ;
#6338 = VECTOR ( 'NONE', #4438, 1000.000000000000000 ) ;
#6339 = CARTESIAN_POINT ( 'NONE',  ( 0.4994109318979134682, 2.297406441020362511, 3.550000000000009592 ) ) ;
#6340 = PLANE ( 'NONE',  #8377 ) ;
#6341 = DIRECTION ( 'NONE',  ( -1.000000000000000000, 0.0000000000000000000, 0.0000000000000000000 ) ) ;
#6342 = EDGE_LOOP ( 'NONE', ( #1411, #1494, #5542, #4055 ) ) ;
#6343 = DIRECTION ( 'NONE',  ( 0.0000000000000000000, -3.491481338843133355E-15, 1.000000000000000000 ) ) ;
#6344 = CARTESIAN_POINT ( 'NONE',  ( 0.6017073170731709331, 2.031707317073169872, 3.551000000000008150 ) ) ;
#6345 = COLOUR_RGB ( '',0.2509803921568627416, 0.2509803921568627416, 0.2509803921568627416 ) ;
#6346 = CARTESIAN_POINT ( 'NONE',  ( 0.6017073170731709331, 2.031707317073169872, 3.550000000000007816 ) ) ;
#6347 = LINE ( 'NONE', #3256, #7988 ) ;
#6348 = ORIENTED_EDGE ( 'NONE', *, *, #4691, .T. ) ;
#6349 = SURFACE_STYLE_USAGE ( .BOTH. , #4392 ) ;
#6350 = ORIENTED_EDGE ( 'NONE', *, *, #3228, .F. ) ;
#6351 = CARTESIAN_POINT ( 'NONE',  ( -2.220000000000000195, 5.199999999999997513, 3.800000000000018474 ) ) ;
#6352 = DIRECTION ( 'NONE',  ( 0.0000000000000000000, 1.000000000000000000, 3.491481338843133355E-15 ) ) ;
#6353 = ORIENTED_EDGE ( 'NONE', *, *, #4937, .F. ) ;
#6354 = PRESENTATION_LAYER_ASSIGNMENT (  '', '', ( #1052 ) ) ;
#6355 =( NAMED_UNIT ( * ) PLANE_ANGLE_UNIT ( ) SI_UNIT ( $, .RADIAN. ) );
#6356 = VERTEX_POINT ( 'NONE', #1727 ) ;
#6357 = CARTESIAN_POINT ( 'NONE',  ( -3.560000000000000497, 3.099999999999992539, 5.550000000000011369 ) ) ;
#6358 = CIRCLE ( 'NONE', #8424, 1.319999999999999174 ) ;
#6359 = EDGE_CURVE ( 'NONE', #1158, #1522, #3000, .T. ) ;
#6360 = DIRECTION ( 'NONE',  ( 0.0000000000000000000, 0.0000000000000000000, 1.000000000000000000 ) ) ;
#6361 = EDGE_LOOP ( 'NONE', ( #6461, #1823, #7528, #7569, #421, #2027 ) ) ;
#6362 = PRESENTATION_STYLE_ASSIGNMENT (( #8349 ) ) ;
#6363 = CARTESIAN_POINT ( 'NONE',  ( 0.5087237814744829389, 1.563240132426379381, 3.550000000000006928 ) ) ;
#6364 = STYLED_ITEM ( 'NONE', ( #239 ), #4053 ) ;
#6365 =( NAMED_UNIT ( * ) PLANE_ANGLE_UNIT ( ) SI_UNIT ( $, .RADIAN. ) );
#6366 = VECTOR ( 'NONE', #884, 1000.000000000000000 ) ;
#6367 = VERTEX_POINT ( 'NONE', #8357 ) ;
#6368 = CARTESIAN_POINT ( 'NONE',  ( 0.7698961083942682526, 1.871220437328992237, 3.550000000000008260 ) ) ;
#6369 =( NAMED_UNIT ( * ) SI_UNIT ( $, .STERADIAN. ) SOLID_ANGLE_UNIT ( ) );
#6370 = ADVANCED_FACE ( 'NONE', ( #4292 ), #5593, .T. ) ;
#6371 =( GEOMETRIC_REPRESENTATION_CONTEXT ( 3 ) GLOBAL_UNCERTAINTY_ASSIGNED_CONTEXT ( ( #5865 ) ) GLOBAL_UNIT_ASSIGNED_CONTEXT ( ( #5826, #3891, #3468 ) ) REPRESENTATION_CONTEXT ( 'NONE', 'WORKASPACE' ) );
#6372 = ORIENTED_EDGE ( 'NONE', *, *, #4937, .T. ) ;
#6373 = CARTESIAN_POINT ( 'NONE',  ( 0.4992682926829269396, 2.306840701219512013, 3.550000000000009148 ) ) ;
#6374 = CARTESIAN_POINT ( 'NONE',  ( 0.7700000000000001288, 1.424390243902439179, 3.551000000000005929 ) ) ;
#6375 = EDGE_CURVE ( 'NONE', #4291, #3337, #8172, .T. ) ;
#6376 = FILL_AREA_STYLE_COLOUR ( '', #8185 ) ;
#6377 = ORIENTED_EDGE ( 'NONE', *, *, #6434, .F. ) ;
#6378 = CARTESIAN_POINT ( 'NONE',  ( 0.7700000000000000178, 0.7999999999999997113, 3.550000000000003819 ) ) ;
#6379 =( GEOMETRIC_REPRESENTATION_CONTEXT ( 3 ) GLOBAL_UNCERTAINTY_ASSIGNED_CONTEXT ( ( #6381 ) ) GLOBAL_UNIT_ASSIGNED_CONTEXT ( ( #1614, #1067, #1666 ) ) REPRESENTATION_CONTEXT ( 'NONE', 'WORKASPACE' ) );
#6380 = ORIENTED_EDGE ( 'NONE', *, *, #5376, .T. ) ;
#6381 = UNCERTAINTY_MEASURE_WITH_UNIT (LENGTH_MEASURE( 1.000000000000000082E-05 ), #1614, 'distance_accuracy_value', 'NONE');
#6382 = LINE ( 'NONE', #2494, #3331 ) ;
#6383 = DIRECTION ( 'NONE',  ( -0.0000000000000000000, 1.000000000000000000, 3.491481338843133355E-15 ) ) ;
#6384 = VERTEX_POINT ( 'NONE', #6283 ) ;
#6385 = LINE ( 'NONE', #2456, #5429 ) ;
#6386 = COLOUR_RGB ( '',0.7529411764705882248, 0.7529411764705882248, 0.7529411764705882248 ) ;
#6387 = CARTESIAN_POINT ( 'NONE',  ( 3.310000000000000497, 3.299999999999999822, 3.550000000000012257 ) ) ;
#6388 = VECTOR ( 'NONE', #2847, 999.9999999999998863 ) ;
#6389 = LINE ( 'NONE', #7798, #950 ) ;
#6390 = FILL_AREA_STYLE_COLOUR ( '', #1656 ) ;
#6391 = COLOUR_RGB ( '',0.7529411764705882248, 0.7529411764705882248, 0.7529411764705882248 ) ;
#6392 = CARTESIAN_POINT ( 'NONE',  ( 0.6084003709846657060, 2.459367883913083030, 3.550000000000009592 ) ) ;
#6393 = CARTESIAN_POINT ( 'NONE',  ( 2.860000000000000320, 5.199999999999997513, 3.800000000000018474 ) ) ;
#6394 = PRESENTATION_LAYER_ASSIGNMENT (  '', '', ( #7771 ) ) ;
#6395 =( LENGTH_UNIT ( ) NAMED_UNIT ( * ) SI_UNIT ( .MILLI., .METRE. ) );
#6396 = CARTESIAN_POINT ( 'NONE',  ( 0.7396279724908176867, 2.292287063778521983, 3.550000000000008704 ) ) ;
#6397 = CARTESIAN_POINT ( 'NONE',  ( 1.270000000000000018, 0.7999999999999979350, 4.050000000000003375 ) ) ;
#6398 = LINE ( 'NONE', #1878, #278 ) ;
#6399 = EDGE_CURVE ( 'NONE', #7395, #4276, #7741, .T. ) ;
#6400 = COLOUR_RGB ( '',0.2509803921568627416, 0.2509803921568627416, 0.2509803921568627416 ) ;
#6401 = FILL_AREA_STYLE ('',( #2644 ) ) ;
#6402 = STYLED_ITEM ( 'NONE', ( #7744 ), #1654 ) ;
#6403 = AXIS2_PLACEMENT_3D ( 'NONE', #5315, #2126, #7938 ) ;
#6404 = CARTESIAN_POINT ( 'NONE',  ( 0.6216993714160369278, 1.757420600224206764, 3.551000000000006374 ) ) ;
#6405 = AXIS2_PLACEMENT_3D ( 'NONE', #2182, #2941, #7438 ) ;
#6406 = FILL_AREA_STYLE ('',( #7696 ) ) ;
#6407 = ORIENTED_EDGE ( 'NONE', *, *, #3928, .T. ) ;
#6408 =( NAMED_UNIT ( * ) SI_UNIT ( $, .STERADIAN. ) SOLID_ANGLE_UNIT ( ) );
#6409 = PRESENTATION_LAYER_ASSIGNMENT (  '', '', ( #8341 ) ) ;
#6410 = ORIENTED_EDGE ( 'NONE', *, *, #1491, .T. ) ;
#6411 = EDGE_CURVE ( 'NONE', #7024, #2824, #4949, .T. ) ;
#6412 = CARTESIAN_POINT ( 'NONE',  ( 0.5561872443178330627, 1.728034637057277445, 3.550000000000007816 ) ) ;
#6413 = AXIS2_PLACEMENT_3D ( 'NONE', #1856, #2575, #7069 ) ;
#6414 = EDGE_LOOP ( 'NONE', ( #1804, #6731, #334, #8283 ) ) ;
#6415 = CARTESIAN_POINT ( 'NONE',  ( -3.560000000000000497, 1.084435562925361474, 3.800000000000004707 ) ) ;
#6416 = CARTESIAN_POINT ( 'NONE',  ( 0.7370731707317075276, 2.485365853658537016, 3.551000000000009926 ) ) ;
#6417 = LINE ( 'NONE', #6460, #7165 ) ;
#6418 = FACE_OUTER_BOUND ( 'NONE', #5505, .T. ) ;
#6419 = FILL_AREA_STYLE_COLOUR ( '', #8446 ) ;
#6420 = CARTESIAN_POINT ( 'NONE',  ( 0.3200000000000000067, 3.879999999999999005, 3.800000000000013589 ) ) ;
#6421 = CARTESIAN_POINT ( 'NONE',  ( -2.860000000000000320, -4.700000000000001066, 5.119999999999984119 ) ) ;
#6422 = ADVANCED_FACE ( 'NONE', ( #7632 ), #3708, .T. ) ;
#6423 =( GEOMETRIC_REPRESENTATION_CONTEXT ( 3 ) GLOBAL_UNCERTAINTY_ASSIGNED_CONTEXT ( ( #4222 ) ) GLOBAL_UNIT_ASSIGNED_CONTEXT ( ( #2200, #1378, #1424 ) ) REPRESENTATION_CONTEXT ( 'NONE', 'WORKASPACE' ) );
#6424 = PRESENTATION_STYLE_ASSIGNMENT (( #5042 ) ) ;
#6425 = FILL_AREA_STYLE ('',( #626 ) ) ;
#6426 =( LENGTH_UNIT ( ) NAMED_UNIT ( * ) SI_UNIT ( .MILLI., .METRE. ) );
#6427 = ORIENTED_EDGE ( 'NONE', *, *, #7584, .T. ) ;
#6428 = ORIENTED_EDGE ( 'NONE', *, *, #6130, .F. ) ;
#6429 =( GEOMETRIC_REPRESENTATION_CONTEXT ( 3 ) GLOBAL_UNCERTAINTY_ASSIGNED_CONTEXT ( ( #1333 ) ) GLOBAL_UNIT_ASSIGNED_CONTEXT ( ( #3650, #5044, #1093 ) ) REPRESENTATION_CONTEXT ( 'NONE', 'WORKASPACE' ) );
#6430 = CARTESIAN_POINT ( 'NONE',  ( 0.5098813418763359362, 1.826736534192438866, 3.550000000000006928 ) ) ;
#6431 =( NAMED_UNIT ( * ) SI_UNIT ( $, .STERADIAN. ) SOLID_ANGLE_UNIT ( ) );
#6432 = FILL_AREA_STYLE ('',( #1214 ) ) ;
#6433 = ORIENTED_EDGE ( 'NONE', *, *, #1454, .F. ) ;
#6434 = EDGE_CURVE ( 'NONE', #8272, #3453, #50, .T. ) ;
#6435 = CARTESIAN_POINT ( 'NONE',  ( 0.5029268292682927965, 2.024390243902438602, 3.551000000000008150 ) ) ;
#6436 = SURFACE_STYLE_USAGE ( .BOTH. , #3180 ) ;
#6437 = CARTESIAN_POINT ( 'NONE',  ( -2.220000000000000195, -5.200000000000002842, 4.479999999999982663 ) ) ;
#6438 = LINE ( 'NONE', #599, #3323 ) ;
#6439 = EDGE_CURVE ( 'NONE', #4269, #4506, #2663, .T. ) ;
#6440 = FILL_AREA_STYLE ('',( #1141 ) ) ;
#6442 = SURFACE_SIDE_STYLE ('',( #3732 ) ) ;
#6441 = VECTOR ( 'NONE', #1570, 999.9999999999998863 ) ;
#6443 =( NAMED_UNIT ( * ) SI_UNIT ( $, .STERADIAN. ) SOLID_ANGLE_UNIT ( ) );
#6444 = VERTEX_POINT ( 'NONE', #4548 ) ;
#6445 =( LENGTH_UNIT ( ) NAMED_UNIT ( * ) SI_UNIT ( .MILLI., .METRE. ) );
#6446 = VERTEX_POINT ( 'NONE', #6579 ) ;
#6447 = COLOUR_RGB ( '',0.7529411764705882248, 0.7529411764705882248, 0.7529411764705882248 ) ;
#6448 = SURFACE_STYLE_USAGE ( .BOTH. , #5870 ) ;
#6449 = EDGE_CURVE ( 'NONE', #922, #4591, #3829, .T. ) ;
#6450 =( GEOMETRIC_REPRESENTATION_CONTEXT ( 3 ) GLOBAL_UNCERTAINTY_ASSIGNED_CONTEXT ( ( #6660 ) ) GLOBAL_UNIT_ASSIGNED_CONTEXT ( ( #2656, #3437, #2610 ) ) REPRESENTATION_CONTEXT ( 'NONE', 'WORKASPACE' ) );
#6451 = DIRECTION ( 'NONE',  ( 0.0000000000000000000, 1.000000000000000000, 1.642730564371977449E-15 ) ) ;
#6452 = CARTESIAN_POINT ( 'NONE',  ( 0.5029268292682927965, 2.024390243902438602, 3.551000000000008150 ) ) ;
#6453 = PRESENTATION_LAYER_ASSIGNMENT (  '', '', ( #2759 ) ) ;
#6454 = DIRECTION ( 'NONE',  ( 0.0000000000000000000, -3.491481338843133355E-15, 1.000000000000000000 ) ) ;
#6455 = FILL_AREA_STYLE_COLOUR ( '', #5213 ) ;
#6456 = VECTOR ( 'NONE', #6833, 1000.000000000000227 ) ;
#6457 = SURFACE_STYLE_USAGE ( .BOTH. , #3823 ) ;
#6458 = ORIENTED_EDGE ( 'NONE', *, *, #4103, .F. ) ;
#6459 =( GEOMETRIC_REPRESENTATION_CONTEXT ( 3 ) GLOBAL_UNCERTAINTY_ASSIGNED_CONTEXT ( ( #4134 ) ) GLOBAL_UNIT_ASSIGNED_CONTEXT ( ( #478, #7701, #1720 ) ) REPRESENTATION_CONTEXT ( 'NONE', 'WORKASPACE' ) );
#6460 = CARTESIAN_POINT ( 'NONE',  ( 2.540000000000000036, 0.7999999999999967137, 4.480000000000003091 ) ) ;
#6461 = ORIENTED_EDGE ( 'NONE', *, *, #335, .T. ) ;
#6462 = SURFACE_STYLE_FILL_AREA ( #1241 ) ;
#6463 = DIRECTION ( 'NONE',  ( 0.0000000000000000000, 1.000000000000000000, 3.491481338843133750E-15 ) ) ;
#6464 = PRESENTATION_STYLE_ASSIGNMENT (( #5675 ) ) ;
#6465 = SURFACE_STYLE_FILL_AREA ( #6425 ) ;
#6466 =( NAMED_UNIT ( * ) SI_UNIT ( $, .STERADIAN. ) SOLID_ANGLE_UNIT ( ) );
#6467 = SURFACE_SIDE_STYLE ('',( #4373 ) ) ;
#6468 = VERTEX_POINT ( 'NONE', #6541 ) ;
#6469 = EDGE_CURVE ( 'NONE', #3951, #1173, #8392, .T. ) ;
#6470 = CARTESIAN_POINT ( 'NONE',  ( 0.5030147219845536588, 1.869775469689268999, 3.550000000000007816 ) ) ;
#6471 = CARTESIAN_POINT ( 'NONE',  ( 2.860000000000000320, 3.099999999999996536, 4.480000000000011084 ) ) ;
#6472 = VECTOR ( 'NONE', #5415, 1000.000000000000000 ) ;
#6473 = CARTESIAN_POINT ( 'NONE',  ( 0.7406841451528469733, 2.309963501879053194, 3.551000000000009482 ) ) ;
#6474 = ORIENTED_EDGE ( 'NONE', *, *, #5433, .T. ) ;
#6475 =( NAMED_UNIT ( * ) SI_UNIT ( $, .STERADIAN. ) SOLID_ANGLE_UNIT ( ) );
#6476 = PLANE ( 'NONE',  #6743 ) ;
#6477 =( LENGTH_UNIT ( ) NAMED_UNIT ( * ) SI_UNIT ( .MILLI., .METRE. ) );
#6478 = CARTESIAN_POINT ( 'NONE',  ( -1.519999999999999574, 3.299999999999992273, 5.800000000000012257 ) ) ;
#6479 = SURFACE_SIDE_STYLE ('',( #5735 ) ) ;
#6480 = FACE_OUTER_BOUND ( 'NONE', #4948, .T. ) ;
#6481 = VECTOR ( 'NONE', #5473, 1000.000000000000000 ) ;
#6482 = AXIS2_PLACEMENT_3D ( 'NONE', #6374, #7671, #2436 ) ;
#6483 = EDGE_CURVE ( 'NONE', #4221, #1039, #6358, .T. ) ;
#6484 = FILL_AREA_STYLE ('',( #7133 ) ) ;
#6485 = DIRECTION ( 'NONE',  ( -1.000000000000000000, -0.0000000000000000000, 0.0000000000000000000 ) ) ;
#6486 = ORIENTED_EDGE ( 'NONE', *, *, #1118, .T. ) ;
#6487 = VECTOR ( 'NONE', #1139, 1000.000000000000000 ) ;
#6488 = PRESENTATION_LAYER_ASSIGNMENT (  '', '', ( #1841 ) ) ;
#6489 = ADVANCED_FACE ( 'NONE', ( #6418 ), #4608, .T. ) ;
#6490 = CARTESIAN_POINT ( 'NONE',  ( 0.6306660317409986671, 1.757621757025964460, 3.551000000000007706 ) ) ;
#6491 = STYLED_ITEM ( 'NONE', ( #2480 ), #5828 ) ;
#6492 = MECHANICAL_DESIGN_GEOMETRIC_PRESENTATION_REPRESENTATION (  '', ( #7989 ), #5651 ) ;
#6493 = VERTEX_POINT ( 'NONE', #2185 ) ;
#6494 = FACE_OUTER_BOUND ( 'NONE', #6414, .T. ) ;
#6495 = DIRECTION ( 'NONE',  ( 1.000000000000000000, 0.0000000000000000000, 0.0000000000000000000 ) ) ;
#6496 = ORIENTED_EDGE ( 'NONE', *, *, #8087, .F. ) ;
#6497 =( LENGTH_UNIT ( ) NAMED_UNIT ( * ) SI_UNIT ( .MILLI., .METRE. ) );
#6498 =( GEOMETRIC_REPRESENTATION_CONTEXT ( 3 ) GLOBAL_UNCERTAINTY_ASSIGNED_CONTEXT ( ( #5882 ) ) GLOBAL_UNIT_ASSIGNED_CONTEXT ( ( #6995, #4302, #7720 ) ) REPRESENTATION_CONTEXT ( 'NONE', 'WORKASPACE' ) );
#6499 = SURFACE_STYLE_USAGE ( .BOTH. , #482 ) ;
#6500 = SURFACE_SIDE_STYLE ('',( #2566 ) ) ;
#6501 = UNCERTAINTY_MEASURE_WITH_UNIT (LENGTH_MEASURE( 1.000000000000000082E-05 ), #1486, 'distance_accuracy_value', 'NONE');
#6502 = CARTESIAN_POINT ( 'NONE',  ( 0.5180144026626543052, 2.371415719007143874, 3.551000000000009038 ) ) ;
#6503 = CARTESIAN_POINT ( 'NONE',  ( 0.7591350793917520656, 2.245071245157886697, 3.550000000000007816 ) ) ;
#6504 = AXIS2_PLACEMENT_3D ( 'NONE', #5974, #5931, #7285 ) ;
#6505 =( LENGTH_UNIT ( ) NAMED_UNIT ( * ) SI_UNIT ( .MILLI., .METRE. ) );
#6507 = FILL_AREA_STYLE ('',( #2619 ) ) ;
#6506 = VECTOR ( 'NONE', #7877, 1000.000000000000000 ) ;
#6508 = LINE ( 'NONE', #5632, #3800 ) ;
#6509 = LINE ( 'NONE', #1943, #375 ) ;
#6510 =( NAMED_UNIT ( * ) PLANE_ANGLE_UNIT ( ) SI_UNIT ( $, .RADIAN. ) );
#6511 =( LENGTH_UNIT ( ) NAMED_UNIT ( * ) SI_UNIT ( .MILLI., .METRE. ) );
#6512 = CARTESIAN_POINT ( 'NONE',  ( 0.4700000000000001954, 2.639024390243903007, 3.550000000000010036 ) ) ;
#6513 = VERTEX_POINT ( 'NONE', #183 ) ;
#6514 = SURFACE_STYLE_USAGE ( .BOTH. , #8453 ) ;
#6515 = SURFACE_SIDE_STYLE ('',( #7255 ) ) ;
#6516 = EDGE_CURVE ( 'NONE', #3100, #8463, #4862, .T. ) ;
#6517 =( NAMED_UNIT ( * ) PLANE_ANGLE_UNIT ( ) SI_UNIT ( $, .RADIAN. ) );
#6518 = DIRECTION ( 'NONE',  ( 0.0000000000000000000, 3.491481338843133355E-15, -1.000000000000000000 ) ) ;
#6519 = CARTESIAN_POINT ( 'NONE',  ( 0.7407317073170731625, 2.313586128048780388, 3.550000000000009148 ) ) ;
#6520 = B_SPLINE_CURVE_WITH_KNOTS ( 'NONE', 3,
 ( #2758, #6042, #6526, #2084, #6565, #679, #3388, #7903, #2047 ),
 .UNSPECIFIED., .F., .F.,
 ( 4, 1, 1, 1, 1, 1, 4 ),
 ( 0.0000000000000000000, 0.1124483899088039723, 0.2265276752126802462, 0.3444019493260294662, 0.4658649724874575626, 0.5916594493521158959, 0.5936737115372177076 ),
 .UNSPECIFIED. ) ;
#6521 =( GEOMETRIC_REPRESENTATION_CONTEXT ( 3 ) GLOBAL_UNCERTAINTY_ASSIGNED_CONTEXT ( ( #7600 ) ) GLOBAL_UNIT_ASSIGNED_CONTEXT ( ( #7331, #196, #5936 ) ) REPRESENTATION_CONTEXT ( 'NONE', 'WORKASPACE' ) );
#6522 = COLOUR_RGB ( '',0.7529411764705882248, 0.7529411764705882248, 0.7529411764705882248 ) ;
#6523 = DIRECTION ( 'NONE',  ( 0.0000000000000000000, 1.000000000000000000, 3.491481338843133355E-15 ) ) ;
#6524 =( NAMED_UNIT ( * ) SI_UNIT ( $, .STERADIAN. ) SOLID_ANGLE_UNIT ( ) );
#6525 = EDGE_CURVE ( 'NONE', #7479, #3717, #4032, .T. ) ;
#6526 = CARTESIAN_POINT ( 'NONE',  ( 0.7591350793917520656, 2.245071245157886697, 3.551000000000008150 ) ) ;
#6527 = PRESENTATION_LAYER_ASSIGNMENT (  '', '', ( #3108 ) ) ;
#6528 = CARTESIAN_POINT ( 'NONE',  ( 0.7704139888219411203, 2.280870643098535488, 3.551000000000009482 ) ) ;
#6529 = CARTESIAN_POINT ( 'NONE',  ( 0.6529268292682929298, 1.512137957317073456, 3.551000000000006374 ) ) ;
#6530 = CARTESIAN_POINT ( 'NONE',  ( 0.6170846036585366789, 1.757317073170731936, 3.551000000000007262 ) ) ;
#6531 = STYLED_ITEM ( 'NONE', ( #1080 ), #1632 ) ;
#6532 = SURFACE_STYLE_FILL_AREA ( #5182 ) ;
#6533 = MECHANICAL_DESIGN_GEOMETRIC_PRESENTATION_REPRESENTATION (  '', ( #4182 ), #7640 ) ;
#6534 = CARTESIAN_POINT ( 'NONE',  ( 0.4664152797647208581, 2.296886031982845022, 3.550000000000008260 ) ) ;
#6535 = FILL_AREA_STYLE_COLOUR ( '', #2576 ) ;
#6536 = DIRECTION ( 'NONE',  ( 0.0000000000000000000, -1.000000000000000000, -3.491481338843133355E-15 ) ) ;
#6537 = AXIS2_PLACEMENT_3D ( 'NONE', #1787, #3687, #5015 ) ;
#6538 = COLOUR_RGB ( '',0.2509803921568627416, 0.2509803921568627416, 0.2509803921568627416 ) ;
#6539 = EDGE_CURVE ( 'NONE', #2351, #4212, #6792, .T. ) ;
#6540 = SURFACE_SIDE_STYLE ('',( #6618 ) ) ;
#6541 = CARTESIAN_POINT ( 'NONE',  ( 0.4700000000000001954, 1.581707317073171026, 3.551000000000006818 ) ) ;
#6542 =( NAMED_UNIT ( * ) SI_UNIT ( $, .STERADIAN. ) SOLID_ANGLE_UNIT ( ) );
#6543 = LINE ( 'NONE', #3240, #5141 ) ;
#6544 = CARTESIAN_POINT ( 'NONE',  ( 2.540000000000000036, 0.7999999999999953815, 4.800000000000004263 ) ) ;
#6545 = LINE ( 'NONE', #5412, #6080 ) ;
#6546 = EDGE_LOOP ( 'NONE', ( #3780, #3391, #3754, #1794 ) ) ;
#6547 = EDGE_CURVE ( 'NONE', #4291, #5874, #6010, .T. ) ;
#6548 = UNCERTAINTY_MEASURE_WITH_UNIT (LENGTH_MEASURE( 1.000000000000000082E-05 ), #3220, 'distance_accuracy_value', 'NONE');
#6549 = CARTESIAN_POINT ( 'NONE',  ( 0.7644144711715432638, 1.827815377174325961, 3.550000000000006928 ) ) ;
#6550 = PLANE ( 'NONE',  #4176 ) ;
#6551 = AXIS2_PLACEMENT_3D ( 'NONE', #5252, #5988, #153 ) ;
#6552 = DIRECTION ( 'NONE',  ( 1.000000000000000000, 0.0000000000000000000, 0.0000000000000000000 ) ) ;
#6553 = CARTESIAN_POINT ( 'NONE',  ( 0.5037279361817947887, 2.341632143271902500, 3.551000000000009482 ) ) ;
#6554 = DIRECTION ( 'NONE',  ( 0.3536223923290754967, -0.9353882635801357148, -3.265890666862925973E-15 ) ) ;
#6555 = SURFACE_SIDE_STYLE ('',( #5307 ) ) ;
#6556 = CARTESIAN_POINT ( 'NONE',  ( 0.7333786914247263367, 2.262768691694591716, 3.550000000000009592 ) ) ;
#6557 = VECTOR ( 'NONE', #2912, 1000.000000000000000 ) ;
#6558 = DIRECTION ( 'NONE',  ( -1.000000000000000000, -0.0000000000000000000, -0.0000000000000000000 ) ) ;
#6559 = ADVANCED_FACE ( 'NONE', ( #5366 ), #4072, .T. ) ;
#6560 =( NAMED_UNIT ( * ) SI_UNIT ( $, .STERADIAN. ) SOLID_ANGLE_UNIT ( ) );
#6561 = LINE ( 'NONE', #34, #2443 ) ;
#6562 = ORIENTED_EDGE ( 'NONE', *, *, #1138, .T. ) ;
#6563 =( NAMED_UNIT ( * ) PLANE_ANGLE_UNIT ( ) SI_UNIT ( $, .RADIAN. ) );
#6564 = CARTESIAN_POINT ( 'NONE',  ( 1.270000000000000240, 3.299999999999993161, 5.550000000000012257 ) ) ;
#6565 = CARTESIAN_POINT ( 'NONE',  ( 0.7663286590084975591, 2.263682824380140790, 3.551000000000008150 ) ) ;
#6566 = CARTESIAN_POINT ( 'NONE',  ( -1.020000000000000462, 1.084435562925354368, 5.800000000000005151 ) ) ;
#6567 = CARTESIAN_POINT ( 'NONE',  ( -1.519999999999999574, 3.099999999999992539, 5.550000000000011369 ) ) ;
#6568 = ORIENTED_EDGE ( 'NONE', *, *, #4334, .F. ) ;
#6569 = FILL_AREA_STYLE_COLOUR ( '', #4530 ) ;
#6570 = ORIENTED_EDGE ( 'NONE', *, *, #3228, .T. ) ;
#6571 = DIRECTION ( 'NONE',  ( 0.0000000000000000000, 1.000000000000000000, 3.491481338843133355E-15 ) ) ;
#6572 = PRESENTATION_LAYER_ASSIGNMENT (  '', '', ( #1528 ) ) ;
#6573 = PLANE ( 'NONE',  #8237 ) ;
#6574 = DIRECTION ( 'NONE',  ( 0.0000000000000000000, -0.9396926207859083169, -0.3420201433256692680 ) ) ;
#6575 = UNCERTAINTY_MEASURE_WITH_UNIT (LENGTH_MEASURE( 1.000000000000000082E-05 ), #5191, 'distance_accuracy_value', 'NONE');
#6576 = CARTESIAN_POINT ( 'NONE',  ( 0.4992682926829269396, 2.306840701219512013, 3.550000000000010481 ) ) ;
#6577 = EDGE_CURVE ( 'NONE', #5155, #666, #6975, .T. ) ;
#6578 = VECTOR ( 'NONE', #4305, 1000.000000000000000 ) ;
#6579 = CARTESIAN_POINT ( 'NONE',  ( 2.220000000000000195, 5.200000000000008171, 1.050000000000022693 ) ) ;
#6580 = FILL_AREA_STYLE ('',( #5775 ) ) ;
#6581 = PLANE ( 'NONE',  #5294 ) ;
#6582 = PLANE ( 'NONE',  #4322 ) ;
#6583 = ADVANCED_FACE ( 'NONE', ( #1674 ), #3745, .F. ) ;
#6584 = DIRECTION ( 'NONE',  ( 0.0000000000000000000, -1.000000000000000000, -3.491481338843133355E-15 ) ) ;
#6585 = MECHANICAL_DESIGN_GEOMETRIC_PRESENTATION_REPRESENTATION (  '', ( #182 ), #6026 ) ;
#6586 = ORIENTED_EDGE ( 'NONE', *, *, #6213, .T. ) ;
#6587 = CARTESIAN_POINT ( 'NONE',  ( 0.5906019542954621393, 1.759092992298305402, 3.550000000000006484 ) ) ;
#6588 = ORIENTED_EDGE ( 'NONE', *, *, #8356, .T. ) ;
#6589 = SURFACE_SIDE_STYLE ('',( #2793 ) ) ;
#6590 = CARTESIAN_POINT ( 'NONE',  ( 0.5758724807363707621, 2.453978788247654474, 3.551000000000010370 ) ) ;
#6591 =( LENGTH_UNIT ( ) NAMED_UNIT ( * ) SI_UNIT ( .MILLI., .METRE. ) );
#6592 = CARTESIAN_POINT ( 'NONE',  ( -2.401985117133101255, -5.200000000000004619, 4.661985117133083278 ) ) ;
#6593 = VERTEX_POINT ( 'NONE', #400 ) ;
#6594 = CARTESIAN_POINT ( 'NONE',  ( 0.6275875812209266158, 2.419428849166913142, 3.550000000000009148 ) ) ;
#6595 = MECHANICAL_DESIGN_GEOMETRIC_PRESENTATION_REPRESENTATION (  '', ( #7428 ), #5774 ) ;
#6596 = SURFACE_SIDE_STYLE ('',( #5260 ) ) ;
#6597 = CARTESIAN_POINT ( 'NONE',  ( -2.449951660894842398, -5.331786995874674417, 4.890048339105137920 ) ) ;
#6598 = ORIENTED_EDGE ( 'NONE', *, *, #440, .T. ) ;
#6599 = COLOUR_RGB ( '',0.2509803921568627416, 0.2509803921568627416, 0.2509803921568627416 ) ;
#6600 = VECTOR ( 'NONE', #2499, 1000.000000000000000 ) ;
#6601 = VECTOR ( 'NONE', #5969, 1000.000000000000000 ) ;
#6602 = SURFACE_STYLE_FILL_AREA ( #3973 ) ;
#6603 = ORIENTED_EDGE ( 'NONE', *, *, #6193, .T. ) ;
#6604 = FILL_AREA_STYLE_COLOUR ( '', #6112 ) ;
#6605 = ORIENTED_EDGE ( 'NONE', *, *, #1227, .F. ) ;
#6606 = MECHANICAL_DESIGN_GEOMETRIC_PRESENTATION_REPRESENTATION (  '', ( #6903 ), #1980 ) ;
#6607 = SURFACE_STYLE_FILL_AREA ( #1389 ) ;
#6608 = DIRECTION ( 'NONE',  ( -0.0000000000000000000, 3.491481338843133355E-15, -1.000000000000000000 ) ) ;
#6609 = PRESENTATION_STYLE_ASSIGNMENT (( #757 ) ) ;
#6610 = VERTEX_POINT ( 'NONE', #6887 ) ;
#6611 = CARTESIAN_POINT ( 'NONE',  ( 0.4663414634146342275, 2.307183689024390194, 3.550000000000009148 ) ) ;
#6612 = PLANE ( 'NONE',  #4803 ) ;
#6613 = FACE_OUTER_BOUND ( 'NONE', #8292, .T. ) ;
#6614 = PRESENTATION_LAYER_ASSIGNMENT (  '', '', ( #5513 ) ) ;
#6615 = EDGE_CURVE ( 'NONE', #3170, #6136, #988, .T. ) ;
#6616 = PRESENTATION_LAYER_ASSIGNMENT (  '', '', ( #3743 ) ) ;
#6617 = FILL_AREA_STYLE_COLOUR ( '', #6622 ) ;
#6618 = SURFACE_STYLE_FILL_AREA ( #5326 ) ;
#6619 = CARTESIAN_POINT ( 'NONE',  ( 0.5699738334346711177, 1.723043028928999298, 3.551000000000006818 ) ) ;
#6620 = DIRECTION ( 'NONE',  ( 0.0000000000000000000, -1.000000000000000000, 0.0000000000000000000 ) ) ;
#6621 = FILL_AREA_STYLE_COLOUR ( '', #3706 ) ;
#6622 = COLOUR_RGB ( '',0.7529411764705882248, 0.7529411764705882248, 0.7529411764705882248 ) ;
#6623 = VECTOR ( 'NONE', #4078, 1000.000000000000000 ) ;
#6624 = SURFACE_STYLE_FILL_AREA ( #1404 ) ;
#6625 = SURFACE_SIDE_STYLE ('',( #54 ) ) ;
#6626 = FILL_AREA_STYLE ('',( #3494 ) ) ;
#6627 = EDGE_CURVE ( 'NONE', #7604, #4307, #2904, .T. ) ;
#6628 = LINE ( 'NONE', #6068, #6472 ) ;
#6629 = VERTEX_POINT ( 'NONE', #1038 ) ;
#6630 = VECTOR ( 'NONE', #6664, 1000.000000000000000 ) ;
#6631 = SURFACE_SIDE_STYLE ('',( #1412 ) ) ;
#6632 = ADVANCED_FACE ( 'NONE', ( #3626 ), #4355, .T. ) ;
#6633 = ORIENTED_EDGE ( 'NONE', *, *, #2862, .F. ) ;
#6634 = SURFACE_SIDE_STYLE ('',( #815 ) ) ;
#6635 = FACE_OUTER_BOUND ( 'NONE', #1275, .T. ) ;
#6636 = CARTESIAN_POINT ( 'NONE',  ( 2.860000000000000320, 5.200000000000008171, 1.050000000000023581 ) ) ;
#6637 = PRESENTATION_LAYER_ASSIGNMENT (  '', '', ( #2955 ) ) ;
#6638 =( LENGTH_UNIT ( ) NAMED_UNIT ( * ) SI_UNIT ( .MILLI., .METRE. ) );
#6639 = ORIENTED_EDGE ( 'NONE', *, *, #767, .F. ) ;
#6640 = CARTESIAN_POINT ( 'NONE',  ( -2.860000000000000320, -5.200000000000002842, 4.479999999999982663 ) ) ;
#6641 = UNCERTAINTY_MEASURE_WITH_UNIT (LENGTH_MEASURE( 1.000000000000000082E-05 ), #4223, 'distance_accuracy_value', 'NONE');
#6642 = CARTESIAN_POINT ( 'NONE',  ( 1.020000000000000462, 3.099999999999998312, 4.050000000000012257 ) ) ;
#6643 = PRESENTATION_STYLE_ASSIGNMENT (( #785 ) ) ;
#6644 = DIRECTION ( 'NONE',  ( 0.0000000000000000000, -1.000000000000000000, -3.491481338843133355E-15 ) ) ;
#6645 = COLOUR_RGB ( '',0.7529411764705882248, 0.7529411764705882248, 0.7529411764705882248 ) ;
#6646 = ADVANCED_FACE ( 'NONE', ( #5795 ), #5704, .F. ) ;
#6647 = ORIENTED_EDGE ( 'NONE', *, *, #5057, .F. ) ;
#6648 = CARTESIAN_POINT ( 'NONE',  ( 0.7699999995299525724, 2.355314253319456874, 3.550000000000008704 ) ) ;
#6649 = CARTESIAN_POINT ( 'NONE',  ( 0.3200000000000000067, 3.879999999999996785, 4.480000000000012861 ) ) ;
#6650 = EDGE_LOOP ( 'NONE', ( #2945, #321, #4978, #8176 ) ) ;
#6651 = PRESENTATION_LAYER_ASSIGNMENT (  '', '', ( #8025 ) ) ;
#6652 = PLANE ( 'NONE',  #3952 ) ;
#6653 = ORIENTED_EDGE ( 'NONE', *, *, #5360, .F. ) ;
#6654 = AXIS2_PLACEMENT_3D ( 'NONE', #1070, #1747, #1027 ) ;
#6655 = CARTESIAN_POINT ( 'NONE',  ( 2.540000000000000036, 3.099999999999996536, 4.480000000000011084 ) ) ;
#6656 = VECTOR ( 'NONE', #6485, 1000.000000000000000 ) ;
#6657 =( NAMED_UNIT ( * ) SI_UNIT ( $, .STERADIAN. ) SOLID_ANGLE_UNIT ( ) );
#6658 = DIRECTION ( 'NONE',  ( -1.000000000000000000, 0.0000000000000000000, 0.0000000000000000000 ) ) ;
#6659 = VECTOR ( 'NONE', #2429, 1000.000000000000000 ) ;
#6660 = UNCERTAINTY_MEASURE_WITH_UNIT (LENGTH_MEASURE( 1.000000000000000082E-05 ), #2656, 'distance_accuracy_value', 'NONE');
#6661 = CARTESIAN_POINT ( 'NONE',  ( 0.6095437715678969637, 2.419205983537874971, 3.551000000000009038 ) ) ;
#6662 = ORIENTED_EDGE ( 'NONE', *, *, #6627, .T. ) ;
#6663 = MECHANICAL_DESIGN_GEOMETRIC_PRESENTATION_REPRESENTATION (  '', ( #3108 ), #2988 ) ;
#6664 = DIRECTION ( 'NONE',  ( 0.0000000000000000000, 1.000000000000000000, 3.491481338843133750E-15 ) ) ;
#6665 = MECHANICAL_DESIGN_GEOMETRIC_PRESENTATION_REPRESENTATION (  '', ( #8035 ), #5287 ) ;
#6666 = ORIENTED_EDGE ( 'NONE', *, *, #3382, .F. ) ;
#6667 = DIRECTION ( 'NONE',  ( 0.0000000000000000000, -3.491481338843133355E-15, 1.000000000000000000 ) ) ;
#6668 = EDGE_CURVE ( 'NONE', #7967, #4853, #1270, .T. ) ;
#6669 = STYLED_ITEM ( 'NONE', ( #5428 ), #4524 ) ;
#6670 =( LENGTH_UNIT ( ) NAMED_UNIT ( * ) SI_UNIT ( .MILLI., .METRE. ) );
#6671 = LINE ( 'NONE', #4000, #6002 ) ;
#6672 = SURFACE_STYLE_USAGE ( .BOTH. , #5241 ) ;
#6673 = CARTESIAN_POINT ( 'NONE',  ( 2.220000000000000195, -4.700000000000001066, 5.119999999999984119 ) ) ;
#6674 = ORIENTED_EDGE ( 'NONE', *, *, #4903, .F. ) ;
#6675 = B_SPLINE_SURFACE_WITH_KNOTS ( 'NONE', 3, 1, ( 
 ( #358, #6932 ),
 ( #7186, #2647 ),
 ( #5747, #3231 ),
 ( #2, #7863 ),
 ( #8427, #568 ),
 ( #2603, #5178 ),
 ( #6528, #680 ),
 ( #4579, #1838 ),
 ( #3104, #3778 ) ),
 .UNSPECIFIED., .F., .F., .F.,
 ( 4, 1, 1, 1, 1, 1, 4 ),
 ( 2, 2 ),
 ( 0.0000000000000000000, 0.1124483899088039723, 0.2265276752126802462, 0.3444019493260294662, 0.4658649724874575626, 0.5916594493521158959, 0.5972357539740259513 ),
 ( 0.0000000000000000000, 1.000000000000000000 ),
 .UNSPECIFIED. ) ;
#6676 = DIRECTION ( 'NONE',  ( -1.000000000000000000, 0.0000000000000000000, 0.0000000000000000000 ) ) ;
#6677 = EDGE_CURVE ( 'NONE', #8272, #3015, #516, .T. ) ;
#6678 = VECTOR ( 'NONE', #7155, 1000.000000000000114 ) ;
#6679 = ORIENTED_EDGE ( 'NONE', *, *, #6316, .F. ) ;
#6680 = FILL_AREA_STYLE_COLOUR ( '', #1225 ) ;
#6681 = CARTESIAN_POINT ( 'NONE',  ( 2.220000000000000195, 3.879999999999999005, 3.800000000000013589 ) ) ;
#6682 = FACE_OUTER_BOUND ( 'NONE', #2393, .T. ) ;
#6683 = LINE ( 'NONE', #6028, #7514 ) ;
#6684 = ORIENTED_EDGE ( 'NONE', *, *, #4446, .T. ) ;
#6685 = DIRECTION ( 'NONE',  ( -0.0000000000000000000, 1.000000000000000000, 3.491481338843133355E-15 ) ) ;
#6686 = DIRECTION ( 'NONE',  ( 0.0000000000000000000, 3.891802140991627604E-15, -1.000000000000000000 ) ) ;
#6687 = CARTESIAN_POINT ( 'NONE',  ( 2.860000000000000320, -5.200000000000006395, 5.119999999999982343 ) ) ;
#6688 = VERTEX_POINT ( 'NONE', #2471 ) ;
#6689 = DIRECTION ( 'NONE',  ( -1.000000000000000000, -0.0000000000000000000, -0.0000000000000000000 ) ) ;
#6690 = VECTOR ( 'NONE', #6214, 999.9999999999998863 ) ;
#6691 = VECTOR ( 'NONE', #5652, 1000.000000000000000 ) ;
#6692 = ADVANCED_FACE ( 'NONE', ( #6494 ), #5109, .T. ) ;
#6693 = ORIENTED_EDGE ( 'NONE', *, *, #767, .T. ) ;
#6694 = FACE_OUTER_BOUND ( 'NONE', #5048, .T. ) ;
#6695 = VERTEX_POINT ( 'NONE', #8429 ) ;
#6696 = SURFACE_STYLE_USAGE ( .BOTH. , #714 ) ;
#6697 = CARTESIAN_POINT ( 'NONE',  ( 0.5236927474075087074, 1.558526959900529585, 3.551000000000006374 ) ) ;
#6698 = DIRECTION ( 'NONE',  ( 1.000000000000000000, 0.0000000000000000000, 0.0000000000000000000 ) ) ;
#6699 = FILL_AREA_STYLE ('',( #4066 ) ) ;
#6700 = DIRECTION ( 'NONE',  ( 1.000000000000000000, 0.0000000000000000000, 0.0000000000000000000 ) ) ;
#6701 = CARTESIAN_POINT ( 'NONE',  ( 2.860000000000000320, 5.018014882866909332, 0.5500000000000183631 ) ) ;
#6702 = DIRECTION ( 'NONE',  ( -0.0000000000000000000, 3.491481338843133355E-15, -1.000000000000000000 ) ) ;
#6703 = ORIENTED_EDGE ( 'NONE', *, *, #5871, .T. ) ;
#6704 = CARTESIAN_POINT ( 'NONE',  ( 0.6162271341463415597, 1.717073170731707510, 3.550000000000008260 ) ) ;
#6705 = B_SPLINE_CURVE_WITH_KNOTS ( 'NONE', 3,
 ( #3920, #1338, #5088, #7217, #6553, #1221, #8330, #1868, #1299, #4567, #7797, #703, #7125, #1911, #3287, #5779, #4385, #634, #5206 ),
 .UNSPECIFIED., .F., .F.,
 ( 4, 1, 1, 1, 1, 1, 1, 1, 1, 1, 1, 1, 1, 1, 1, 1, 4 ),
 ( 0.0000000000000000000, 0.06460397028839262590, 0.1267024139629481516, 0.1867568140356196393, 0.2455056873654390959, 0.3036520244499756882, 0.3615030739706251994, 0.4202402229284677992, 0.4800333407766960714, 0.5406781347755166278, 0.6011918063807818458, 0.6623335024774423818, 0.7247395102972322700, 0.7894677361728871245, 0.8565048600438310844, 0.9263120958391902748, 1.000000000000000000 ),
 .UNSPECIFIED. ) ;
#6706 = ORIENTED_EDGE ( 'NONE', *, *, #1244, .T. ) ;
#6707 =( NAMED_UNIT ( * ) SI_UNIT ( $, .STERADIAN. ) SOLID_ANGLE_UNIT ( ) );
#6708 = CARTESIAN_POINT ( 'NONE',  ( 0.4782317073170733179, 2.236585365853658747, 3.550000000000009148 ) ) ;
#6709 = ORIENTED_EDGE ( 'NONE', *, *, #2110, .F. ) ;
#6710 = VERTEX_POINT ( 'NONE', #7781 ) ;
#6711 = VECTOR ( 'NONE', #7556, 999.9999999999998863 ) ;
#6712 = DIRECTION ( 'NONE',  ( 0.0000000000000000000, -1.000000000000000000, -3.592104167426721697E-15 ) ) ;
#6713 = LINE ( 'NONE', #1498, #1554 ) ;
#6714 = VECTOR ( 'NONE', #4238, 1000.000000000000000 ) ;
#6715 = LINE ( 'NONE', #702, #2452 ) ;
#6716 = CARTESIAN_POINT ( 'NONE',  ( 0.4667148438499928997, 2.323231495709269456, 3.550000000000010481 ) ) ;
#6717 = CARTESIAN_POINT ( 'NONE',  ( 0.3200000000000000067, 3.879999999999996785, 4.480000000000012861 ) ) ;
#6718 = FILL_AREA_STYLE ('',( #6075 ) ) ;
#6719 = ORIENTED_EDGE ( 'NONE', *, *, #7821, .F. ) ;
#6720 = CARTESIAN_POINT ( 'NONE',  ( 0.5067175955708265178, 1.837681967913762149, 3.551000000000008594 ) ) ;
#6721 = UNCERTAINTY_MEASURE_WITH_UNIT (LENGTH_MEASURE( 1.000000000000000082E-05 ), #804, 'distance_accuracy_value', 'NONE');
#6722 = ADVANCED_FACE ( 'NONE', ( #1925 ), #4493, .T. ) ;
#6723 = FACE_OUTER_BOUND ( 'NONE', #7758, .T. ) ;
#6724 =( LENGTH_UNIT ( ) NAMED_UNIT ( * ) SI_UNIT ( .MILLI., .METRE. ) );
#6725 = PRESENTATION_LAYER_ASSIGNMENT (  '', '', ( #862 ) ) ;
#6726 = ORIENTED_EDGE ( 'NONE', *, *, #7421, .F. ) ;
#6727 = B_SPLINE_CURVE_WITH_KNOTS ( 'NONE', 3,
 ( #2511, #3229, #5019, #5830, #7694, #5102, #2601, #4444, #1750, #1791, #3191, #5789, #8421, #5140, #6973, #6309, #472, #4349, #7980 ),
 .UNSPECIFIED., .F., .F.,
 ( 4, 1, 1, 1, 1, 1, 1, 1, 1, 1, 1, 1, 1, 1, 1, 1, 4 ),
 ( 0.0000000000000000000, 0.06807022544602438219, 0.1334304311243610652, 0.1961504414953039455, 0.2571279473187741971, 0.3168673125347747366, 0.3761731906999614683, 0.4359476605849032516, 0.4965239232888284948, 0.5574553990935474657, 0.6176782722867171227, 0.6779364036295147944, 0.7387994153869107405, 0.8009448638132559140, 0.8648116296622979648, 0.9310232311067554445, 1.000000000000000000 ),
 .UNSPECIFIED. ) ;
#6728 =( LENGTH_UNIT ( ) NAMED_UNIT ( * ) SI_UNIT ( .MILLI., .METRE. ) );
#6729 = DIRECTION ( 'NONE',  ( 0.0000000000000000000, -3.491481338843133355E-15, 1.000000000000000000 ) ) ;
#6730 = CIRCLE ( 'NONE', #7159, 1.319999999999999174 ) ;
#6731 = ORIENTED_EDGE ( 'NONE', *, *, #1900, .T. ) ;
#6732 = PRESENTATION_STYLE_ASSIGNMENT (( #2761 ) ) ;
#6733 = ORIENTED_EDGE ( 'NONE', *, *, #1562, .F. ) ;
#6734 = FILL_AREA_STYLE ('',( #7394 ) ) ;
#6735 = PLANE ( 'NONE',  #6654 ) ;
#6736 = CARTESIAN_POINT ( 'NONE',  ( 0.5065853658536588755, 1.561928353658537105, 3.550000000000006928 ) ) ;
#6737 = EDGE_CURVE ( 'NONE', #7479, #2760, #2691, .T. ) ;
#6738 = AXIS2_PLACEMENT_3D ( 'NONE', #3857, #5746, #3230 ) ;
#6739 = STYLED_ITEM ( 'NONE', ( #981 ), #3435 ) ;
#6740 = MECHANICAL_DESIGN_GEOMETRIC_PRESENTATION_REPRESENTATION (  '', ( #8028 ), #353 ) ;
#6741 = CARTESIAN_POINT ( 'NONE',  ( 2.678014882866899260, -5.200000000000002842, 4.479999999999982663 ) ) ;
#6742 =( NAMED_UNIT ( * ) PLANE_ANGLE_UNIT ( ) SI_UNIT ( $, .RADIAN. ) );
#6743 = AXIS2_PLACEMENT_3D ( 'NONE', #7171, #7849, #5861 ) ;
#6744 = COLOUR_RGB ( '',0.7529411764705882248, 0.7529411764705882248, 0.7529411764705882248 ) ;
#6745 = ORIENTED_EDGE ( 'NONE', *, *, #7584, .F. ) ;
#6746 = CARTESIAN_POINT ( 'NONE',  ( 0.7681298211584929314, 2.363731068060712648, 3.551000000000009482 ) ) ;
#6747 = ORIENTED_EDGE ( 'NONE', *, *, #1752, .T. ) ;
#6748 = CARTESIAN_POINT ( 'NONE',  ( 1.270000000000000240, 3.099999999999992539, 5.550000000000011369 ) ) ;
#6749 = VECTOR ( 'NONE', #1340, 999.9999999999998863 ) ;
#6750 = VECTOR ( 'NONE', #53, 1000.000000000000000 ) ;
#6751 = CARTESIAN_POINT ( 'NONE',  ( 0.5785168313925826977, 1.761586438414781242, 3.551000000000007706 ) ) ;
#6752 = PLANE ( 'NONE',  #3775 ) ;
#6753 = DIRECTION ( 'NONE',  ( -1.000000000000000000, 0.0000000000000000000, 0.0000000000000000000 ) ) ;
#6754 = CARTESIAN_POINT ( 'NONE',  ( 0.4703637171774835979, 1.857557583241226107, 3.550000000000006928 ) ) ;
#6755 = ORIENTED_EDGE ( 'NONE', *, *, #4835, .T. ) ;
#6756 = CARTESIAN_POINT ( 'NONE',  ( 0.6492075641414220000, 1.719609334201176676, 3.550000000000007372 ) ) ;
#6757 = ORIENTED_EDGE ( 'NONE', *, *, #5323, .F. ) ;
#6758 = LINE ( 'NONE', #5212, #6031 ) ;
#6759 = FILL_AREA_STYLE ('',( #4005 ) ) ;
#6760 = DIRECTION ( 'NONE',  ( 0.0000000000000000000, -1.000000000000000000, -3.491481338843133355E-15 ) ) ;
#6761 = EDGE_CURVE ( 'NONE', #4004, #3125, #7021, .T. ) ;
#6762 = VECTOR ( 'NONE', #6712, 1000.000000000000000 ) ;
#6763 = ORIENTED_EDGE ( 'NONE', *, *, #4368, .T. ) ;
#6764 = CARTESIAN_POINT ( 'NONE',  ( 0.7008276310125493014, 2.397256504005311317, 3.551000000000007706 ) ) ;
#6765 = LINE ( 'NONE', #2795, #5362 ) ;
#6766 = CARTESIAN_POINT ( 'NONE',  ( 0.7700000000000001288, 2.639024390243903007, 3.550000000000010036 ) ) ;
#6767 = AXIS2_PLACEMENT_3D ( 'NONE', #5721, #3795, #3164 ) ;
#6768 = DIRECTION ( 'NONE',  ( 0.7071067811865473507, 2.468850131082266527E-15, -0.7071067811865477948 ) ) ;
#6769 = DIRECTION ( 'NONE',  ( 0.0000000000000000000, -1.000000000000000000, -3.491481338843133355E-15 ) ) ;
#6770 = VERTEX_POINT ( 'NONE', #3392 ) ;
#6771 = MECHANICAL_DESIGN_GEOMETRIC_PRESENTATION_REPRESENTATION (  '', ( #5243 ), #5810 ) ;
#6772 = DIRECTION ( 'NONE',  ( -1.000000000000000000, 0.0000000000000000000, 3.882340360440663993E-12 ) ) ;
#6773 = DIRECTION ( 'NONE',  ( -1.000000000000000000, -0.0000000000000000000, 0.0000000000000000000 ) ) ;
#6774 = VERTEX_POINT ( 'NONE', #3299 ) ;
#6775 = FILL_AREA_STYLE_COLOUR ( '', #5027 ) ;
#6776 = CARTESIAN_POINT ( 'NONE',  ( 0.7370731707317075276, 2.137804878048779944, 3.550000000000008260 ) ) ;
#6777 = VERTEX_POINT ( 'NONE', #7911 ) ;
#6778 = VECTOR ( 'NONE', #78, 1000.000000000000227 ) ;
#6779 = CARTESIAN_POINT ( 'NONE',  ( 0.4663414634146342275, 2.307183689024390194, 3.550000000000009148 ) ) ;
#6780 = CARTESIAN_POINT ( 'NONE',  ( 0.5264250008835792416, 1.557672389829700466, 3.551000000000006374 ) ) ;
#6781 = VERTEX_POINT ( 'NONE', #222 ) ;
#6782 = DIRECTION ( 'NONE',  ( 1.000000000000000000, 0.0000000000000000000, 0.0000000000000000000 ) ) ;
#6783 = UNCERTAINTY_MEASURE_WITH_UNIT (LENGTH_MEASURE( 1.000000000000000082E-05 ), #7380, 'distance_accuracy_value', 'NONE');
#6784 = EDGE_CURVE ( 'NONE', #1864, #5724, #5957, .T. ) ;
#6785 =( LENGTH_UNIT ( ) NAMED_UNIT ( * ) SI_UNIT ( .MILLI., .METRE. ) );
#6786 = CARTESIAN_POINT ( 'NONE',  ( 0.6782586744472806073, 1.769336829329118510, 3.551000000000006818 ) ) ;
#6787 = STYLED_ITEM ( 'NONE', ( #2539 ), #1012 ) ;
#6788 = CARTESIAN_POINT ( 'NONE',  ( 0.6017073170731709331, 2.137804878048779944, 3.551000000000008594 ) ) ;
#6789 = CARTESIAN_POINT ( 'NONE',  ( 0.6560131579035334282, 1.761503439473108390, 3.551000000000005929 ) ) ;
#6790 = CARTESIAN_POINT ( 'NONE',  ( 0.5611552679116227349, 2.407512846373818238, 3.551000000000009926 ) ) ;
#6791 = ORIENTED_EDGE ( 'NONE', *, *, #2642, .F. ) ;
#6792 = LINE ( 'NONE', #3407, #6216 ) ;
#6793 = ORIENTED_EDGE ( 'NONE', *, *, #1673, .T. ) ;
#6794 = PRESENTATION_STYLE_ASSIGNMENT (( #274 ) ) ;
#6795 = EDGE_CURVE ( 'NONE', #6770, #4192, #4097, .T. ) ;
#6796 = CARTESIAN_POINT ( 'NONE',  ( 0.5570082263873828987, 1.769661341597603021, 3.551000000000007706 ) ) ;
#6797 = PRESENTATION_LAYER_ASSIGNMENT (  '', '', ( #6105 ) ) ;
#6798 = DIRECTION ( 'NONE',  ( 0.0000000000000000000, -1.000000000000000000, -4.087566811209707212E-15 ) ) ;
#6799 = CARTESIAN_POINT ( 'NONE',  ( 0.7407317073170731625, 2.313586128048780388, 3.551000000000009482 ) ) ;
#6800 = DIRECTION ( 'NONE',  ( -1.000000000000000000, -0.0000000000000000000, 0.0000000000000000000 ) ) ;
#6801 = ORIENTED_EDGE ( 'NONE', *, *, #974, .T. ) ;
#6802 = ADVANCED_FACE ( 'NONE', ( #7269 ), #5216, .T. ) ;
#6803 = VECTOR ( 'NONE', #7135, 1000.000000000000000 ) ;
#6804 = COLOUR_RGB ( '',0.7529411764705882248, 0.7529411764705882248, 0.7529411764705882248 ) ;
#6805 = VECTOR ( 'NONE', #6063, 1000.000000000000000 ) ;
#6806 = DIRECTION ( 'NONE',  ( -1.985342574602310274E-12, -1.000000000000000000, -1.988834055941152890E-12 ) ) ;
#6807 = CARTESIAN_POINT ( 'NONE',  ( 0.7700000000000000178, 0.7999999999999997113, 3.550000000000003819 ) ) ;
#6808 =( LENGTH_UNIT ( ) NAMED_UNIT ( * ) SI_UNIT ( .MILLI., .METRE. ) );
#6809 = ORIENTED_EDGE ( 'NONE', *, *, #1526, .F. ) ;
#6810 = DIRECTION ( 'NONE',  ( 1.000000000000000000, 0.0000000000000000000, 0.0000000000000000000 ) ) ;
#6811 = COLOUR_RGB ( '',0.7529411764705882248, 0.7529411764705882248, 0.7529411764705882248 ) ;
#6812 = CARTESIAN_POINT ( 'NONE',  ( 0.4769925707801079273, 2.367789493862291206, 3.551000000000009926 ) ) ;
#6813 = LINE ( 'NONE', #7594, #7308 ) ;
#6814 = PRESENTATION_LAYER_ASSIGNMENT (  '', '', ( #4578 ) ) ;
#6815 = PRESENTATION_LAYER_ASSIGNMENT (  '', '', ( #2040 ) ) ;
#6816 = CARTESIAN_POINT ( 'NONE',  ( 0.6675348770826408096, 1.764899272976817590, 3.550000000000007816 ) ) ;
#6817 = CARTESIAN_POINT ( 'NONE',  ( 0.4700000000000001954, 1.541463414634146600, 3.550000000000006484 ) ) ;
#6818 = CARTESIAN_POINT ( 'NONE',  ( 0.5127672432389367430, 1.563882989720425831, 3.551000000000007706 ) ) ;
#6819 = EDGE_CURVE ( 'NONE', #2342, #1297, #6302, .T. ) ;
#6820 = PRESENTATION_LAYER_ASSIGNMENT (  '', '', ( #2724 ) ) ;
#6821 = UNCERTAINTY_MEASURE_WITH_UNIT (LENGTH_MEASURE( 1.000000000000000082E-05 ), #3935, 'distance_accuracy_value', 'NONE');
#6822 = LINE ( 'NONE', #8223, #3932 ) ;
#6823 = SURFACE_STYLE_FILL_AREA ( #2202 ) ;
#6824 = UNCERTAINTY_MEASURE_WITH_UNIT (LENGTH_MEASURE( 1.000000000000000082E-05 ), #7789, 'distance_accuracy_value', 'NONE');
#6825 = PRESENTATION_LAYER_ASSIGNMENT (  '', '', ( #953 ) ) ;
#6826 = DIRECTION ( 'NONE',  ( 0.0000000000000000000, 1.000000000000000000, 9.878286460423456269E-15 ) ) ;
#6827 = ORIENTED_EDGE ( 'NONE', *, *, #4407, .F. ) ;
#6828 = DIRECTION ( 'NONE',  ( 1.000000000000000000, 0.0000000000000000000, 0.0000000000000000000 ) ) ;
#6829 = PLANE ( 'NONE',  #1166 ) ;
#6830 = PRESENTATION_LAYER_ASSIGNMENT (  '', '', ( #7103 ) ) ;
#6831 = ORIENTED_EDGE ( 'NONE', *, *, #4211, .F. ) ;
#6832 = EDGE_CURVE ( 'NONE', #917, #6781, #8293, .T. ) ;
#6833 = DIRECTION ( 'NONE',  ( 0.3236155771181811747, 0.8891264907159914799, -0.3236155771181792873 ) ) ;
#6834 = ORIENTED_EDGE ( 'NONE', *, *, #62, .F. ) ;
#6835 = CARTESIAN_POINT ( 'NONE',  ( 0.7332073257407352163, 2.421660112290895395, 3.550000000000009148 ) ) ;
#6836 = PRESENTATION_STYLE_ASSIGNMENT (( #392 ) ) ;
#6837 = CARTESIAN_POINT ( 'NONE',  ( 0.5276219512195123862, 1.557298018292683217, 3.551000000000006818 ) ) ;
#6838 = VERTEX_POINT ( 'NONE', #2331 ) ;
#6839 = FACE_OUTER_BOUND ( 'NONE', #2125, .T. ) ;
#6840 = CIRCLE ( 'NONE', #3544, 1.319999999999999174 ) ;
#6841 = DIRECTION ( 'NONE',  ( -0.0000000000000000000, 3.491481338843133355E-15, -1.000000000000000000 ) ) ;
#6842 = CARTESIAN_POINT ( 'NONE',  ( 0.7370731707317074166, 1.875705030487805125, 3.551000000000007706 ) ) ;
#6843 = CARTESIAN_POINT ( 'NONE',  ( 2.860000000000000320, 5.199999999999997513, 3.800000000000018474 ) ) ;
#6844 = EDGE_CURVE ( 'NONE', #7001, #3411, #4971, .T. ) ;
#6845 = VECTOR ( 'NONE', #1194, 999.9999999999998863 ) ;
#6846 = ORIENTED_EDGE ( 'NONE', *, *, #2862, .T. ) ;
#6847 = ORIENTED_EDGE ( 'NONE', *, *, #640, .F. ) ;
#6848 =( NAMED_UNIT ( * ) SI_UNIT ( $, .STERADIAN. ) SOLID_ANGLE_UNIT ( ) );
#6849 = DIRECTION ( 'NONE',  ( -1.000000000000000000, 0.0000000000000000000, 0.0000000000000000000 ) ) ;
#6850 =( NAMED_UNIT ( * ) SI_UNIT ( $, .STERADIAN. ) SOLID_ANGLE_UNIT ( ) );
#6851 = DIRECTION ( 'NONE',  ( 0.0000000000000000000, -1.000000000000000000, 0.0000000000000000000 ) ) ;
#6852 = EDGE_LOOP ( 'NONE', ( #4611, #2130, #8300, #4429 ) ) ;
#6853 = EDGE_CURVE ( 'NONE', #2715, #4076, #3022, .T. ) ;
#6854 = ORIENTED_EDGE ( 'NONE', *, *, #7490, .T. ) ;
#6855 = DIRECTION ( 'NONE',  ( -1.000000000000000000, 0.0000000000000000000, 0.0000000000000000000 ) ) ;
#6856 = EDGE_LOOP ( 'NONE', ( #5565, #174, #6703, #3216 ) ) ;
#6857 = DIRECTION ( 'NONE',  ( 0.3236155771181821184, 0.3236155771181787322, 0.8891264907159913689 ) ) ;
#6858 = DIRECTION ( 'NONE',  ( 1.000000000000000000, 0.0000000000000000000, 0.0000000000000000000 ) ) ;
#6859 = CARTESIAN_POINT ( 'NONE',  ( -1.769999999999999796, 0.7999999999999910516, 6.050000000000003375 ) ) ;
#6860 = CARTESIAN_POINT ( 'NONE',  ( 0.6170846036585366789, 1.757317073170731936, 3.551000000000007262 ) ) ;
#6861 = SURFACE_SIDE_STYLE ('',( #3550 ) ) ;
#6862 = EDGE_CURVE ( 'NONE', #1630, #3654, #4143, .T. ) ;
#6863 = ORIENTED_EDGE ( 'NONE', *, *, #1772, .T. ) ;
#6864 = DIRECTION ( 'NONE',  ( 0.0000000000000000000, 1.000000000000000000, 1.642730564371977449E-15 ) ) ;
#6865 = DIRECTION ( 'NONE',  ( -0.9315776194850602376, 0.3635424856527063597, 0.0000000000000000000 ) ) ;
#6866 = VECTOR ( 'NONE', #4885, 1000.000000000000000 ) ;
#6867 = EDGE_LOOP ( 'NONE', ( #5434, #2279, #2676, #8214 ) ) ;
#6868 = CARTESIAN_POINT ( 'NONE',  ( 0.5673238370142983378, 1.765123344336013034, 3.551000000000007262 ) ) ;
#6869 = MECHANICAL_DESIGN_GEOMETRIC_PRESENTATION_REPRESENTATION (  '', ( #1528 ), #2896 ) ;
#6870 = CARTESIAN_POINT ( 'NONE',  ( 0.5029268292682927965, 1.874047256097561176, 3.551000000000007706 ) ) ;
#6871 = ORIENTED_EDGE ( 'NONE', *, *, #8439, .T. ) ;
#6872 = PRESENTATION_STYLE_ASSIGNMENT (( #7650 ) ) ;
#6873 =( NAMED_UNIT ( * ) PLANE_ANGLE_UNIT ( ) SI_UNIT ( $, .RADIAN. ) );
#6874 = MECHANICAL_DESIGN_GEOMETRIC_PRESENTATION_REPRESENTATION (  '', ( #849 ), #3578 ) ;
#6875 = VERTEX_POINT ( 'NONE', #6779 ) ;
#6876 = CARTESIAN_POINT ( 'NONE',  ( 0.7711884924952604470, 2.349287813674518777, 3.550000000000008260 ) ) ;
#6877 = CARTESIAN_POINT ( 'NONE',  ( 0.5066503553637533575, 2.261398685133214403, 3.551000000000008150 ) ) ;
#6878 = ORIENTED_EDGE ( 'NONE', *, *, #951, .T. ) ;
#6879 = CARTESIAN_POINT ( 'NONE',  ( 2.220000000000000195, 3.880000000000008331, 1.050000000000018474 ) ) ;
#6880 = STYLED_ITEM ( 'NONE', ( #5280 ), #2966 ) ;
#6881 =( LENGTH_UNIT ( ) NAMED_UNIT ( * ) SI_UNIT ( .MILLI., .METRE. ) );
#6882 = FILL_AREA_STYLE ('',( #307 ) ) ;
#6883 = DIRECTION ( 'NONE',  ( 0.3236155771181811747, -0.8891264907159892594, -0.3236155771181855600 ) ) ;
#6884 = EDGE_LOOP ( 'NONE', ( #6888, #1432, #1054, #3058 ) ) ;
#6885 = VECTOR ( 'NONE', #3441, 1000.000000000000000 ) ;
#6886 = STYLED_ITEM ( 'NONE', ( #986 ), #3111 ) ;
#6887 = CARTESIAN_POINT ( 'NONE',  ( 0.7370731707317074166, 1.875705030487805125, 3.551000000000007706 ) ) ;
#6888 = ORIENTED_EDGE ( 'NONE', *, *, #1883, .T. ) ;
#6889 = CARTESIAN_POINT ( 'NONE',  ( 0.5127672432389367430, 1.563882989720425831, 3.550000000000007372 ) ) ;
#6890 = FILL_AREA_STYLE_COLOUR ( '', #6522 ) ;
#6891 =( NAMED_UNIT ( * ) PLANE_ANGLE_UNIT ( ) SI_UNIT ( $, .RADIAN. ) );
#6892 = EDGE_CURVE ( 'NONE', #6095, #6493, #930, .T. ) ;
#6893 = CARTESIAN_POINT ( 'NONE',  ( 0.6124883584021467708, 1.757415441876140516, 3.551000000000007262 ) ) ;
#6894 = STYLED_ITEM ( 'NONE', ( #7098 ), #6013 ) ;
#6895 = VECTOR ( 'NONE', #2196, 1000.000000000000000 ) ;
#6896 = VERTEX_POINT ( 'NONE', #3686 ) ;
#6897 = FACE_OUTER_BOUND ( 'NONE', #4621, .T. ) ;
#6898 = VERTEX_POINT ( 'NONE', #4194 ) ;
#6899 = FILL_AREA_STYLE_COLOUR ( '', #4531 ) ;
#6900 =( NAMED_UNIT ( * ) SI_UNIT ( $, .STERADIAN. ) SOLID_ANGLE_UNIT ( ) );
#6901 = VECTOR ( 'NONE', #7138, 1000.000000000000000 ) ;
#6902 = MECHANICAL_DESIGN_GEOMETRIC_PRESENTATION_REPRESENTATION (  '', ( #1717 ), #3319 ) ;
#6903 = STYLED_ITEM ( 'NONE', ( #1076 ), #2387 ) ;
#6904 = ORIENTED_EDGE ( 'NONE', *, *, #6399, .F. ) ;
#6905 =( NAMED_UNIT ( * ) PLANE_ANGLE_UNIT ( ) SI_UNIT ( $, .RADIAN. ) );
#6906 = EDGE_CURVE ( 'NONE', #5626, #4615, #2507, .T. ) ;
#6907 = CARTESIAN_POINT ( 'NONE',  ( 2.860000000000000320, -5.200000000000004619, 4.938014882866880839 ) ) ;
#6908 = CARTESIAN_POINT ( 'NONE',  ( 2.220000000000000195, 3.099999999999990319, 5.120000000000010765 ) ) ;
#6909 = ORIENTED_EDGE ( 'NONE', *, *, #946, .F. ) ;
#6910 = FILL_AREA_STYLE ('',( #7716 ) ) ;
#6911 = EDGE_CURVE ( 'NONE', #3015, #6049, #1876, .T. ) ;
#6912 = ORIENTED_EDGE ( 'NONE', *, *, #5265, .F. ) ;
#6913 = UNCERTAINTY_MEASURE_WITH_UNIT (LENGTH_MEASURE( 1.000000000000000082E-05 ), #5014, 'distance_accuracy_value', 'NONE');
#6914 = FILL_AREA_STYLE ('',( #7643 ) ) ;
#6915 = ORIENTED_EDGE ( 'NONE', *, *, #5310, .T. ) ;
#6916 = STYLED_ITEM ( 'NONE', ( #6424 ), #2814 ) ;
#6917 = PLANE ( 'NONE',  #360 ) ;
#6918 = VECTOR ( 'NONE', #5084, 1000.000000000000000 ) ;
#6919 = ADVANCED_FACE ( 'NONE', ( #3143 ), #3308, .T. ) ;
#6920 = UNCERTAINTY_MEASURE_WITH_UNIT (LENGTH_MEASURE( 1.000000000000000082E-05 ), #2316, 'distance_accuracy_value', 'NONE');
#6921 = COLOUR_RGB ( '',0.7529411764705882248, 0.7529411764705882248, 0.7529411764705882248 ) ;
#6922 = UNCERTAINTY_MEASURE_WITH_UNIT (LENGTH_MEASURE( 1.000000000000000082E-05 ), #5303, 'distance_accuracy_value', 'NONE');
#6923 = VERTEX_POINT ( 'NONE', #1262 ) ;
#6924 = CARTESIAN_POINT ( 'NONE',  ( 0.7510300332775421417, 2.400881156313377840, 3.551000000000150703 ) ) ;
#6925 = PLANE ( 'NONE',  #4727 ) ;
#6926 = ORIENTED_EDGE ( 'NONE', *, *, #1380, .T. ) ;
#6927 = DIRECTION ( 'NONE',  ( -0.0000000000000000000, 3.491481338843133355E-15, -1.000000000000000000 ) ) ;
#6928 = PLANE ( 'NONE',  #6405 ) ;
#6929 = PRESENTATION_LAYER_ASSIGNMENT (  '', '', ( #5395 ) ) ;
#6930 = LINE ( 'NONE', #4201, #5503 ) ;
#6931 = ADVANCED_FACE ( 'NONE', ( #4346 ), #7732, .F. ) ;
#6932 = CARTESIAN_POINT ( 'NONE',  ( 0.7544512195121951814, 2.236585365853658303, 3.550000000000008704 ) ) ;
#6933 = ORIENTED_EDGE ( 'NONE', *, *, #8079, .F. ) ;
#6934 = SURFACE_SIDE_STYLE ('',( #6313 ) ) ;
#6935 = SURFACE_STYLE_FILL_AREA ( #1120 ) ;
#6936 = SURFACE_SIDE_STYLE ('',( #4687 ) ) ;
#6937 = CARTESIAN_POINT ( 'NONE',  ( 0.5314178945371226259, 1.789304858805062626, 3.550000000000010925 ) ) ;
#6938 = CARTESIAN_POINT ( 'NONE',  ( 0.7700000000000001288, 1.468292682926829684, 3.550000000000006484 ) ) ;
#6939 = FACE_OUTER_BOUND ( 'NONE', #5441, .T. ) ;
#6940 = ORIENTED_EDGE ( 'NONE', *, *, #5356, .F. ) ;
#6941 = FILL_AREA_STYLE_COLOUR ( '', #1721 ) ;
#6942 = ORIENTED_EDGE ( 'NONE', *, *, #250, .T. ) ;
#6943 = EDGE_CURVE ( 'NONE', #4819, #3168, #5312, .T. ) ;
#6944 = AXIS2_PLACEMENT_3D ( 'NONE', #348, #4347, #6352 ) ;
#6945 =( NAMED_UNIT ( * ) PLANE_ANGLE_UNIT ( ) SI_UNIT ( $, .RADIAN. ) );
#6946 = DIRECTION ( 'NONE',  ( 0.0000000000000000000, 3.491481338843133355E-15, -1.000000000000000000 ) ) ;
#6947 = FILL_AREA_STYLE ('',( #6419 ) ) ;
#6948 =( NAMED_UNIT ( * ) SI_UNIT ( $, .STERADIAN. ) SOLID_ANGLE_UNIT ( ) );
#6949 = STYLED_ITEM ( 'NONE', ( #7118 ), #4653 ) ;
#6950 = LINE ( 'NONE', #5464, #3737 ) ;
#6951 = CARTESIAN_POINT ( 'NONE',  ( 0.0000000000000000000, -1.002289631976837338E-14, 3.551000000000002821 ) ) ;
#6952 = VECTOR ( 'NONE', #3109, 1000.000000000000000 ) ;
#6953 = CARTESIAN_POINT ( 'NONE',  ( 0.5431513744527264320, 1.734218356083071733, 3.551000000000007262 ) ) ;
#6954 = ORIENTED_EDGE ( 'NONE', *, *, #1005, .T. ) ;
#6955 = EDGE_CURVE ( 'NONE', #2591, #6356, #7974, .T. ) ;
#6956 = FILL_AREA_STYLE ('',( #6998 ) ) ;
#6957 = DIRECTION ( 'NONE',  ( 0.0000000000000000000, -3.491481338843133355E-15, 1.000000000000000000 ) ) ;
#6958 =( GEOMETRIC_REPRESENTATION_CONTEXT ( 3 ) GLOBAL_UNCERTAINTY_ASSIGNED_CONTEXT ( ( #3798 ) ) GLOBAL_UNIT_ASSIGNED_CONTEXT ( ( #5953, #2556, #1266 ) ) REPRESENTATION_CONTEXT ( 'NONE', 'WORKASPACE' ) );
#6959 = ORIENTED_EDGE ( 'NONE', *, *, #1406, .T. ) ;
#6960 =( LENGTH_UNIT ( ) NAMED_UNIT ( * ) SI_UNIT ( .MILLI., .METRE. ) );
#6961 = CARTESIAN_POINT ( 'NONE',  ( 0.7404373822243758285, 2.325006003298983881, 3.551000000000009038 ) ) ;
#6962 = MECHANICAL_DESIGN_GEOMETRIC_PRESENTATION_REPRESENTATION (  '', ( #7652 ), #2042 ) ;
#6963 = LINE ( 'NONE', #3683, #6691 ) ;
#6964 = CARTESIAN_POINT ( 'NONE',  ( 0.5088915780449567716, 1.561512344857818313, 3.551000000000006374 ) ) ;
#6965 = CIRCLE ( 'NONE', #6267, 1.319999999999999174 ) ;
#6966 = ADVANCED_FACE ( 'NONE', ( #5947 ), #2752, .F. ) ;
#6967 = ORIENTED_EDGE ( 'NONE', *, *, #3135, .F. ) ;
#6968 = CARTESIAN_POINT ( 'NONE',  ( 0.6989573493412838401, 2.445025348839795054, 3.550000000000008704 ) ) ;
#6969 = SURFACE_STYLE_FILL_AREA ( #7482 ) ;
#6970 = DIRECTION ( 'NONE',  ( 0.0000000000000000000, -3.491481338843133355E-15, 1.000000000000000000 ) ) ;
#6971 = SURFACE_STYLE_USAGE ( .BOTH. , #4319 ) ;
#6972 = EDGE_CURVE ( 'NONE', #571, #5082, #8014, .T. ) ;
#6973 = CARTESIAN_POINT ( 'NONE',  ( 0.7644144711715432638, 1.827815377174325961, 3.551000000000007262 ) ) ;
#6974 = SURFACE_STYLE_USAGE ( .BOTH. , #4323 ) ;
#6975 = LINE ( 'NONE', #3696, #4559 ) ;
#6976 = SURFACE_STYLE_USAGE ( .BOTH. , #6934 ) ;
#6977 = ADVANCED_FACE ( 'NONE', ( #2122 ), #4054, .T. ) ;
#6978 =( LENGTH_UNIT ( ) NAMED_UNIT ( * ) SI_UNIT ( .MILLI., .METRE. ) );
#6979 = CARTESIAN_POINT ( 'NONE',  ( 0.7700000000000001288, 1.468292682926829684, 3.551000000000006374 ) ) ;
#6980 = AXIS2_PLACEMENT_3D ( 'NONE', #3846, #4434, #7087 ) ;
#6981 = SURFACE_SIDE_STYLE ('',( #7627 ) ) ;
#6982 = ORIENTED_EDGE ( 'NONE', *, *, #4250, .F. ) ;
#6983 = PLANE ( 'NONE',  #4544 ) ;
#6984 = ORIENTED_EDGE ( 'NONE', *, *, #1477, .T. ) ;
#6985 = FILL_AREA_STYLE_COLOUR ( '', #4976 ) ;
#6986 = LINE ( 'NONE', #6326, #1150 ) ;
#6987 = PRESENTATION_STYLE_ASSIGNMENT (( #4224 ) ) ;
#6988 = VERTEX_POINT ( 'NONE', #119 ) ;
#6989 = LINE ( 'NONE', #537, #2315 ) ;
#6990 = CARTESIAN_POINT ( 'NONE',  ( 0.6882032378063169809, 1.774712991312876742, 3.550000000000007816 ) ) ;
#6991 = PRESENTATION_STYLE_ASSIGNMENT (( #1094 ) ) ;
#6992 = SURFACE_STYLE_USAGE ( .BOTH. , #1692 ) ;
#6993 = VERTEX_POINT ( 'NONE', #2721 ) ;
#6994 = UNCERTAINTY_MEASURE_WITH_UNIT (LENGTH_MEASURE( 1.000000000000000082E-05 ), #4540, 'distance_accuracy_value', 'NONE');
#6995 =( LENGTH_UNIT ( ) NAMED_UNIT ( * ) SI_UNIT ( .MILLI., .METRE. ) );
#6996 = FILL_AREA_STYLE_COLOUR ( '', #6538 ) ;
#6997 = COLOUR_RGB ( '',0.7529411764705882248, 0.7529411764705882248, 0.7529411764705882248 ) ;
#6998 = FILL_AREA_STYLE_COLOUR ( '', #7461 ) ;
#6999 = EDGE_CURVE ( 'NONE', #2089, #3051, #5517, .T. ) ;
#7000 = LINE ( 'NONE', #3845, #1716 ) ;
#7001 = VERTEX_POINT ( 'NONE', #2282 ) ;
#7002 = AXIS2_PLACEMENT_3D ( 'NONE', #8324, #6383, #5925 ) ;
#7003 = VERTEX_POINT ( 'NONE', #4921 ) ;
#7004 = SURFACE_STYLE_FILL_AREA ( #6484 ) ;
#7005 = FILL_AREA_STYLE ('',( #5742 ) ) ;
#7006 = AXIS2_PLACEMENT_3D ( 'NONE', #4614, #5208, #7337 ) ;
#7007 = LINE ( 'NONE', #4274, #1330 ) ;
#7008 = ORIENTED_EDGE ( 'NONE', *, *, #286, .F. ) ;
#7009 = EDGE_CURVE ( 'NONE', #983, #3501, #4829, .T. ) ;
#7010 = AXIS2_PLACEMENT_3D ( 'NONE', #3746, #2993, #6315 ) ;
#7011 = LINE ( 'NONE', #5700, #3736 ) ;
#7012 =( GEOMETRIC_REPRESENTATION_CONTEXT ( 3 ) GLOBAL_UNCERTAINTY_ASSIGNED_CONTEXT ( ( #7523 ) ) GLOBAL_UNIT_ASSIGNED_CONTEXT ( ( #1955, #6517, #5942 ) ) REPRESENTATION_CONTEXT ( 'NONE', 'WORKASPACE' ) );
#7013 = SURFACE_STYLE_USAGE ( .BOTH. , #8298 ) ;
#7014 = EDGE_CURVE ( 'NONE', #3003, #913, #4089, .T. ) ;
#7015 = ORIENTED_EDGE ( 'NONE', *, *, #7153, .T. ) ;
#7016 = SURFACE_SIDE_STYLE ('',( #1795 ) ) ;
#7017 =( NAMED_UNIT ( * ) PLANE_ANGLE_UNIT ( ) SI_UNIT ( $, .RADIAN. ) );
#7018 = ORIENTED_EDGE ( 'NONE', *, *, #3666, .F. ) ;
#7019 = DIRECTION ( 'NONE',  ( 0.0000000000000000000, 3.491481338843133355E-15, -1.000000000000000000 ) ) ;
#7020 = SURFACE_STYLE_FILL_AREA ( #7666 ) ;
#7021 = B_SPLINE_CURVE_WITH_KNOTS ( 'NONE', 3,
 ( #6648, #2815, #8020, #7347, #3480, #5269, #128, #3433, #3340, #755, #2051, #5915, #6047, #4673, #793, #7433, #1519 ),
 .UNSPECIFIED., .F., .F.,
 ( 4, 1, 1, 1, 1, 1, 1, 1, 1, 1, 1, 1, 1, 1, 4 ),
 ( 0.1582127513468233881, 0.1950705264521366555, 0.2556086712886455059, 0.3148315357450780505, 0.3734254151318252002, 0.4325732796242884315, 0.4922844451246911612, 0.5525311382752629008, 0.6123789528069560895, 0.6724822110039969658, 0.7338115657770718503, 0.7965737547970179744, 0.8614358467332341451, 0.9291918124022553460, 1.000000000000000000 ),
 .UNSPECIFIED. ) ;
#7022 = FILL_AREA_STYLE ('',( #1798 ) ) ;
#7023 = LINE ( 'NONE', #2477, #6659 ) ;
#7024 = VERTEX_POINT ( 'NONE', #4788 ) ;
#7025 = SURFACE_SIDE_STYLE ('',( #4364 ) ) ;
#7026 = PRESENTATION_LAYER_ASSIGNMENT (  '', '', ( #2654 ) ) ;
#7027 = ORIENTED_EDGE ( 'NONE', *, *, #531, .T. ) ;
#7028 = ORIENTED_EDGE ( 'NONE', *, *, #6761, .F. ) ;
#7029 = SURFACE_SIDE_STYLE ('',( #4366 ) ) ;
#7030 = SURFACE_SIDE_STYLE ('',( #8360 ) ) ;
#7031 = PRESENTATION_LAYER_ASSIGNMENT (  '', '', ( #3853 ) ) ;
#7032 = STYLED_ITEM ( 'NONE', ( #5305 ), #3831 ) ;
#7033 = SURFACE_STYLE_FILL_AREA ( #3084 ) ;
#7034 = ORIENTED_EDGE ( 'NONE', *, *, #2741, .T. ) ;
#7035 = EDGE_CURVE ( 'NONE', #7003, #6133, #2247, .T. ) ;
#7036 = VECTOR ( 'NONE', #1963, 1000.000000000000227 ) ;
#7037 = ORIENTED_EDGE ( 'NONE', *, *, #379, .T. ) ;
#7038 = PRESENTATION_LAYER_ASSIGNMENT (  '', '', ( #6903 ) ) ;
#7039 = CARTESIAN_POINT ( 'NONE',  ( 0.5003831219746303072, 2.288111120700013768, 3.550000000000008260 ) ) ;
#7040 = CARTESIAN_POINT ( 'NONE',  ( 0.6017073170731709331, 2.031707317073169872, 3.550000000000007816 ) ) ;
#7041 = SURFACE_STYLE_FILL_AREA ( #5129 ) ;
#7042 = VERTEX_POINT ( 'NONE', #4869 ) ;
#7043 = FILL_AREA_STYLE ('',( #5131 ) ) ;
#7044 = LINE ( 'NONE', #2408, #4550 ) ;
#7045 = DIRECTION ( 'NONE',  ( -0.0000000000000000000, 3.491481338843133355E-15, -1.000000000000000000 ) ) ;
#7046 = AXIS2_PLACEMENT_3D ( 'NONE', #3097, #8333, #1742 ) ;
#7047 =( GEOMETRIC_REPRESENTATION_CONTEXT ( 3 ) GLOBAL_UNCERTAINTY_ASSIGNED_CONTEXT ( ( #2648 ) ) GLOBAL_UNIT_ASSIGNED_CONTEXT ( ( #8018, #4227, #253 ) ) REPRESENTATION_CONTEXT ( 'NONE', 'WORKASPACE' ) );
#7048 = CARTESIAN_POINT ( 'NONE',  ( 0.3200000000000000067, 0.7999999999999940492, 5.120000000000002771 ) ) ;
#7049 = DIRECTION ( 'NONE',  ( -1.000000000000000000, -0.0000000000000000000, 0.0000000000000000000 ) ) ;
#7050 = ORIENTED_EDGE ( 'NONE', *, *, #329, .F. ) ;
#7051 = EDGE_CURVE ( 'NONE', #5934, #4629, #1100, .T. ) ;
#7052 = CARTESIAN_POINT ( 'NONE',  ( 0.7406841451528469733, 2.309963501879053194, 3.551000000000009482 ) ) ;
#7053 = CARTESIAN_POINT ( 'NONE',  ( 0.7370731707317075276, 2.598780487804878359, 3.550000000000010036 ) ) ;
#7054 = DIRECTION ( 'NONE',  ( -0.0000000000000000000, 1.000000000000000000, 3.491481338843133355E-15 ) ) ;
#7055 = ORIENTED_EDGE ( 'NONE', *, *, #4886, .T. ) ;
#7056 = VECTOR ( 'NONE', #4857, 1000.000000000000000 ) ;
#7057 =( NAMED_UNIT ( * ) SI_UNIT ( $, .STERADIAN. ) SOLID_ANGLE_UNIT ( ) );
#7058 = VERTEX_POINT ( 'NONE', #1658 ) ;
#7059 =( LENGTH_UNIT ( ) NAMED_UNIT ( * ) SI_UNIT ( .MILLI., .METRE. ) );
#7060 = DIRECTION ( 'NONE',  ( 1.000000000000000000, 0.0000000000000000000, 0.0000000000000000000 ) ) ;
#7061 = ADVANCED_FACE ( 'NONE', ( #5470 ), #6292, .T. ) ;
#7062 = ORIENTED_EDGE ( 'NONE', *, *, #3288, .T. ) ;
#7063 = MECHANICAL_DESIGN_GEOMETRIC_PRESENTATION_REPRESENTATION (  '', ( #5251 ), #2008 ) ;
#7064 =( NAMED_UNIT ( * ) PLANE_ANGLE_UNIT ( ) SI_UNIT ( $, .RADIAN. ) );
#7065 = ORIENTED_EDGE ( 'NONE', *, *, #8246, .T. ) ;
#7066 = FILL_AREA_STYLE ('',( #617 ) ) ;
#7067 = EDGE_CURVE ( 'NONE', #2150, #7884, #920, .T. ) ;
#7068 = CARTESIAN_POINT ( 'NONE',  ( -0.7700000000000000178, 0.7999999999999997113, 3.550000000000003819 ) ) ;
#7069 = DIRECTION ( 'NONE',  ( -1.000000000000000000, -0.0000000000000000000, 0.0000000000000000000 ) ) ;
#7070 = EDGE_CURVE ( 'NONE', #7840, #261, #8140, .T. ) ;
#7071 = DIRECTION ( 'NONE',  ( -0.0000000000000000000, 1.000000000000000000, 3.491481338843133355E-15 ) ) ;
#7072 = VECTOR ( 'NONE', #3605, 1000.000000000000000 ) ;
#7073 = ORIENTED_EDGE ( 'NONE', *, *, #2476, .T. ) ;
#7074 = VERTEX_POINT ( 'NONE', #2886 ) ;
#7075 = CARTESIAN_POINT ( 'NONE',  ( -2.220000000000000195, 5.200000000000008171, 1.050000000000023581 ) ) ;
#7076 = VECTOR ( 'NONE', #1584, 1000.000000000000000 ) ;
#7077 = DIRECTION ( 'NONE',  ( -1.000000000000000000, -0.0000000000000000000, 0.0000000000000000000 ) ) ;
#7078 = ORIENTED_EDGE ( 'NONE', *, *, #678, .F. ) ;
#7079 = VECTOR ( 'NONE', #2349, 1000.000000000000000 ) ;
#7080 = DIRECTION ( 'NONE',  ( -0.7071067811865479058, 2.468850131082264949E-15, -0.7071067811865472397 ) ) ;
#7081 = CARTESIAN_POINT ( 'NONE',  ( 1.020000000000000462, 3.299999999999998046, 4.050000000000012257 ) ) ;
#7082 = EDGE_CURVE ( 'NONE', #2163, #5883, #3516, .T. ) ;
#7083 = SURFACE_STYLE_FILL_AREA ( #7724 ) ;
#7084 = LINE ( 'NONE', #6346, #4481 ) ;
#7085 = VECTOR ( 'NONE', #6851, 1000.000000000000000 ) ;
#7086 = CARTESIAN_POINT ( 'NONE',  ( 0.5236927474075087074, 1.558526959900529585, 3.551000000000006374 ) ) ;
#7087 = DIRECTION ( 'NONE',  ( 0.0000000000000000000, 0.0000000000000000000, -1.000000000000000000 ) ) ;
#7088 = STYLED_ITEM ( 'NONE', ( #208 ), #1369 ) ;
#7089 = AXIS2_PLACEMENT_3D ( 'NONE', #3409, #2787, #5374 ) ;
#7090 = AXIS2_PLACEMENT_3D ( 'NONE', #5221, #1387, #4628 ) ;
#7091 = ORIENTED_EDGE ( 'NONE', *, *, #5871, .F. ) ;
#7092 = CARTESIAN_POINT ( 'NONE',  ( 0.7406841451528469733, 2.309963501879053194, 3.550000000000009148 ) ) ;
#7093 = CARTESIAN_POINT ( 'NONE',  ( 0.5029268292682927965, 1.874047256097561176, 3.551000000000007706 ) ) ;
#7094 = ORIENTED_EDGE ( 'NONE', *, *, #226, .T. ) ;
#7095 =( GEOMETRIC_REPRESENTATION_CONTEXT ( 3 ) GLOBAL_UNCERTAINTY_ASSIGNED_CONTEXT ( ( #5363 ) ) GLOBAL_UNIT_ASSIGNED_CONTEXT ( ( #4105, #891, #3574 ) ) REPRESENTATION_CONTEXT ( 'NONE', 'WORKASPACE' ) );
#7096 = AXIS2_PLACEMENT_3D ( 'NONE', #7648, #923, #340 ) ;
#7097 = CARTESIAN_POINT ( 'NONE',  ( 0.6170846036585366789, 1.757317073170731936, 3.551000000000007262 ) ) ;
#7098 = PRESENTATION_STYLE_ASSIGNMENT (( #567 ) ) ;
#7099 = COLOUR_RGB ( '',0.7529411764705882248, 0.7529411764705882248, 0.7529411764705882248 ) ;
#7100 = CARTESIAN_POINT ( 'NONE',  ( -0.1380148828668992245, -5.200000000000002842, 4.479999999999982663 ) ) ;
#7101 = UNCERTAINTY_MEASURE_WITH_UNIT (LENGTH_MEASURE( 1.000000000000000082E-05 ), #6960, 'distance_accuracy_value', 'NONE');
#7102 =( NAMED_UNIT ( * ) SI_UNIT ( $, .STERADIAN. ) SOLID_ANGLE_UNIT ( ) );
#7103 = STYLED_ITEM ( 'NONE', ( #593 ), #7852 ) ;
#7104 = PRESENTATION_STYLE_ASSIGNMENT (( #2006 ) ) ;
#7105 = DIRECTION ( 'NONE',  ( 0.0000000000000000000, -3.491481338843133355E-15, 1.000000000000000000 ) ) ;
#7106 = SURFACE_STYLE_USAGE ( .BOTH. , #4451 ) ;
#7107 = FILL_AREA_STYLE ('',( #6455 ) ) ;
#7108 = DIRECTION ( 'NONE',  ( 0.0000000000000000000, 3.891802140991627604E-15, -1.000000000000000000 ) ) ;
#7109 =( GEOMETRIC_REPRESENTATION_CONTEXT ( 3 ) GLOBAL_UNCERTAINTY_ASSIGNED_CONTEXT ( ( #3967 ) ) GLOBAL_UNIT_ASSIGNED_CONTEXT ( ( #1243, #656, #3121 ) ) REPRESENTATION_CONTEXT ( 'NONE', 'WORKASPACE' ) );
#7110 = EDGE_LOOP ( 'NONE', ( #4887, #6073, #3561, #1740 ) ) ;
#7111 = UNCERTAINTY_MEASURE_WITH_UNIT (LENGTH_MEASURE( 1.000000000000000082E-05 ), #7695, 'distance_accuracy_value', 'NONE');
#7112 = CARTESIAN_POINT ( 'NONE',  ( 0.5074130513654628860, 2.352157592667488473, 3.551000000000009482 ) ) ;
#7113 = CARTESIAN_POINT ( 'NONE',  ( -2.220000000000000195, 3.879999999999994564, 5.120000000000012541 ) ) ;
#7114 = FACE_OUTER_BOUND ( 'NONE', #6301, .T. ) ;
#7115 = DIRECTION ( 'NONE',  ( 1.000000000000000000, 0.0000000000000000000, 0.0000000000000000000 ) ) ;
#7116 = DIRECTION ( 'NONE',  ( 0.0000000000000000000, -3.491481338843133355E-15, 1.000000000000000000 ) ) ;
#7117 = SURFACE_STYLE_USAGE ( .BOTH. , #17 ) ;
#7118 = PRESENTATION_STYLE_ASSIGNMENT (( #3874 ) ) ;
#7119 = CARTESIAN_POINT ( 'NONE',  ( 0.4678925121599064596, 2.277372075353833125, 3.550000000000009592 ) ) ;
#7120 = CARTESIAN_POINT ( 'NONE',  ( 0.6218936317837764349, 1.717193720906152965, 3.550000000000006928 ) ) ;
#7121 = EDGE_CURVE ( 'NONE', #5682, #1889, #2926, .T. ) ;
#7122 = SURFACE_STYLE_FILL_AREA ( #6432 ) ;
#7123 = EDGE_LOOP ( 'NONE', ( #1480, #7715, #133, #6878 ) ) ;
#7124 =( LENGTH_UNIT ( ) NAMED_UNIT ( * ) SI_UNIT ( .MILLI., .METRE. ) );
#7125 = CARTESIAN_POINT ( 'NONE',  ( 0.5611552679116227349, 2.407512846373818238, 3.551000000000009926 ) ) ;
#7126 =( NAMED_UNIT ( * ) PLANE_ANGLE_UNIT ( ) SI_UNIT ( $, .RADIAN. ) );
#7127 = UNCERTAINTY_MEASURE_WITH_UNIT (LENGTH_MEASURE( 1.000000000000000082E-05 ), #3060, 'distance_accuracy_value', 'NONE');
#7128 = DIRECTION ( 'NONE',  ( 0.7071067811865474617, -2.468850131082265738E-15, 0.7071067811865474617 ) ) ;
#7129 = SURFACE_SIDE_STYLE ('',( #5739 ) ) ;
#7130 = PRESENTATION_STYLE_ASSIGNMENT (( #2548 ) ) ;
#7131 = B_SPLINE_CURVE_WITH_KNOTS ( 'NONE', 3,
 ( #6158, #7752, #6503, #5760, #2616, #8391, #2523, #1973 ),
 .UNSPECIFIED., .F., .F.,
 ( 4, 1, 1, 1, 1, 4 ),
 ( 0.0000000000000000000, 0.1124483899088039723, 0.2265276752126802462, 0.3444019493260294662, 0.4658649724874575626, 0.5288321425785679208 ),
 .UNSPECIFIED. ) ;
#7132 = VERTEX_POINT ( 'NONE', #1015 ) ;
#7133 = FILL_AREA_STYLE_COLOUR ( '', #4707 ) ;
#7134 =( LENGTH_UNIT ( ) NAMED_UNIT ( * ) SI_UNIT ( .MILLI., .METRE. ) );
#7135 = DIRECTION ( 'NONE',  ( -1.000000000000000000, 0.0000000000000000000, 0.0000000000000000000 ) ) ;
#7136 = CARTESIAN_POINT ( 'NONE',  ( 2.220000000000000195, 5.199999999999997513, 3.800000000000018474 ) ) ;
#7137 = ORIENTED_EDGE ( 'NONE', *, *, #4903, .T. ) ;
#7138 = DIRECTION ( 'NONE',  ( -0.0000000000000000000, 3.491481338843133355E-15, -1.000000000000000000 ) ) ;
#7139 = VECTOR ( 'NONE', #7515, 1000.000000000000000 ) ;
#7140 =( LENGTH_UNIT ( ) NAMED_UNIT ( * ) SI_UNIT ( .MILLI., .METRE. ) );
#7141 = MECHANICAL_DESIGN_GEOMETRIC_PRESENTATION_REPRESENTATION (  '', ( #1679 ), #6450 ) ;
#7142 =( LENGTH_UNIT ( ) NAMED_UNIT ( * ) SI_UNIT ( .MILLI., .METRE. ) );
#7143 = LINE ( 'NONE', #2607, #8236 ) ;
#7144 = VECTOR ( 'NONE', #1885, 1000.000000000000000 ) ;
#7145 = FACE_OUTER_BOUND ( 'NONE', #5037, .T. ) ;
#7146 = VECTOR ( 'NONE', #2714, 1000.000000000000000 ) ;
#7147 = FILL_AREA_STYLE ('',( #4452 ) ) ;
#7148 =( NAMED_UNIT ( * ) PLANE_ANGLE_UNIT ( ) SI_UNIT ( $, .RADIAN. ) );
#7149 = CARTESIAN_POINT ( 'NONE',  ( 0.4997231462622194198, 2.405773390905442177, 3.551000000000009926 ) ) ;
#7150 = MECHANICAL_DESIGN_GEOMETRIC_PRESENTATION_REPRESENTATION (  '', ( #604 ), #5623 ) ;
#7151 = ORIENTED_EDGE ( 'NONE', *, *, #1096, .T. ) ;
#7152 = VERTEX_POINT ( 'NONE', #6207 ) ;
#7153 = EDGE_CURVE ( 'NONE', #1864, #7845, #382, .T. ) ;
#7154 = CARTESIAN_POINT ( 'NONE',  ( 0.6346341463414636452, 2.137804878048779944, 3.550000000000008260 ) ) ;
#7155 = DIRECTION ( 'NONE',  ( -0.9353882635801357148, -0.3536223923290754967, -1.352199983321369435E-15 ) ) ;
#7156 = FILL_AREA_STYLE ('',( #5762 ) ) ;
#7157 = PRESENTATION_STYLE_ASSIGNMENT (( #7117 ) ) ;
#7158 = DIRECTION ( 'NONE',  ( -0.0000000000000000000, 3.491481338843133355E-15, -1.000000000000000000 ) ) ;
#7159 = AXIS2_PLACEMENT_3D ( 'NONE', #1356, #7870, #718 ) ;
#7160 = ORIENTED_EDGE ( 'NONE', *, *, #428, .F. ) ;
#7161 = UNCERTAINTY_MEASURE_WITH_UNIT (LENGTH_MEASURE( 1.000000000000000082E-05 ), #292, 'distance_accuracy_value', 'NONE');
#7162 = CARTESIAN_POINT ( 'NONE',  ( -2.860000000000000320, -5.200000000000006395, 5.119999999999982343 ) ) ;
#7163 = STYLED_ITEM ( 'NONE', ( #4490 ), #6041 ) ;
#7164 = ADVANCED_FACE ( 'NONE', ( #4959 ), #8186, .T. ) ;
#7165 = VECTOR ( 'NONE', #3203, 1000.000000000000000 ) ;
#7166 = CARTESIAN_POINT ( 'NONE',  ( 0.7261975465765403426, 2.244882178262786354, 3.551000000000010370 ) ) ;
#7167 = EDGE_LOOP ( 'NONE', ( #5654, #3931, #1395, #1152 ) ) ;
#7168 = CARTESIAN_POINT ( 'NONE',  ( 0.7056738649877107861, 1.788427461406836505, 3.551000000000006374 ) ) ;
#7169 = SURFACE_STYLE_FILL_AREA ( #8407 ) ;
#7170 = CARTESIAN_POINT ( 'NONE',  ( 0.5916942911095517399, 2.457344112412153336, 3.550000000000010036 ) ) ;
#7171 = CARTESIAN_POINT ( 'NONE',  ( 0.4700000000000001954, 2.024390243902438602, 3.551000000000008150 ) ) ;
#7172 = LINE ( 'NONE', #3255, #3378 ) ;
#7173 = LINE ( 'NONE', #3887, #6749 ) ;
#7174 = COLOUR_RGB ( '',0.2509803921568627416, 0.2509803921568627416, 0.2509803921568627416 ) ;
#7175 = VECTOR ( 'NONE', #8055, 1000.000000000000000 ) ;
#7176 = COLOUR_RGB ( '',0.7529411764705882248, 0.7529411764705882248, 0.7529411764705882248 ) ;
#7177 =( LENGTH_UNIT ( ) NAMED_UNIT ( * ) SI_UNIT ( .MILLI., .METRE. ) );
#7178 = CARTESIAN_POINT ( 'NONE',  ( 0.7381795066963088292, 2.282083995143976640, 3.551000000000009038 ) ) ;
#7179 = ORIENTED_EDGE ( 'NONE', *, *, #3082, .T. ) ;
#7180 = CARTESIAN_POINT ( 'NONE',  ( 2.860000000000000320, 3.879999999999994564, 5.120000000000012541 ) ) ;
#7181 = PRESENTATION_LAYER_ASSIGNMENT (  '', '', ( #5105 ) ) ;
#7182 =( GEOMETRIC_REPRESENTATION_CONTEXT ( 3 ) GLOBAL_UNCERTAINTY_ASSIGNED_CONTEXT ( ( #1964 ) ) GLOBAL_UNIT_ASSIGNED_CONTEXT ( ( #6303, #5477, #347 ) ) REPRESENTATION_CONTEXT ( 'NONE', 'WORKASPACE' ) );
#7183 = EDGE_CURVE ( 'NONE', #2723, #1314, #5052, .T. ) ;
#7184 = DIRECTION ( 'NONE',  ( 1.000000000000000000, 0.0000000000000000000, 0.0000000000000000000 ) ) ;
#7185 = DIRECTION ( 'NONE',  ( 0.0000000000000000000, 3.491481338843133355E-15, -1.000000000000000000 ) ) ;
#7186 = CARTESIAN_POINT ( 'NONE',  ( 0.7560049944131629340, 2.239400383086155077, 3.551000000000009482 ) ) ;
#7187 = UNCERTAINTY_MEASURE_WITH_UNIT (LENGTH_MEASURE( 1.000000000000000082E-05 ), #5483, 'distance_accuracy_value', 'NONE');
#7188 = ORIENTED_EDGE ( 'NONE', *, *, #6832, .T. ) ;
#7189 =( LENGTH_UNIT ( ) NAMED_UNIT ( * ) SI_UNIT ( .MILLI., .METRE. ) );
#7190 = FILL_AREA_STYLE_COLOUR ( '', #8310 ) ;
#7191 = VECTOR ( 'NONE', #1440, 1000.000000000000000 ) ;
#7192 = DIRECTION ( 'NONE',  ( -0.0000000000000000000, 3.491481338843133355E-15, -1.000000000000000000 ) ) ;
#7193 = FACE_OUTER_BOUND ( 'NONE', #8319, .T. ) ;
#7194 = EDGE_CURVE ( 'NONE', #6896, #3337, #7645, .T. ) ;
#7195 = DIRECTION ( 'NONE',  ( 1.000000000000000000, 0.0000000000000000000, 0.0000000000000000000 ) ) ;
#7196 = PLANE ( 'NONE',  #230 ) ;
#7197 = UNCERTAINTY_MEASURE_WITH_UNIT (LENGTH_MEASURE( 1.000000000000000082E-05 ), #8449, 'distance_accuracy_value', 'NONE');
#7198 = FACE_OUTER_BOUND ( 'NONE', #3205, .T. ) ;
#7199 = ORIENTED_EDGE ( 'NONE', *, *, #8376, .F. ) ;
#7200 = CARTESIAN_POINT ( 'NONE',  ( 0.3200000000000000067, 3.879999999999999005, 3.800000000000013589 ) ) ;
#7201 = LINE ( 'NONE', #6232, #8248 ) ;
#7202 = VECTOR ( 'NONE', #1202, 1000.000000000000000 ) ;
#7203 = PLANE ( 'NONE',  #4734 ) ;
#7204 =( NAMED_UNIT ( * ) PLANE_ANGLE_UNIT ( ) SI_UNIT ( $, .RADIAN. ) );
#7205 = CARTESIAN_POINT ( 'NONE',  ( 2.220000000000000195, 3.879999999999999005, 3.800000000000013589 ) ) ;
#7206 =( LENGTH_UNIT ( ) NAMED_UNIT ( * ) SI_UNIT ( .MILLI., .METRE. ) );
#7207 = FILL_AREA_STYLE ('',( #7957 ) ) ;
#7208 = ORIENTED_EDGE ( 'NONE', *, *, #7014, .T. ) ;
#7209 = SURFACE_STYLE_USAGE ( .BOTH. , #7551 ) ;
#7210 = EDGE_CURVE ( 'NONE', #4287, #1329, #2540, .T. ) ;
#7211 = ORIENTED_EDGE ( 'NONE', *, *, #5147, .F. ) ;
#7212 = CARTESIAN_POINT ( 'NONE',  ( 0.5570082263873828987, 1.769661341597603021, 3.550000000000007372 ) ) ;
#7213 = SURFACE_SIDE_STYLE ('',( #3915 ) ) ;
#7214 = ORIENTED_EDGE ( 'NONE', *, *, #2884, .T. ) ;
#7215 = DIRECTION ( 'NONE',  ( -1.000000000000000000, 0.0000000000000000000, 0.0000000000000000000 ) ) ;
#7216 = CARTESIAN_POINT ( 'NONE',  ( 0.6198228588349938839, 2.459624815614104065, 3.551000000000010814 ) ) ;
#7217 = CARTESIAN_POINT ( 'NONE',  ( 0.5012100544121134149, 2.330523925317369738, 3.551000000000009926 ) ) ;
#7218 = SURFACE_STYLE_FILL_AREA ( #556 ) ;
#7219 = VECTOR ( 'NONE', #8369, 1000.000000000000000 ) ;
#7220 = PRESENTATION_STYLE_ASSIGNMENT (( #7296 ) ) ;
#7221 = EDGE_CURVE ( 'NONE', #6695, #4894, #506, .T. ) ;
#7222 = CARTESIAN_POINT ( 'NONE',  ( -2.220000000000000195, -5.200000000000006395, 5.119999999999982343 ) ) ;
#7223 =( LENGTH_UNIT ( ) NAMED_UNIT ( * ) SI_UNIT ( .MILLI., .METRE. ) );
#7224 =( NAMED_UNIT ( * ) PLANE_ANGLE_UNIT ( ) SI_UNIT ( $, .RADIAN. ) );
#7225 = DIRECTION ( 'NONE',  ( 0.0000000000000000000, 3.491481338843133355E-15, -1.000000000000000000 ) ) ;
#7226 = PLANE ( 'NONE',  #6012 ) ;
#7227 = LINE ( 'NONE', #6564, #1985 ) ;
#7228 = FILL_AREA_STYLE_COLOUR ( '', #483 ) ;
#7229 = EDGE_CURVE ( 'NONE', #6710, #7152, #1821, .T. ) ;
#7230 = CARTESIAN_POINT ( 'NONE',  ( -3.810000000000000941, 0.7999999999999928280, 5.550000000000003375 ) ) ;
#7231 = PRESENTATION_LAYER_ASSIGNMENT (  '', '', ( #1339 ) ) ;
#7232 = CARTESIAN_POINT ( 'NONE',  ( -3.810000000000000941, 0.7999999999999928280, 5.550000000000003375 ) ) ;
#7233 = VECTOR ( 'NONE', #3575, 1000.000000000000000 ) ;
#7234 = EDGE_LOOP ( 'NONE', ( #441, #6085, #3275, #5166 ) ) ;
#7235 = ADVANCED_FACE ( 'NONE', ( #7678 ), #6340, .F. ) ;
#7236 = ORIENTED_EDGE ( 'NONE', *, *, #4139, .F. ) ;
#7237 =( NAMED_UNIT ( * ) PLANE_ANGLE_UNIT ( ) SI_UNIT ( $, .RADIAN. ) );
#7238 = MECHANICAL_DESIGN_GEOMETRIC_PRESENTATION_REPRESENTATION (  '', ( #8303 ), #3772 ) ;
#7239 =( GEOMETRIC_REPRESENTATION_CONTEXT ( 3 ) GLOBAL_UNCERTAINTY_ASSIGNED_CONTEXT ( ( #5256 ) ) GLOBAL_UNIT_ASSIGNED_CONTEXT ( ( #3408, #7204, #5889 ) ) REPRESENTATION_CONTEXT ( 'NONE', 'WORKASPACE' ) );
#7240 = CARTESIAN_POINT ( 'NONE',  ( 0.4782317073170733179, 2.236585365853658747, 3.550000000000009148 ) ) ;
#7241 = SURFACE_SIDE_STYLE ('',( #7915 ) ) ;
#7242 = FILL_AREA_STYLE_COLOUR ( '', #3194 ) ;
#7243 = MECHANICAL_DESIGN_GEOMETRIC_PRESENTATION_REPRESENTATION (  '', ( #4743 ), #7656 ) ;
#7244 = ADVANCED_FACE ( 'NONE', ( #591 ), #2454, .F. ) ;
#7245 = DIRECTION ( 'NONE',  ( 0.0000000000000000000, -3.491481338843133355E-15, 1.000000000000000000 ) ) ;
#7246 = CARTESIAN_POINT ( 'NONE',  ( 1.020000000000000462, 3.299999999999998934, 3.800000000000012701 ) ) ;
#7247 = FACE_OUTER_BOUND ( 'NONE', #543, .T. ) ;
#7248 = STYLED_ITEM ( 'NONE', ( #5764 ), #8145 ) ;
#7249 = CARTESIAN_POINT ( 'NONE',  ( 0.4670273995444583770, 2.286896258492243206, 3.551000000000008594 ) ) ;
#7250 = EDGE_LOOP ( 'NONE', ( #2987, #4184, #4991, #1917 ) ) ;
#7251 = ORIENTED_EDGE ( 'NONE', *, *, #985, .T. ) ;
#7252 = CARTESIAN_POINT ( 'NONE',  ( 0.5314178945371226259, 1.789304858805062626, 3.550000000000008260 ) ) ;
#7253 = PRESENTATION_LAYER_ASSIGNMENT (  '', '', ( #2460 ) ) ;
#7254 = VERTEX_POINT ( 'NONE', #8038 ) ;
#7255 = SURFACE_STYLE_FILL_AREA ( #779 ) ;
#7256 = SURFACE_SIDE_STYLE ('',( #3373 ) ) ;
#7257 = PLANE ( 'NONE',  #4878 ) ;
#7258 = CARTESIAN_POINT ( 'NONE',  ( 0.7360474922797246577, 2.272255769887891574, 3.550000000000008260 ) ) ;
#7259 = CARTESIAN_POINT ( 'NONE',  ( -2.678014882866899260, -5.200000000000002842, 4.479999999999982663 ) ) ;
#7260 = ORIENTED_EDGE ( 'NONE', *, *, #1396, .F. ) ;
#7261 = CARTESIAN_POINT ( 'NONE',  ( 0.7328434151274620945, 1.837419171218074743, 3.551000000000007706 ) ) ;
#7262 =( NAMED_UNIT ( * ) PLANE_ANGLE_UNIT ( ) SI_UNIT ( $, .RADIAN. ) );
#7263 = ADVANCED_FACE ( 'NONE', ( #5409, #7493 ), #5368, .T. ) ;
#7264 = FILL_AREA_STYLE_COLOUR ( '', #5787 ) ;
#7265 = ORIENTED_EDGE ( 'NONE', *, *, #7437, .F. ) ;
#7266 = LINE ( 'NONE', #2088, #2018 ) ;
#7267 = UNCERTAINTY_MEASURE_WITH_UNIT (LENGTH_MEASURE( 1.000000000000000082E-05 ), #3876, 'distance_accuracy_value', 'NONE');
#7268 = VERTEX_POINT ( 'NONE', #6098 ) ;
#7269 = FACE_OUTER_BOUND ( 'NONE', #4983, .T. ) ;
#7270 = PRESENTATION_STYLE_ASSIGNMENT (( #715 ) ) ;
#7271 = ORIENTED_EDGE ( 'NONE', *, *, #614, .F. ) ;
#7272 = EDGE_CURVE ( 'NONE', #5155, #7952, #2869, .T. ) ;
#7273 = VERTEX_POINT ( 'NONE', #3540 ) ;
#7274 = DIRECTION ( 'NONE',  ( 1.000000000000000000, 0.0000000000000000000, -0.0000000000000000000 ) ) ;
#7275 = STYLED_ITEM ( 'NONE', ( #4500 ), #4206 ) ;
#7276 = ADVANCED_FACE ( 'NONE', ( #7446 ), #313, .F. ) ;
#7277 = SURFACE_SIDE_STYLE ('',( #5281 ) ) ;
#7278 = UNCERTAINTY_MEASURE_WITH_UNIT (LENGTH_MEASURE( 1.000000000000000082E-05 ), #3787, 'distance_accuracy_value', 'NONE');
#7279 = ORIENTED_EDGE ( 'NONE', *, *, #1687, .T. ) ;
#7280 = CARTESIAN_POINT ( 'NONE',  ( 0.5002551018783165659, 1.773132023208021435, 3.551000000000006374 ) ) ;
#7281 = ORIENTED_EDGE ( 'NONE', *, *, #8095, .F. ) ;
#7282 = FILL_AREA_STYLE_COLOUR ( '', #258 ) ;
#7283 = CARTESIAN_POINT ( 'NONE',  ( -3.310000000000000497, 0.7999999999999910516, 6.050000000000003375 ) ) ;
#7284 = DIRECTION ( 'NONE',  ( 0.0000000000000000000, 1.000000000000000000, 3.491481338843133355E-15 ) ) ;
#7285 = DIRECTION ( 'NONE',  ( -0.7071067811865477948, 2.468850131082265344E-15, -0.7071067811865473507 ) ) ;
#7286 =( GEOMETRIC_REPRESENTATION_CONTEXT ( 3 ) GLOBAL_UNCERTAINTY_ASSIGNED_CONTEXT ( ( #918 ) ) GLOBAL_UNIT_ASSIGNED_CONTEXT ( ( #2385, #5029, #6848 ) ) REPRESENTATION_CONTEXT ( 'NONE', 'WORKASPACE' ) );
#7287 = ORIENTED_EDGE ( 'NONE', *, *, #995, .T. ) ;
#7288 = CARTESIAN_POINT ( 'NONE',  ( 0.5247219751229258433, 1.797700551839304994, 3.550000000000006928 ) ) ;
#7289 = EDGE_LOOP ( 'NONE', ( #2119, #6847, #7926, #2585, #6605, #2564 ) ) ;
#7290 = CARTESIAN_POINT ( 'NONE',  ( -2.721760304885335380, -5.079810440799836790, 4.981760304885317403 ) ) ;
#7291 = VECTOR ( 'NONE', #3451, 1000.000000000000000 ) ;
#7292 = DIRECTION ( 'NONE',  ( -0.0000000000000000000, 1.000000000000000000, 3.491481338843133355E-15 ) ) ;
#7293 = PLANE ( 'NONE',  #5567 ) ;
#7294 = ORIENTED_EDGE ( 'NONE', *, *, #5163, .F. ) ;
#7295 = ADVANCED_FACE ( 'NONE', ( #3581 ), #3665, .T. ) ;
#7296 = SURFACE_STYLE_USAGE ( .BOTH. , #1993 ) ;
#7297 = SURFACE_STYLE_USAGE ( .BOTH. , #1463 ) ;
#7298 = PRESENTATION_LAYER_ASSIGNMENT (  '', '', ( #5486 ) ) ;
#7299 =( NAMED_UNIT ( * ) SI_UNIT ( $, .STERADIAN. ) SOLID_ANGLE_UNIT ( ) );
#7300 = DIRECTION ( 'NONE',  ( -1.000000000000000000, 0.0000000000000000000, 0.0000000000000000000 ) ) ;
#7301 = ORIENTED_EDGE ( 'NONE', *, *, #6449, .T. ) ;
#7302 = CARTESIAN_POINT ( 'NONE',  ( -2.220000000000000195, 3.879999999999996785, 4.480000000000012861 ) ) ;
#7303 = MECHANICAL_DESIGN_GEOMETRIC_PRESENTATION_REPRESENTATION (  '', ( #6894 ), #5355 ) ;
#7304 = MECHANICAL_DESIGN_GEOMETRIC_PRESENTATION_REPRESENTATION (  '', ( #4116 ), #3729 ) ;
#7305 = CARTESIAN_POINT ( 'NONE',  ( -1.020000000000000462, 3.099999999999998312, 4.050000000000012257 ) ) ;
#7306 = ORIENTED_EDGE ( 'NONE', *, *, #5010, .F. ) ;
#7307 = PLANE ( 'NONE',  #1607 ) ;
#7308 = VECTOR ( 'NONE', #3598, 1000.000000000000000 ) ;
#7309 = MECHANICAL_DESIGN_GEOMETRIC_PRESENTATION_REPRESENTATION (  '', ( #357 ), #7984 ) ;
#7310 = SURFACE_SIDE_STYLE ('',( #6607 ) ) ;
#7311 = ORIENTED_EDGE ( 'NONE', *, *, #5159, .F. ) ;
#7312 = DIRECTION ( 'NONE',  ( 1.000000000000000000, 0.0000000000000000000, 0.0000000000000000000 ) ) ;
#7313 = DIRECTION ( 'NONE',  ( 0.0000000000000000000, -1.000000000000000000, -3.491481338843133355E-15 ) ) ;
#7314 = COLOUR_RGB ( '',0.7529411764705882248, 0.7529411764705882248, 0.7529411764705882248 ) ;
#7315 = DIRECTION ( 'NONE',  ( 0.0000000000000000000, 1.000000000000000000, 3.491481338843133750E-15 ) ) ;
#7316 = EDGE_CURVE ( 'NONE', #3186, #4269, #402, .T. ) ;
#7317 = ORIENTED_EDGE ( 'NONE', *, *, #5222, .T. ) ;
#7318 = CARTESIAN_POINT ( 'NONE',  ( 0.4921655835545581947, 1.785436343859475361, 3.551000000000007262 ) ) ;
#7319 = PRESENTATION_STYLE_ASSIGNMENT (( #5489 ) ) ;
#7320 =( NAMED_UNIT ( * ) SI_UNIT ( $, .STERADIAN. ) SOLID_ANGLE_UNIT ( ) );
#7321 =( NAMED_UNIT ( * ) PLANE_ANGLE_UNIT ( ) SI_UNIT ( $, .RADIAN. ) );
#7322 = PRESENTATION_LAYER_ASSIGNMENT (  '', '', ( #1430 ) ) ;
#7323 = PRESENTATION_STYLE_ASSIGNMENT (( #7879 ) ) ;
#7324 = DIRECTION ( 'NONE',  ( 1.000000000000000000, 0.0000000000000000000, 0.0000000000000000000 ) ) ;
#7325 = EDGE_CURVE ( 'NONE', #7042, #4591, #7579, .T. ) ;
#7326 = ORIENTED_EDGE ( 'NONE', *, *, #499, .T. ) ;
#7327 =( GEOMETRIC_REPRESENTATION_CONTEXT ( 3 ) GLOBAL_UNCERTAINTY_ASSIGNED_CONTEXT ( ( #4505 ) ) GLOBAL_UNIT_ASSIGNED_CONTEXT ( ( #6505, #5808, #3239 ) ) REPRESENTATION_CONTEXT ( 'NONE', 'WORKASPACE' ) );
#7328 = ORIENTED_EDGE ( 'NONE', *, *, #1797, .F. ) ;
#7329 =( LENGTH_UNIT ( ) NAMED_UNIT ( * ) SI_UNIT ( .MILLI., .METRE. ) );
#7330 =( NAMED_UNIT ( * ) PLANE_ANGLE_UNIT ( ) SI_UNIT ( $, .RADIAN. ) );
#7331 =( LENGTH_UNIT ( ) NAMED_UNIT ( * ) SI_UNIT ( .MILLI., .METRE. ) );
#7332 = ADVANCED_FACE ( 'NONE', ( #1078 ), #734, .T. ) ;
#7333 = CARTESIAN_POINT ( 'NONE',  ( 0.5468444657237087059, 2.443132626186956369, 3.551000000000009482 ) ) ;
#7334 = CARTESIAN_POINT ( 'NONE',  ( 2.860000000000000320, 4.559999999999996945, 3.800000000000016254 ) ) ;
#7335 = PRESENTATION_LAYER_ASSIGNMENT (  '', '', ( #2003 ) ) ;
#7336 = DIRECTION ( 'NONE',  ( -0.0000000000000000000, 3.491481338843133355E-15, -1.000000000000000000 ) ) ;
#7337 = DIRECTION ( 'NONE',  ( -0.7071067811865474617, -2.468850131082265738E-15, 0.7071067811865474617 ) ) ;
#7338 = DIRECTION ( 'NONE',  ( -0.7071067811865477948, 2.468850131082264949E-15, -0.7071067811865473507 ) ) ;
#7339 = ORIENTED_EDGE ( 'NONE', *, *, #3483, .F. ) ;
#7340 = ADVANCED_BREP_SHAPE_REPRESENTATION ( 'HDR-TH_03P-P2.54-H-M-W10.4-N', ( #5962, #7090 ), #4603 ) ;
#7341 = ORIENTED_EDGE ( 'NONE', *, *, #155, .F. ) ;
#7342 = FILL_AREA_STYLE ('',( #4704 ) ) ;
#7343 = SURFACE_STYLE_FILL_AREA ( #5996 ) ;
#7344 = DIRECTION ( 'NONE',  ( 0.0000000000000000000, 3.491481338843133355E-15, -1.000000000000000000 ) ) ;
#7345 = ORIENTED_EDGE ( 'NONE', *, *, #6516, .F. ) ;
#7346 = VECTOR ( 'NONE', #2029, 1000.000000000000000 ) ;
#7347 = CARTESIAN_POINT ( 'NONE',  ( 0.7637295098056954279, 2.376740434698439763, 3.550000000000008260 ) ) ;
#7348 = DIRECTION ( 'NONE',  ( 0.0000000000000000000, -3.491481338843133355E-15, 1.000000000000000000 ) ) ;
#7349 = CARTESIAN_POINT ( 'NONE',  ( 0.5264250008835792416, 1.557672389829700466, 3.550000000000006484 ) ) ;
#7350 = ORIENTED_EDGE ( 'NONE', *, *, #4561, .F. ) ;
#7351 = VECTOR ( 'NONE', #3628, 1000.000000000000000 ) ;
#7352 = SURFACE_STYLE_USAGE ( .BOTH. , #5354 ) ;
#7353 = ORIENTED_EDGE ( 'NONE', *, *, #3306, .F. ) ;
#7354 = VECTOR ( 'NONE', #6686, 1000.000000000000000 ) ;
#7355 = CARTESIAN_POINT ( 'NONE',  ( 2.860000000000000320, 3.879999999999999005, 3.800000000000013589 ) ) ;
#7356 = VECTOR ( 'NONE', #7115, 1000.000000000000000 ) ;
#7357 = CARTESIAN_POINT ( 'NONE',  ( 0.1380148828668992245, -5.200000000000004619, 4.661985117133083278 ) ) ;
#7358 = STYLED_ITEM ( 'NONE', ( #6227 ), #5101 ) ;
#7359 = UNCERTAINTY_MEASURE_WITH_UNIT (LENGTH_MEASURE( 1.000000000000000082E-05 ), #8289, 'distance_accuracy_value', 'NONE');
#7360 = CARTESIAN_POINT ( 'NONE',  ( -1.519999999999999574, 3.099999999999991651, 5.800000000000011369 ) ) ;
#7361 = ORIENTED_EDGE ( 'NONE', *, *, #3246, .F. ) ;
#7362 = CARTESIAN_POINT ( 'NONE',  ( 0.5198205672199802674, 1.751174592897215776, 3.551000000000006818 ) ) ;
#7363 = PRESENTATION_LAYER_ASSIGNMENT (  '', '', ( #8035 ) ) ;
#7364 = ORIENTED_EDGE ( 'NONE', *, *, #5135, .F. ) ;
#7365 = SURFACE_STYLE_USAGE ( .BOTH. , #3315 ) ;
#7366 =( NAMED_UNIT ( * ) PLANE_ANGLE_UNIT ( ) SI_UNIT ( $, .RADIAN. ) );
#7367 = CARTESIAN_POINT ( 'NONE',  ( 0.5264250008835792416, 1.557672389829700466, 3.550000000000006484 ) ) ;
#7368 =( GEOMETRIC_REPRESENTATION_CONTEXT ( 3 ) GLOBAL_UNCERTAINTY_ASSIGNED_CONTEXT ( ( #3404 ) ) GLOBAL_UNIT_ASSIGNED_CONTEXT ( ( #5171, #7126, #1259 ) ) REPRESENTATION_CONTEXT ( 'NONE', 'WORKASPACE' ) );
#7369 = EDGE_CURVE ( 'NONE', #6688, #2935, #42, .T. ) ;
#7370 =( NAMED_UNIT ( * ) SI_UNIT ( $, .STERADIAN. ) SOLID_ANGLE_UNIT ( ) );
#7371 = FILL_AREA_STYLE ('',( #5293 ) ) ;
#7372 = CARTESIAN_POINT ( 'NONE',  ( -0.3200000000000000067, -5.200000000000002842, 4.479999999999982663 ) ) ;
#7373 = VECTOR ( 'NONE', #8415, 1000.000000000000000 ) ;
#7374 = STYLED_ITEM ( 'NONE', ( #4226 ), #7794 ) ;
#7375 = ORIENTED_EDGE ( 'NONE', *, *, #7809, .F. ) ;
#7376 = LINE ( 'NONE', #8126, #7291 ) ;
#7377 = B_SPLINE_SURFACE_WITH_KNOTS ( 'NONE', 3, 1, ( 
 ( #3008, #4423 ),
 ( #4556, #7882 ),
 ( #2022, #4601 ),
 ( #7249, #1209 ),
 ( #3166, #7119 ),
 ( #8444, #3875 ),
 ( #2580, #5165 ),
 ( #658, #3244 ),
 ( #7959, #4773 ),
 ( #2066, #3450 ),
 ( #7408, #6708 ) ),
 .UNSPECIFIED., .F., .F., .F.,
 ( 4, 1, 1, 1, 1, 1, 1, 1, 4 ),
 ( 2, 2 ),
 ( 0.0000000000000000000, 0.1451868664724703939, 0.2834426109197282218, 0.4165243659288264122, 0.5431811235350816336, 0.6651530826377147765, 0.7813602063127152997, 0.8927566556418067290, 1.000000000000000000 ),
 ( 0.0000000000000000000, 1.000000000000000000 ),
 .UNSPECIFIED. ) ;
#7378 = MECHANICAL_DESIGN_GEOMETRIC_PRESENTATION_REPRESENTATION (  '', ( #8053 ), #3796 ) ;
#7379 = ORIENTED_EDGE ( 'NONE', *, *, #7735, .T. ) ;
#7380 =( LENGTH_UNIT ( ) NAMED_UNIT ( * ) SI_UNIT ( .MILLI., .METRE. ) );
#7381 = EDGE_CURVE ( 'NONE', #4002, #7875, #2516, .T. ) ;
#7382 = CARTESIAN_POINT ( 'NONE',  ( 0.4832167518248309257, 2.381168834625355224, 3.551000000000009926 ) ) ;
#7383 = CARTESIAN_POINT ( 'NONE',  ( -0.3200000000000000067, 3.879999999999996785, 4.480000000000012861 ) ) ;
#7384 = FILL_AREA_STYLE_COLOUR ( '', #3662 ) ;
#7385 = FILL_AREA_STYLE ('',( #2161 ) ) ;
#7386 = ADVANCED_FACE ( 'NONE', ( #3819 ), #1927, .T. ) ;
#7387 = LINE ( 'NONE', #1555, #3604 ) ;
#7388 = SURFACE_STYLE_FILL_AREA ( #295 ) ;
#7389 = VERTEX_POINT ( 'NONE', #6452 ) ;
#7390 =( NAMED_UNIT ( * ) SI_UNIT ( $, .STERADIAN. ) SOLID_ANGLE_UNIT ( ) );
#7391 = LINE ( 'NONE', #4140, #6481 ) ;
#7392 = ORIENTED_EDGE ( 'NONE', *, *, #1129, .F. ) ;
#7393 = ORIENTED_EDGE ( 'NONE', *, *, #1143, .F. ) ;
#7394 = FILL_AREA_STYLE_COLOUR ( '', #2825 ) ;
#7395 = VERTEX_POINT ( 'NONE', #686 ) ;
#7396 = SURFACE_STYLE_USAGE ( .BOTH. , #1713 ) ;
#7397 =( NAMED_UNIT ( * ) SI_UNIT ( $, .STERADIAN. ) SOLID_ANGLE_UNIT ( ) );
#7398 =( NAMED_UNIT ( * ) PLANE_ANGLE_UNIT ( ) SI_UNIT ( $, .RADIAN. ) );
#7399 = LINE ( 'NONE', #721, #6071 ) ;
#7400 = ORIENTED_EDGE ( 'NONE', *, *, #3585, .F. ) ;
#7401 = DIRECTION ( 'NONE',  ( -0.7071067811865479058, -2.468850131082264949E-15, 0.7071067811865472397 ) ) ;
#7402 = UNCERTAINTY_MEASURE_WITH_UNIT (LENGTH_MEASURE( 1.000000000000000082E-05 ), #6445, 'distance_accuracy_value', 'NONE');
#7403 = ORIENTED_EDGE ( 'NONE', *, *, #6784, .F. ) ;
#7404 = SURFACE_STYLE_FILL_AREA ( #4686 ) ;
#7405 = STYLED_ITEM ( 'NONE', ( #7810 ), #7635 ) ;
#7406 =( NAMED_UNIT ( * ) SI_UNIT ( $, .STERADIAN. ) SOLID_ANGLE_UNIT ( ) );
#7407 = CARTESIAN_POINT ( 'NONE',  ( 0.6124883584021467708, 1.757415441876140516, 3.550000000000009592 ) ) ;
#7408 = CARTESIAN_POINT ( 'NONE',  ( 0.4782317073170733179, 2.236585365853658747, 3.551000000000009482 ) ) ;
#7409 = ORIENTED_EDGE ( 'NONE', *, *, #5258, .F. ) ;
#7410 = VECTOR ( 'NONE', #458, 1000.000000000000000 ) ;
#7411 = VERTEX_POINT ( 'NONE', #6530 ) ;
#7412 = ADVANCED_FACE ( 'NONE', ( #5752 ), #611, .T. ) ;
#7413 = CARTESIAN_POINT ( 'NONE',  ( -1.519999999999999574, 3.099999999999991651, 5.800000000000011369 ) ) ;
#7414 = CARTESIAN_POINT ( 'NONE',  ( -1.519999999999999574, 3.099999999999997868, 4.050000000000012257 ) ) ;
#7415 = PRESENTATION_LAYER_ASSIGNMENT (  '', '', ( #1679 ) ) ;
#7416 = CARTESIAN_POINT ( 'NONE',  ( 0.4667148438499928997, 2.323231495709269456, 3.551000000000009926 ) ) ;
#7417 = CARTESIAN_POINT ( 'NONE',  ( 2.860000000000000320, -5.200000000000002842, 4.479999999999982663 ) ) ;
#7418 = CARTESIAN_POINT ( 'NONE',  ( 3.810000000000000497, 3.099999999999992539, 5.550000000000011369 ) ) ;
#7419 = CARTESIAN_POINT ( 'NONE',  ( 0.4670273995444583770, 2.286896258492243206, 3.551000000000008594 ) ) ;
#7420 = LINE ( 'NONE', #3463, #3878 ) ;
#7421 = EDGE_CURVE ( 'NONE', #6593, #460, #2559, .T. ) ;
#7422 = PRESENTATION_STYLE_ASSIGNMENT (( #3559 ) ) ;
#7423 = DIRECTION ( 'NONE',  ( 1.000000000000000000, 0.0000000000000000000, 0.0000000000000000000 ) ) ;
#7424 = CARTESIAN_POINT ( 'NONE',  ( -1.770000000000000018, 3.299999999999999822, 3.550000000000012257 ) ) ;
#7425 = LINE ( 'NONE', #6687, #7765 ) ;
#7426 = CARTESIAN_POINT ( 'NONE',  ( 0.7700000000000000178, 0.7999999999999997113, 3.550000000000003819 ) ) ;
#7427 = PRESENTATION_LAYER_ASSIGNMENT (  '', '', ( #6739 ) ) ;
#7428 = STYLED_ITEM ( 'NONE', ( #6991 ), #3122 ) ;
#7429 = ORIENTED_EDGE ( 'NONE', *, *, #1515, .T. ) ;
#7430 = DIRECTION ( 'NONE',  ( 0.7071067811865474617, 2.468850131082265738E-15, -0.7071067811865474617 ) ) ;
#7431 = SURFACE_STYLE_USAGE ( .BOTH. , #5144 ) ;
#7432 = UNCERTAINTY_MEASURE_WITH_UNIT (LENGTH_MEASURE( 1.000000000000000082E-05 ), #2756, 'distance_accuracy_value', 'NONE');
#7433 = CARTESIAN_POINT ( 'NONE',  ( 0.6310956849050530781, 2.459662203055562824, 3.550000000000010036 ) ) ;
#7434 = ORIENTED_EDGE ( 'NONE', *, *, #1311, .F. ) ;
#7435 = CARTESIAN_POINT ( 'NONE',  ( 0.4700000000000001954, 2.598780487804878359, 3.551000000000010370 ) ) ;
#7436 = VECTOR ( 'NONE', #2263, 1000.000000000000000 ) ;
#7437 = EDGE_CURVE ( 'NONE', #6781, #2591, #7143, .T. ) ;
#7438 = DIRECTION ( 'NONE',  ( 0.0000000000000000000, -3.491481338843133355E-15, 1.000000000000000000 ) ) ;
#7439 = DIRECTION ( 'NONE',  ( 0.0000000000000000000, 3.491481338843133355E-15, -1.000000000000000000 ) ) ;
#7440 = CARTESIAN_POINT ( 'NONE',  ( 0.7056738649877107861, 1.788427461406836505, 3.551000000000006374 ) ) ;
#7441 =( NAMED_UNIT ( * ) PLANE_ANGLE_UNIT ( ) SI_UNIT ( $, .RADIAN. ) );
#7442 = AXIS2_PLACEMENT_3D ( 'NONE', #1074, #8112, #6179 ) ;
#7443 = UNCERTAINTY_MEASURE_WITH_UNIT (LENGTH_MEASURE( 1.000000000000000082E-05 ), #6426, 'distance_accuracy_value', 'NONE');
#7444 = CARTESIAN_POINT ( 'NONE',  ( 0.6256592987804878714, 2.459756097560975352, 3.551000000000009926 ) ) ;
#7445 = EDGE_LOOP ( 'NONE', ( #1219, #376, #2489, #4455, #8006, #807, #59, #4084 ) ) ;
#7446 = FACE_OUTER_BOUND ( 'NONE', #5570, .T. ) ;
#7447 = EDGE_CURVE ( 'NONE', #2089, #7875, #1523, .T. ) ;
#7448 = LINE ( 'NONE', #6151, #1087 ) ;
#7449 = COLOUR_RGB ( '',0.7529411764705882248, 0.7529411764705882248, 0.7529411764705882248 ) ;
#7450 = VECTOR ( 'NONE', #8220, 1000.000000000000227 ) ;
#7451 = COLOUR_RGB ( '',0.7529411764705882248, 0.7529411764705882248, 0.7529411764705882248 ) ;
#7452 = CARTESIAN_POINT ( 'NONE',  ( 0.5031862336824908244, 1.861439610117724186, 3.550000000000010481 ) ) ;
#7453 = FILL_AREA_STYLE_COLOUR ( '', #8158 ) ;
#7454 = ORIENTED_EDGE ( 'NONE', *, *, #1065, .F. ) ;
#7455 = SURFACE_SIDE_STYLE ('',( #7962 ) ) ;
#7456 = CARTESIAN_POINT ( 'NONE',  ( 0.7370731707317075276, 2.017073170731706888, 3.551000000000008150 ) ) ;
#7457 = ORIENTED_EDGE ( 'NONE', *, *, #704, .F. ) ;
#7458 = CARTESIAN_POINT ( 'NONE',  ( 0.3200000000000000067, 4.559999999999996945, 3.800000000000016254 ) ) ;
#7459 = ORIENTED_EDGE ( 'NONE', *, *, #1861, .T. ) ;
#7460 = AXIS2_PLACEMENT_3D ( 'NONE', #6681, #4219, #6864 ) ;
#7462 = DIRECTION ( 'NONE',  ( -0.0000000000000000000, 3.491481338843133355E-15, -1.000000000000000000 ) ) ;
#7461 = COLOUR_RGB ( '',0.7529411764705882248, 0.7529411764705882248, 0.7529411764705882248 ) ;
#7463 = EDGE_LOOP ( 'NONE', ( #60, #6156, #6306, #4924 ) ) ;
#7464 = CARTESIAN_POINT ( 'NONE',  ( 0.7091026387866171676, 2.390412034066093039, 3.551000000000011703 ) ) ;
#7465 = CARTESIAN_POINT ( 'NONE',  ( 0.4907769610697942375, 2.393836186263418320, 3.551000000000009482 ) ) ;
#7466 = SURFACE_STYLE_USAGE ( .BOTH. , #8133 ) ;
#7467 = CARTESIAN_POINT ( 'NONE',  ( 0.7294192456216378462, 1.826067830386382207, 3.550000000000007372 ) ) ;
#7468 = CARTESIAN_POINT ( 'NONE',  ( 0.4782317073170733179, 2.236585365853658747, 3.551000000000009482 ) ) ;
#7469 = ORIENTED_EDGE ( 'NONE', *, *, #5648, .T. ) ;
#7470 = CARTESIAN_POINT ( 'NONE',  ( 0.5785168313925826977, 1.761586438414781242, 3.551000000000007706 ) ) ;
#7471 = VECTOR ( 'NONE', #4987, 1000.000000000000000 ) ;
#7472 = CARTESIAN_POINT ( 'NONE',  ( 0.5002551018783165659, 1.773132023208021435, 3.551000000000006374 ) ) ;
#7473 = PRESENTATION_STYLE_ASSIGNMENT (( #424 ) ) ;
#7474 = VERTEX_POINT ( 'NONE', #4799 ) ;
#7475 = SURFACE_STYLE_FILL_AREA ( #5605 ) ;
#7476 = CARTESIAN_POINT ( 'NONE',  ( 0.7008276310125493014, 2.397256504005311317, 3.551000000000007706 ) ) ;
#7477 = EDGE_CURVE ( 'NONE', #5375, #469, #2091, .T. ) ;
#7478 = CARTESIAN_POINT ( 'NONE',  ( 3.560000000000000497, 1.084435562925354368, 5.800000000000005151 ) ) ;
#7479 = VERTEX_POINT ( 'NONE', #3982 ) ;
#7480 = CARTESIAN_POINT ( 'NONE',  ( 0.4700000000000001954, 2.639024390243903007, 3.551000000000010370 ) ) ;
#7481 = DIRECTION ( 'NONE',  ( 0.0000000000000000000, -3.491481338843133355E-15, 1.000000000000000000 ) ) ;
#7482 = FILL_AREA_STYLE ('',( #4273 ) ) ;
#7483 = SURFACE_SIDE_STYLE ('',( #4841 ) ) ;
#7484 = EDGE_LOOP ( 'NONE', ( #7706, #6726, #5543, #763 ) ) ;
#7485 = ORIENTED_EDGE ( 'NONE', *, *, #4006, .F. ) ;
#7486 = EDGE_CURVE ( 'NONE', #193, #7540, #1390, .T. ) ;
#7487 = SURFACE_STYLE_USAGE ( .BOTH. , #3622 ) ;
#7488 = AXIS2_PLACEMENT_3D ( 'NONE', #1023, #3614, #3021 ) ;
#7489 = DIRECTION ( 'NONE',  ( 4.336808689942017736E-16, 3.491481338843133355E-15, -1.000000000000000000 ) ) ;
#7490 = EDGE_CURVE ( 'NONE', #6513, #4765, #8072, .T. ) ;
#7491 = DIRECTION ( 'NONE',  ( 0.3236155771181820628, 0.3236155771181854490, -0.8891264907159890374 ) ) ;
#7492 = VERTEX_POINT ( 'NONE', #4025 ) ;
#7493 = FACE_OUTER_BOUND ( 'NONE', #5857, .T. ) ;
#7494 = VECTOR ( 'NONE', #6970, 1000.000000000000000 ) ;
#7495 =( GEOMETRIC_REPRESENTATION_CONTEXT ( 3 ) GLOBAL_UNCERTAINTY_ASSIGNED_CONTEXT ( ( #2968 ) ) GLOBAL_UNIT_ASSIGNED_CONTEXT ( ( #496, #5971, #1447 ) ) REPRESENTATION_CONTEXT ( 'NONE', 'WORKASPACE' ) );
#7496 = SURFACE_STYLE_FILL_AREA ( #8081 ) ;
#7497 = CARTESIAN_POINT ( 'NONE',  ( 0.5188836270990365707, 1.806741996372944747, 3.551000000000008150 ) ) ;
#7498 =( NAMED_UNIT ( * ) SI_UNIT ( $, .STERADIAN. ) SOLID_ANGLE_UNIT ( ) );
#7499 = PRESENTATION_STYLE_ASSIGNMENT (( #5539 ) ) ;
#7500 = PRESENTATION_STYLE_ASSIGNMENT (( #7668 ) ) ;
#7501 = ORIENTED_EDGE ( 'NONE', *, *, #8376, .T. ) ;
#7502 = VECTOR ( 'NONE', #6307, 1000.000000000000114 ) ;
#7503 = EDGE_LOOP ( 'NONE', ( #2662, #22, #4954, #7623, #3607, #5439 ) ) ;
#7504 = SURFACE_STYLE_USAGE ( .BOTH. , #3119 ) ;
#7505 = DIRECTION ( 'NONE',  ( 0.0000000000000000000, 1.000000000000000000, 3.491481338843133750E-15 ) ) ;
#7506 = STYLED_ITEM ( 'NONE', ( #1393 ), #5038 ) ;
#7507 = CARTESIAN_POINT ( 'NONE',  ( 0.7165233344196609844, 2.382812869559784108, 3.551000000000007706 ) ) ;
#7508 =( GEOMETRIC_REPRESENTATION_CONTEXT ( 3 ) GLOBAL_UNCERTAINTY_ASSIGNED_CONTEXT ( ( #663 ) ) GLOBAL_UNIT_ASSIGNED_CONTEXT ( ( #8039, #4208, #404 ) ) REPRESENTATION_CONTEXT ( 'NONE', 'WORKASPACE' ) );
#7509 = CARTESIAN_POINT ( 'NONE',  ( 0.4722413930380458535, 2.353648918732905493, 3.550000000000010036 ) ) ;
#7510 = PRESENTATION_LAYER_ASSIGNMENT (  '', '', ( #4198 ) ) ;
#7511 = DIRECTION ( 'NONE',  ( 0.0000000000000000000, 1.000000000000000000, 3.491481338843133355E-15 ) ) ;
#7512 = CARTESIAN_POINT ( 'NONE',  ( -1.519999999999999574, 3.099999999999991651, 5.800000000000011369 ) ) ;
#7513 = CARTESIAN_POINT ( 'NONE',  ( 0.5139310957264052737, 1.816435146554143287, 3.551000000000008594 ) ) ;
#7514 = VECTOR ( 'NONE', #7336, 1000.000000000000000 ) ;
#7515 = DIRECTION ( 'NONE',  ( 0.0000000000000000000, -3.491481338843133355E-15, 1.000000000000000000 ) ) ;
#7516 = DIRECTION ( 'NONE',  ( 0.0000000000000000000, 1.000000000000000000, 3.823852823389738749E-15 ) ) ;
#7517 = VERTEX_POINT ( 'NONE', #7943 ) ;
#7518 = SURFACE_STYLE_FILL_AREA ( #972 ) ;
#7519 = DIRECTION ( 'NONE',  ( 0.0000000000000000000, 0.0000000000000000000, -1.000000000000000000 ) ) ;
#7520 = VECTOR ( 'NONE', #497, 999.9999999999998863 ) ;
#7521 = SURFACE_STYLE_FILL_AREA ( #6169 ) ;
#7522 = CARTESIAN_POINT ( 'NONE',  ( 0.3200000000000000067, -5.200000000000004619, 4.938014882866880839 ) ) ;
#7523 = UNCERTAINTY_MEASURE_WITH_UNIT (LENGTH_MEASURE( 1.000000000000000082E-05 ), #1955, 'distance_accuracy_value', 'NONE');
#7524 = EDGE_CURVE ( 'NONE', #3168, #388, #2857, .T. ) ;
#7525 = CARTESIAN_POINT ( 'NONE',  ( 0.6989573493412838401, 2.445025348839795054, 3.551000000000150703 ) ) ;
#7526 = CARTESIAN_POINT ( 'NONE',  ( -2.220000000000000195, -5.200000000000002842, 4.479999999999982663 ) ) ;
#7527 = FILL_AREA_STYLE ('',( #8149 ) ) ;
#7528 = ORIENTED_EDGE ( 'NONE', *, *, #5790, .T. ) ;
#7529 = SURFACE_STYLE_USAGE ( .BOTH. , #5016 ) ;
#7530 = PRESENTATION_LAYER_ASSIGNMENT (  '', '', ( #5173 ) ) ;
#7531 = CARTESIAN_POINT ( 'NONE',  ( 0.6346341463414636452, 2.137804878048779944, 3.550000000000008260 ) ) ;
#7532 = PLANE ( 'NONE',  #7442 ) ;
#7533 = PRESENTATION_STYLE_ASSIGNMENT (( #6974 ) ) ;
#7534 = EDGE_CURVE ( 'NONE', #3723, #3992, #3528, .T. ) ;
#7535 =( NAMED_UNIT ( * ) SI_UNIT ( $, .STERADIAN. ) SOLID_ANGLE_UNIT ( ) );
#7536 = DIRECTION ( 'NONE',  ( 0.0000000000000000000, 1.000000000000000000, 3.491481338843133355E-15 ) ) ;
#7537 = CARTESIAN_POINT ( 'NONE',  ( 0.6170846036585366789, 1.757317073170731936, 3.550000000000009592 ) ) ;
#7538 = EDGE_CURVE ( 'NONE', #3412, #8393, #888, .T. ) ;
#7539 = CARTESIAN_POINT ( 'NONE',  ( 0.7700000024878281835, 2.278962428956881503, 3.550000000000008704 ) ) ;
#7540 = VERTEX_POINT ( 'NONE', #4144 ) ;
#7541 = LINE ( 'NONE', #487, #3742 ) ;
#7542 = ORIENTED_EDGE ( 'NONE', *, *, #5265, .T. ) ;
#7543 = CARTESIAN_POINT ( 'NONE',  ( 0.5121692604690215589, 2.362088321807528590, 3.550000000000009592 ) ) ;
#7544 =( LENGTH_UNIT ( ) NAMED_UNIT ( * ) SI_UNIT ( .MILLI., .METRE. ) );
#7545 = CARTESIAN_POINT ( 'NONE',  ( 0.7700000000000002398, 3.299999999999991385, 6.050000000000012257 ) ) ;
#7546 = ADVANCED_FACE ( 'NONE', ( #1434 ), #3343, .T. ) ;
#7547 = FILL_AREA_STYLE ('',( #2319 ) ) ;
#7548 = AXIS2_PLACEMENT_3D ( 'NONE', #5389, #3295, #1510 ) ;
#7549 = CARTESIAN_POINT ( 'NONE',  ( 0.4678925121599064596, 2.277372075353833125, 3.551000000000009926 ) ) ;
#7550 = ORIENTED_EDGE ( 'NONE', *, *, #7437, .T. ) ;
#7551 = SURFACE_SIDE_STYLE ('',( #3169 ) ) ;
#7552 = VECTOR ( 'NONE', #759, 1000.000000000000000 ) ;
#7553 = FACE_OUTER_BOUND ( 'NONE', #5308, .T. ) ;
#7554 = FILL_AREA_STYLE_COLOUR ( '', #7176 ) ;
#7555 = CARTESIAN_POINT ( 'NONE',  ( 0.5065853658536587645, 1.562900152439024692, 3.551000000000006818 ) ) ;
#7556 = DIRECTION ( 'NONE',  ( 0.7071067811865477948, -2.468850131082265344E-15, 0.7071067811865473507 ) ) ;
#7557 = MECHANICAL_DESIGN_GEOMETRIC_PRESENTATION_REPRESENTATION (  '', ( #2759 ), #5190 ) ;
#7558 = ORIENTED_EDGE ( 'NONE', *, *, #1837, .F. ) ;
#7559 =( NAMED_UNIT ( * ) PLANE_ANGLE_UNIT ( ) SI_UNIT ( $, .RADIAN. ) );
#7560 = CARTESIAN_POINT ( 'NONE',  ( 0.7091026387866171676, 2.390412034066093039, 3.551000000000011703 ) ) ;
#7561 = ADVANCED_FACE ( 'NONE', ( #3436 ), #6652, .T. ) ;
#7562 = CARTESIAN_POINT ( 'NONE',  ( 0.5264250008835792416, 1.557672389829700466, 3.551000000000006374 ) ) ;
#7563 = AXIS2_PLACEMENT_3D ( 'NONE', #7995, #6667, #1536 ) ;
#7564 = PRESENTATION_STYLE_ASSIGNMENT (( #7431 ) ) ;
#7565 = VECTOR ( 'NONE', #6608, 1000.000000000000000 ) ;
#7566 = SURFACE_STYLE_USAGE ( .BOTH. , #302 ) ;
#7567 = ORIENTED_EDGE ( 'NONE', *, *, #1606, .F. ) ;
#7568 = CARTESIAN_POINT ( 'NONE',  ( 0.7580902540602987294, 2.389242553809542535, 3.550000000000009592 ) ) ;
#7569 = ORIENTED_EDGE ( 'NONE', *, *, #117, .T. ) ;
#7570 = SURFACE_STYLE_FILL_AREA ( #8243 ) ;
#7571 =( NAMED_UNIT ( * ) SI_UNIT ( $, .STERADIAN. ) SOLID_ANGLE_UNIT ( ) );
#7572 = EDGE_CURVE ( 'NONE', #2935, #1611, #3735, .T. ) ;
#7573 = PRESENTATION_STYLE_ASSIGNMENT (( #3693 ) ) ;
#7574 = CARTESIAN_POINT ( 'NONE',  ( 0.6216993714160369278, 1.757420600224206764, 3.551000000000006374 ) ) ;
#7575 = ORIENTED_EDGE ( 'NONE', *, *, #7067, .T. ) ;
#7576 = PRESENTATION_LAYER_ASSIGNMENT (  '', '', ( #735 ) ) ;
#7577 = PRESENTATION_LAYER_ASSIGNMENT (  '', '', ( #3721 ) ) ;
#7578 = ORIENTED_EDGE ( 'NONE', *, *, #628, .F. ) ;
#7579 = LINE ( 'NONE', #6184, #1822 ) ;
#7580 = SURFACE_STYLE_USAGE ( .BOTH. , #2870 ) ;
#7581 = FILL_AREA_STYLE_COLOUR ( '', #1873 ) ;
#7582 = LINE ( 'NONE', #2268, #7351 ) ;
#7583 = VECTOR ( 'NONE', #3520, 1000.000000000000000 ) ;
#7584 = EDGE_CURVE ( 'NONE', #8135, #1922, #4348, .T. ) ;
#7585 = VECTOR ( 'NONE', #4858, 999.9999999999998863 ) ;
#7586 = ORIENTED_EDGE ( 'NONE', *, *, #4596, .T. ) ;
#7587 = VERTEX_POINT ( 'NONE', #4236 ) ;
#7588 = CARTESIAN_POINT ( 'NONE',  ( 1.519999999999999574, 3.099999999999998312, 4.050000000000012257 ) ) ;
#7589 = ORIENTED_EDGE ( 'NONE', *, *, #4310, .F. ) ;
#7590 = CARTESIAN_POINT ( 'NONE',  ( 0.7700000000000000178, 1.958536585365853844, 3.551000000000008150 ) ) ;
#7591 = CARTESIAN_POINT ( 'NONE',  ( 2.220000000000000195, 4.559999999999996945, 3.800000000000016254 ) ) ;
#7592 = VERTEX_POINT ( 'NONE', #5620 ) ;
#7593 = CARTESIAN_POINT ( 'NONE',  ( 0.6529268292682929298, 1.612461890243902518, 3.551000000000006818 ) ) ;
#7594 = CARTESIAN_POINT ( 'NONE',  ( 1.020000000000000462, 3.299999999999992273, 5.800000000000012257 ) ) ;
#7595 = CARTESIAN_POINT ( 'NONE',  ( 0.6560131579035334282, 1.761503439473108390, 3.550000000000006040 ) ) ;
#7596 = ADVANCED_FACE ( 'NONE', ( #6839 ), #982, .F. ) ;
#7597 = PLANE ( 'NONE',  #7837 ) ;
#7598 =( GEOMETRIC_REPRESENTATION_CONTEXT ( 3 ) GLOBAL_UNCERTAINTY_ASSIGNED_CONTEXT ( ( #8116 ) ) GLOBAL_UNIT_ASSIGNED_CONTEXT ( ( #4415, #7750, #4715 ) ) REPRESENTATION_CONTEXT ( 'NONE', 'WORKASPACE' ) );
#7599 =( GEOMETRIC_REPRESENTATION_CONTEXT ( 3 ) GLOBAL_UNCERTAINTY_ASSIGNED_CONTEXT ( ( #7432 ) ) GLOBAL_UNIT_ASSIGNED_CONTEXT ( ( #2756, #7977, #6524 ) ) REPRESENTATION_CONTEXT ( 'NONE', 'WORKASPACE' ) );
#7600 = UNCERTAINTY_MEASURE_WITH_UNIT (LENGTH_MEASURE( 1.000000000000000082E-05 ), #7331, 'distance_accuracy_value', 'NONE');
#7601 = SURFACE_STYLE_USAGE ( .BOTH. , #457 ) ;
#7602 = EDGE_CURVE ( 'NONE', #2232, #3353, #4275, .T. ) ;
#7603 = FILL_AREA_STYLE ('',( #1060 ) ) ;
#7604 = VERTEX_POINT ( 'NONE', #2259 ) ;
#7605 = SURFACE_SIDE_STYLE ('',( #7475 ) ) ;
#7606 = AXIS2_PLACEMENT_3D ( 'NONE', #2220, #3533, #8113 ) ;
#7607 = CARTESIAN_POINT ( 'NONE',  ( 0.7700000000000001288, 1.468292682926829684, 3.551000000000006374 ) ) ;
#7608 = CARTESIAN_POINT ( 'NONE',  ( 0.7370731707317075276, 2.137804878048779944, 3.551000000000008594 ) ) ;
#7609 = FILL_AREA_STYLE ('',( #5653 ) ) ;
#7610 = ADVANCED_FACE ( 'NONE', ( #1072 ), #1749, .T. ) ;
#7611 = COLOUR_RGB ( '',0.7529411764705882248, 0.7529411764705882248, 0.7529411764705882248 ) ;
#7612 = UNCERTAINTY_MEASURE_WITH_UNIT (LENGTH_MEASURE( 1.000000000000000082E-05 ), #11, 'distance_accuracy_value', 'NONE');
#7613 = ORIENTED_EDGE ( 'NONE', *, *, #3855, .T. ) ;
#7614 = CARTESIAN_POINT ( 'NONE',  ( 0.7703321785063799165, 2.354134081155922154, 3.551000000000150703 ) ) ;
#7615 = FACE_OUTER_BOUND ( 'NONE', #2832, .T. ) ;
#7616 =( NAMED_UNIT ( * ) PLANE_ANGLE_UNIT ( ) SI_UNIT ( $, .RADIAN. ) );
#7617 = FILL_AREA_STYLE_COLOUR ( '', #1130 ) ;
#7618 = ORIENTED_EDGE ( 'NONE', *, *, #6439, .F. ) ;
#7619 = MECHANICAL_DESIGN_GEOMETRIC_PRESENTATION_REPRESENTATION (  '', ( #5395 ), #5668 ) ;
#7620 = CARTESIAN_POINT ( 'NONE',  ( -1.269999999999999796, 3.099999999999998312, 4.050000000000012257 ) ) ;
#7621 = CARTESIAN_POINT ( 'NONE',  ( 2.860000000000000320, 0.7999999999999967137, 4.480000000000003091 ) ) ;
#7622 = VERTEX_POINT ( 'NONE', #7180 ) ;
#7623 = ORIENTED_EDGE ( 'NONE', *, *, #722, .F. ) ;
#7624 = VECTOR ( 'NONE', #3215, 999.9999999999998863 ) ;
#7625 = LINE ( 'NONE', #4409, #6845 ) ;
#7626 = DIRECTION ( 'NONE',  ( -0.0000000000000000000, 1.000000000000000000, 3.491481338843133355E-15 ) ) ;
#7627 = SURFACE_STYLE_FILL_AREA ( #4161 ) ;
#7628 = VERTEX_POINT ( 'NONE', #7136 ) ;
#7629 = CARTESIAN_POINT ( 'NONE',  ( 0.7379577983572884747, 1.773196050581376859, 3.550000000000007372 ) ) ;
#7630 = EDGE_LOOP ( 'NONE', ( #8209, #3304, #5352, #7317 ) ) ;
#7631 = VECTOR ( 'NONE', #1710, 1000.000000000000000 ) ;
#7632 = FACE_OUTER_BOUND ( 'NONE', #3499, .T. ) ;
#7633 = PLANE ( 'NONE',  #7712 ) ;
#7634 = PRESENTATION_LAYER_ASSIGNMENT (  '', '', ( #2846 ) ) ;
#7635 = ADVANCED_FACE ( 'NONE', ( #1309 ), #7226, .F. ) ;
#7636 = FACE_OUTER_BOUND ( 'NONE', #7123, .T. ) ;
#7637 = DIRECTION ( 'NONE',  ( 1.000000000000000000, 0.0000000000000000000, 0.0000000000000000000 ) ) ;
#7638 = PRESENTATION_STYLE_ASSIGNMENT (( #8090 ) ) ;
#7639 = SURFACE_SIDE_STYLE ('',( #8443 ) ) ;
#7640 =( GEOMETRIC_REPRESENTATION_CONTEXT ( 3 ) GLOBAL_UNCERTAINTY_ASSIGNED_CONTEXT ( ( #7161 ) ) GLOBAL_UNIT_ASSIGNED_CONTEXT ( ( #292, #4416, #3903 ) ) REPRESENTATION_CONTEXT ( 'NONE', 'WORKASPACE' ) );
#7641 =( GEOMETRIC_REPRESENTATION_CONTEXT ( 3 ) GLOBAL_UNCERTAINTY_ASSIGNED_CONTEXT ( ( #6058 ) ) GLOBAL_UNIT_ASSIGNED_CONTEXT ( ( #2056, #4028, #6657 ) ) REPRESENTATION_CONTEXT ( 'NONE', 'WORKASPACE' ) );
#7642 = ORIENTED_EDGE ( 'NONE', *, *, #3744, .F. ) ;
#7643 = FILL_AREA_STYLE_COLOUR ( '', #5238 ) ;
#7644 = ADVANCED_FACE ( 'NONE', ( #7692 ), #3927, .T. ) ;
#7645 = LINE ( 'NONE', #1177, #7410 ) ;
#7646 = MECHANICAL_DESIGN_GEOMETRIC_PRESENTATION_REPRESENTATION (  '', ( #5990 ), #3110 ) ;
#7647 = ORIENTED_EDGE ( 'NONE', *, *, #5317, .T. ) ;
#7648 = CARTESIAN_POINT ( 'NONE',  ( 2.860000000000000320, -4.699999999999999289, 4.479999999999984439 ) ) ;
#7649 =( NAMED_UNIT ( * ) PLANE_ANGLE_UNIT ( ) SI_UNIT ( $, .RADIAN. ) );
#7650 = SURFACE_STYLE_USAGE ( .BOTH. , #3563 ) ;
#7651 = B_SPLINE_CURVE_WITH_KNOTS ( 'NONE', 3,
 ( #3906, #7367, #4720, #1364, #4597, #7834, #5196 ),
 .UNSPECIFIED., .F., .F.,
 ( 4, 1, 1, 1, 4 ),
 ( 0.0000000000000000000, 0.1744817153170496182, 0.3982857591281089849, 0.6738978473986669826, 1.000000000000000000 ),
 .UNSPECIFIED. ) ;
#7652 = STYLED_ITEM ( 'NONE', ( #1954 ), #4457 ) ;
#7653 = CARTESIAN_POINT ( 'NONE',  ( -3.560000000000000497, 3.299999999999992273, 5.800000000000012257 ) ) ;
#7654 = ADVANCED_FACE ( 'NONE', ( #3774 ), #2599, .T. ) ;
#7655 = CARTESIAN_POINT ( 'NONE',  ( 0.5099749744355515091, 2.416837323862053299, 3.550000000000008704 ) ) ;
#7656 =( GEOMETRIC_REPRESENTATION_CONTEXT ( 3 ) GLOBAL_UNCERTAINTY_ASSIGNED_CONTEXT ( ( #2280 ) ) GLOBAL_UNIT_ASSIGNED_CONTEXT ( ( #3098, #7733, #6443 ) ) REPRESENTATION_CONTEXT ( 'NONE', 'WORKASPACE' ) );
#7657 = ORIENTED_EDGE ( 'NONE', *, *, #2683, .F. ) ;
#7658 = FACE_OUTER_BOUND ( 'NONE', #1058, .T. ) ;
#7659 =( GEOMETRIC_REPRESENTATION_CONTEXT ( 3 ) GLOBAL_UNCERTAINTY_ASSIGNED_CONTEXT ( ( #1490 ) ) GLOBAL_UNIT_ASSIGNED_CONTEXT ( ( #6728, #7262, #7390 ) ) REPRESENTATION_CONTEXT ( 'NONE', 'WORKASPACE' ) );
#7660 = CARTESIAN_POINT ( 'NONE',  ( 0.7333786914247263367, 2.262768691694591716, 3.550000000000009592 ) ) ;
#7661 = CARTESIAN_POINT ( 'NONE',  ( 3.810000000000000497, 3.299999999999998046, 4.050000000000012257 ) ) ;
#7662 = ORIENTED_EDGE ( 'NONE', *, *, #1732, .T. ) ;
#7663 = AXIS2_PLACEMENT_3D ( 'NONE', #3217, #26, #5820 ) ;
#7664 = COLOUR_RGB ( '',0.7529411764705882248, 0.7529411764705882248, 0.7529411764705882248 ) ;
#7665 = FILL_AREA_STYLE_COLOUR ( '', #901 ) ;
#7666 = FILL_AREA_STYLE ('',( #5111 ) ) ;
#7667 = EDGE_CURVE ( 'NONE', #3782, #7967, #1218, .T. ) ;
#7668 = SURFACE_STYLE_USAGE ( .BOTH. , #6981 ) ;
#7669 = ORIENTED_EDGE ( 'NONE', *, *, #2503, .F. ) ;
#7670 = DIRECTION ( 'NONE',  ( 0.0000000000000000000, 1.000000000000000000, 3.891802140991627604E-15 ) ) ;
#7671 = DIRECTION ( 'NONE',  ( -1.000000000000000000, 0.0000000000000000000, 0.0000000000000000000 ) ) ;
#7672 = SURFACE_STYLE_FILL_AREA ( #491 ) ;
#7673 = FILL_AREA_STYLE ('',( #3836 ) ) ;
#7674 = ORIENTED_EDGE ( 'NONE', *, *, #4723, .F. ) ;
#7675 = EDGE_CURVE ( 'NONE', #4471, #6988, #3428, .T. ) ;
#7676 = VERTEX_POINT ( 'NONE', #2207 ) ;
#7677 = CARTESIAN_POINT ( 'NONE',  ( -1.519999999999999574, 3.299999999999992273, 5.800000000000012257 ) ) ;
#7678 = FACE_OUTER_BOUND ( 'NONE', #6342, .T. ) ;
#7679 = LINE ( 'NONE', #1907, #788 ) ;
#7680 = ORIENTED_EDGE ( 'NONE', *, *, #8099, .T. ) ;
#7681 = CARTESIAN_POINT ( 'NONE',  ( 0.4700000000000000844, 1.958536585365853844, 3.550000000000007816 ) ) ;
#7682 = PRESENTATION_LAYER_ASSIGNMENT (  '', '', ( #1518 ) ) ;
#7683 = FILL_AREA_STYLE ('',( #4430 ) ) ;
#7684 = AXIS2_PLACEMENT_3D ( 'NONE', #5229, #1485, #3984 ) ;
#7685 = CARTESIAN_POINT ( 'NONE',  ( 0.5916942911095517399, 2.457344112412153336, 3.550000000000009148 ) ) ;
#7686 = EDGE_CURVE ( 'NONE', #5724, #5046, #3386, .T. ) ;
#7687 = VECTOR ( 'NONE', #7854, 999.9999999999998863 ) ;
#7688 = FACE_OUTER_BOUND ( 'NONE', #8001, .T. ) ;
#7689 = CARTESIAN_POINT ( 'NONE',  ( 0.7407317073170731625, 2.313586128048780388, 3.551000000000009482 ) ) ;
#7690 = SURFACE_STYLE_USAGE ( .BOTH. , #5618 ) ;
#7691 = ORIENTED_EDGE ( 'NONE', *, *, #4896, .F. ) ;
#7692 = FACE_OUTER_BOUND ( 'NONE', #1852, .T. ) ;
#7693 = ORIENTED_EDGE ( 'NONE', *, *, #3024, .F. ) ;
#7694 = CARTESIAN_POINT ( 'NONE',  ( 0.6645838694942847180, 1.723045114818308798, 3.551000000000006374 ) ) ;
#7695 =( LENGTH_UNIT ( ) NAMED_UNIT ( * ) SI_UNIT ( .MILLI., .METRE. ) );
#7696 = FILL_AREA_STYLE_COLOUR ( '', #1365 ) ;
#7697 = VERTEX_POINT ( 'NONE', #2686 ) ;
#7698 = SURFACE_STYLE_FILL_AREA ( #5069 ) ;
#7699 = EDGE_CURVE ( 'NONE', #6297, #1192, #5995, .T. ) ;
#7700 = ORIENTED_EDGE ( 'NONE', *, *, #7229, .F. ) ;
#7701 =( NAMED_UNIT ( * ) PLANE_ANGLE_UNIT ( ) SI_UNIT ( $, .RADIAN. ) );
#7702 = PRESENTATION_LAYER_ASSIGNMENT (  '', '', ( #464 ) ) ;
#7703 = PLANE ( 'NONE',  #709 ) ;
#7704 = CARTESIAN_POINT ( 'NONE',  ( 0.7644144711715432638, 1.827815377174325961, 3.550000000000006928 ) ) ;
#7705 = CARTESIAN_POINT ( 'NONE',  ( 3.560000000000000497, 3.099999999999998757, 3.800000000000011813 ) ) ;
#7706 = ORIENTED_EDGE ( 'NONE', *, *, #8059, .F. ) ;
#7707 = CARTESIAN_POINT ( 'NONE',  ( 0.4721934038540109846, 1.841710340212297847, 3.550000000000007372 ) ) ;
#7708 = CARTESIAN_POINT ( 'NONE',  ( -2.860000000000000320, 5.199999999999997513, 3.800000000000018474 ) ) ;
#7709 = EDGE_CURVE ( 'NONE', #5923, #2684, #1470, .T. ) ;
#7710 = PLANE ( 'NONE',  #6413 ) ;
#7711 = STYLED_ITEM ( 'NONE', ( #7873 ), #5896 ) ;
#7712 = AXIS2_PLACEMENT_3D ( 'NONE', #7068, #1854, #4461 ) ;
#7713 = LINE ( 'NONE', #1858, #5388 ) ;
#7714 =( NAMED_UNIT ( * ) SI_UNIT ( $, .STERADIAN. ) SOLID_ANGLE_UNIT ( ) );
#7715 = ORIENTED_EDGE ( 'NONE', *, *, #2554, .F. ) ;
#7716 = FILL_AREA_STYLE_COLOUR ( '', #5624 ) ;
#7717 = ORIENTED_EDGE ( 'NONE', *, *, #7902, .F. ) ;
#7718 = VECTOR ( 'NONE', #7812, 1000.000000000000000 ) ;
#7719 = VERTEX_POINT ( 'NONE', #8017 ) ;
#7720 =( NAMED_UNIT ( * ) SI_UNIT ( $, .STERADIAN. ) SOLID_ANGLE_UNIT ( ) );
#7721 = ORIENTED_EDGE ( 'NONE', *, *, #5662, .F. ) ;
#7722 = DIRECTION ( 'NONE',  ( 0.7071067811865477948, -2.468850131082265344E-15, 0.7071067811865473507 ) ) ;
#7723 = AXIS2_PLACEMENT_3D ( 'NONE', #3669, #3704, #8258 ) ;
#7724 = FILL_AREA_STYLE ('',( #5089 ) ) ;
#7725 = FILL_AREA_STYLE_COLOUR ( '', #1146 ) ;
#7726 = AXIS2_PLACEMENT_3D ( 'NONE', #2044, #7939, #3298 ) ;
#7727 = UNCERTAINTY_MEASURE_WITH_UNIT (LENGTH_MEASURE( 1.000000000000000082E-05 ), #2466, 'distance_accuracy_value', 'NONE');
#7728 = CARTESIAN_POINT ( 'NONE',  ( 0.5758724807363707621, 2.453978788247654474, 3.550000000000010036 ) ) ;
#7729 = CARTESIAN_POINT ( 'NONE',  ( 0.5029268292682927965, 2.137804878048779944, 3.551000000000008594 ) ) ;
#7730 = ORIENTED_EDGE ( 'NONE', *, *, #122, .T. ) ;
#7731 = CIRCLE ( 'NONE', #7460, 1.319999999999999174 ) ;
#7732 = PLANE ( 'NONE',  #520 ) ;
#7733 =( NAMED_UNIT ( * ) PLANE_ANGLE_UNIT ( ) SI_UNIT ( $, .RADIAN. ) );
#7734 = AXIS2_PLACEMENT_3D ( 'NONE', #8052, #6019, #2238 ) ;
#7735 = EDGE_CURVE ( 'NONE', #7622, #121, #6965, .T. ) ;
#7736 = LINE ( 'NONE', #3063, #744 ) ;
#7737 = DIRECTION ( 'NONE',  ( 0.0000000000000000000, 1.000000000000000000, 5.316414857466879927E-15 ) ) ;
#7738 =( GEOMETRIC_REPRESENTATION_CONTEXT ( 3 ) GLOBAL_UNCERTAINTY_ASSIGNED_CONTEXT ( ( #5803 ) ) GLOBAL_UNIT_ASSIGNED_CONTEXT ( ( #1050, #6945, #3080 ) ) REPRESENTATION_CONTEXT ( 'NONE', 'WORKASPACE' ) );
#7739 = ORIENTED_EDGE ( 'NONE', *, *, #6547, .T. ) ;
#7740 = ORIENTED_EDGE ( 'NONE', *, *, #783, .F. ) ;
#7741 = B_SPLINE_CURVE_WITH_KNOTS ( 'NONE', 3,
 ( #6373, #2314, #4254, #8309, #4907, #2435, #7543, #1685, #1765, #415, #3631, #490, #3671, #3040, #6242, #8217, #2346, #4328, #5630 ),
 .UNSPECIFIED., .F., .F.,
 ( 4, 1, 1, 1, 1, 1, 1, 1, 1, 1, 1, 1, 1, 1, 1, 1, 4 ),
 ( 0.0000000000000000000, 0.06460397028839262590, 0.1267024139629481516, 0.1867568140356196393, 0.2455056873654390959, 0.3036520244499756882, 0.3615030739706251994, 0.4202402229284677992, 0.4800333407766960714, 0.5406781347755166278, 0.6011918063807818458, 0.6623335024774423818, 0.7247395102972322700, 0.7894677361728871245, 0.8565048600438310844, 0.9263120958391902748, 1.000000000000000000 ),
 .UNSPECIFIED. ) ;
#7742 = FILL_AREA_STYLE_COLOUR ( '', #2093 ) ;
#7743 = EDGE_CURVE ( 'NONE', #2690, #1061, #7900, .T. ) ;
#7744 = PRESENTATION_STYLE_ASSIGNMENT (( #4408 ) ) ;
#7745 = AXIS2_PLACEMENT_3D ( 'NONE', #5148, #3861, #6451 ) ;
#7746 = SURFACE_STYLE_USAGE ( .BOTH. , #5152 ) ;
#7747 =( LENGTH_UNIT ( ) NAMED_UNIT ( * ) SI_UNIT ( .MILLI., .METRE. ) );
#7748 = VERTEX_POINT ( 'NONE', #7302 ) ;
#7749 = ADVANCED_FACE ( 'NONE', ( #4750 ), #1514, .T. ) ;
#7750 =( NAMED_UNIT ( * ) PLANE_ANGLE_UNIT ( ) SI_UNIT ( $, .RADIAN. ) );
#7751 = CARTESIAN_POINT ( 'NONE',  ( 0.5121692604690215589, 2.362088321807528590, 3.551000000000009926 ) ) ;
#7752 = CARTESIAN_POINT ( 'NONE',  ( 0.7560049944131629340, 2.239400383086155077, 3.550000000000008260 ) ) ;
#7753 = CARTESIAN_POINT ( 'NONE',  ( 0.4797000553973438386, 1.812159751349704750, 3.550000000000007372 ) ) ;
#7754 =( NAMED_UNIT ( * ) SI_UNIT ( $, .STERADIAN. ) SOLID_ANGLE_UNIT ( ) );
#7755 = LINE ( 'NONE', #2485, #6678 ) ;
#7756 = CARTESIAN_POINT ( 'NONE',  ( 1.020000000000000462, 3.099999999999991651, 5.800000000000011369 ) ) ;
#7757 = B_SPLINE_CURVE_WITH_KNOTS ( 'NONE', 3,
 ( #4813, #6594, #1957, #743, #1377, #115, #639, #5863, #2036, #7934, #2077, #705, #3293, #8458, #5821, #30, #3332, #4616, #4659 ),
 .UNSPECIFIED., .F., .F.,
 ( 4, 1, 1, 1, 1, 1, 1, 1, 1, 1, 1, 1, 1, 1, 1, 1, 4 ),
 ( 0.0000000000000000000, 0.07377411937406355702, 0.1440791147260410965, 0.2113485183089110486, 0.2760768857398838150, 0.3385209158196762491, 0.3998851166931334244, 0.4602540674652125796, 0.5205889643912473552, 0.5802076845630439461, 0.6386329085525459526, 0.6963645494905243982, 0.7540017746600127246, 0.8128056813744982678, 0.8727544255255603733, 0.9351819969782676489, 0.9999999999999998890 ),
 .UNSPECIFIED. ) ;
#7758 = EDGE_LOOP ( 'NONE', ( #6904, #7839, #6175, #7501 ) ) ;
#7759 = CARTESIAN_POINT ( 'NONE',  ( 0.5031862336824908244, 1.861439610117724186, 3.550000000000007816 ) ) ;
#7760 = COLOUR_RGB ( '',0.7529411764705882248, 0.7529411764705882248, 0.7529411764705882248 ) ;
#7761 =( NAMED_UNIT ( * ) PLANE_ANGLE_UNIT ( ) SI_UNIT ( $, .RADIAN. ) );
#7762 = VERTEX_POINT ( 'NONE', #5950 ) ;
#7763 = STYLED_ITEM ( 'NONE', ( #1593 ), #1154 ) ;
#7764 = LINE ( 'NONE', #2593, #618 ) ;
#7765 = VECTOR ( 'NONE', #2205, 1000.000000000000000 ) ;
#7766 =( NAMED_UNIT ( * ) SI_UNIT ( $, .STERADIAN. ) SOLID_ANGLE_UNIT ( ) );
#7767 = AXIS2_PLACEMENT_3D ( 'NONE', #6056, #5278, #2772 ) ;
#7768 = CARTESIAN_POINT ( 'NONE',  ( 0.4769925707801079273, 2.367789493862291206, 3.550000000000009592 ) ) ;
#7769 = DIRECTION ( 'NONE',  ( 0.7071067811865474617, 2.468850131082265738E-15, -0.7071067811865474617 ) ) ;
#7770 = VECTOR ( 'NONE', #3740, 999.9999999999998863 ) ;
#7771 = STYLED_ITEM ( 'NONE', ( #3241 ), #8315 ) ;
#7772 = ORIENTED_EDGE ( 'NONE', *, *, #2822, .F. ) ;
#7773 = CARTESIAN_POINT ( 'NONE',  ( 0.7215243902439024692, 2.236585365853658303, 3.551000000000009038 ) ) ;
#7774 = ORIENTED_EDGE ( 'NONE', *, *, #7902, .T. ) ;
#7775 =( LENGTH_UNIT ( ) NAMED_UNIT ( * ) SI_UNIT ( .MILLI., .METRE. ) );
#7776 = PRESENTATION_LAYER_ASSIGNMENT (  '', '', ( #5158 ) ) ;
#7777 = FACE_OUTER_BOUND ( 'NONE', #7630, .T. ) ;
#7778 = FILL_AREA_STYLE ('',( #8423 ) ) ;
#7779 = ADVANCED_FACE ( 'NONE', ( #2849 ), #3297, .T. ) ;
#7780 = ORIENTED_EDGE ( 'NONE', *, *, #1499, .F. ) ;
#7781 = CARTESIAN_POINT ( 'NONE',  ( 3.560000000000000497, 3.099999999999992539, 5.550000000000011369 ) ) ;
#7782 = VECTOR ( 'NONE', #6552, 1000.000000000000000 ) ;
#7783 = DIRECTION ( 'NONE',  ( -0.0000000000000000000, 3.491481338843133355E-15, -1.000000000000000000 ) ) ;
#7784 = LINE ( 'NONE', #1888, #266 ) ;
#7785 = CARTESIAN_POINT ( 'NONE',  ( 0.5608829702152327012, 2.449318252817548558, 3.551000000000010814 ) ) ;
#7786 = EDGE_CURVE ( 'NONE', #889, #5897, #298, .T. ) ;
#7787 = UNCERTAINTY_MEASURE_WITH_UNIT (LENGTH_MEASURE( 1.000000000000000082E-05 ), #1622, 'distance_accuracy_value', 'NONE');
#7788 = CARTESIAN_POINT ( 'NONE',  ( 0.5326804695512503685, 2.388298410274139805, 3.550000000000010481 ) ) ;
#7789 =( LENGTH_UNIT ( ) NAMED_UNIT ( * ) SI_UNIT ( .MILLI., .METRE. ) );
#7790 = ADVANCED_FACE ( 'NONE', ( #8143 ), #4265, .F. ) ;
#7791 = DIRECTION ( 'NONE',  ( -0.7071067811865479058, -2.468850131082264949E-15, 0.7071067811865472397 ) ) ;
#7792 =( LENGTH_UNIT ( ) NAMED_UNIT ( * ) SI_UNIT ( .MILLI., .METRE. ) );
#7793 = CARTESIAN_POINT ( 'NONE',  ( 0.7696924900297661409, 1.859966203254106887, 3.550000000000007372 ) ) ;
#7794 = ADVANCED_FACE ( 'NONE', ( #5520 ), #1063, .F. ) ;
#7795 = ORIENTED_EDGE ( 'NONE', *, *, #5782, .F. ) ;
#7796 =( LENGTH_UNIT ( ) NAMED_UNIT ( * ) SI_UNIT ( .MILLI., .METRE. ) );
#7797 = CARTESIAN_POINT ( 'NONE',  ( 0.5413694006842141304, 2.395680987206896262, 3.551000000000009038 ) ) ;
#7798 = CARTESIAN_POINT ( 'NONE',  ( 0.7370731707317075276, 2.598780487804878359, 3.550000000000010036 ) ) ;
#7799 = CARTESIAN_POINT ( 'NONE',  ( 2.220000000000000195, 3.879999999999999005, 3.800000000000013589 ) ) ;
#7800 = DIRECTION ( 'NONE',  ( 1.000000000000000000, 0.0000000000000000000, 0.0000000000000000000 ) ) ;
#7801 = PRESENTATION_STYLE_ASSIGNMENT (( #5824 ) ) ;
#7802 = FILL_AREA_STYLE ('',( #3500 ) ) ;
#7803 = PRESENTATION_STYLE_ASSIGNMENT (( #6349 ) ) ;
#7804 = ORIENTED_EDGE ( 'NONE', *, *, #5979, .T. ) ;
#7805 = CARTESIAN_POINT ( 'NONE',  ( 0.7396279724908176867, 2.292287063778521983, 3.551000000000009038 ) ) ;
#7806 = MECHANICAL_DESIGN_GEOMETRIC_PRESENTATION_REPRESENTATION (  '', ( #8216 ), #5183 ) ;
#7807 = DIRECTION ( 'NONE',  ( 0.7071067811865475727, -2.468850131082265344E-15, 0.7071067811865475727 ) ) ;
#7808 = DIRECTION ( 'NONE',  ( 0.0000000000000000000, 1.000000000000000000, 0.0000000000000000000 ) ) ;
#7809 = EDGE_CURVE ( 'NONE', #1173, #2392, #6385, .T. ) ;
#7810 = PRESENTATION_STYLE_ASSIGNMENT (( #3851 ) ) ;
#7811 = SURFACE_SIDE_STYLE ('',( #7343 ) ) ;
#7812 = DIRECTION ( 'NONE',  ( -0.0000000000000000000, 1.000000000000000000, 3.491481338843133355E-15 ) ) ;
#7813 = COLOUR_RGB ( '',0.7529411764705882248, 0.7529411764705882248, 0.7529411764705882248 ) ;
#7814 = COLOUR_RGB ( '',0.7529411764705882248, 0.7529411764705882248, 0.7529411764705882248 ) ;
#7815 = LINE ( 'NONE', #7232, #125 ) ;
#7816 = ORIENTED_EDGE ( 'NONE', *, *, #6853, .F. ) ;
#7817 = CARTESIAN_POINT ( 'NONE',  ( 0.3200000000000000067, 4.559999999999996945, 3.800000000000016254 ) ) ;
#7818 = SURFACE_SIDE_STYLE ('',( #5916 ) ) ;
#7819 = PRESENTATION_STYLE_ASSIGNMENT (( #1319 ) ) ;
#7820 = STYLED_ITEM ( 'NONE', ( #4326 ), #7295 ) ;
#7821 = EDGE_CURVE ( 'NONE', #2272, #5527, #1298, .T. ) ;
#7822 = PRESENTATION_STYLE_ASSIGNMENT (( #2612 ) ) ;
#7823 = FILL_AREA_STYLE ('',( #3748 ) ) ;
#7824 = DIRECTION ( 'NONE',  ( 0.0000000000000000000, -1.000000000000000000, -3.491481338843133355E-15 ) ) ;
#7825 = FACE_OUTER_BOUND ( 'NONE', #4753, .T. ) ;
#7826 = CARTESIAN_POINT ( 'NONE',  ( 0.4769925707801079273, 2.367789493862291206, 3.551000000000009926 ) ) ;
#7827 = CARTESIAN_POINT ( 'NONE',  ( 0.4663414634146342275, 2.307183689024390194, 3.551000000000009482 ) ) ;
#7828 = CARTESIAN_POINT ( 'NONE',  ( 0.5012100544121134149, 2.330523925317369738, 3.550000000000010925 ) ) ;
#7829 = ORIENTED_EDGE ( 'NONE', *, *, #583, .T. ) ;
#7830 = DIRECTION ( 'NONE',  ( -1.000000000000000000, -0.0000000000000000000, -0.0000000000000000000 ) ) ;
#7831 = DIRECTION ( 'NONE',  ( 1.000000000000000000, 0.0000000000000000000, 0.0000000000000000000 ) ) ;
#7832 = FILL_AREA_STYLE ('',( #5194 ) ) ;
#7833 = SURFACE_STYLE_USAGE ( .BOTH. , #5195 ) ;
#7834 = CARTESIAN_POINT ( 'NONE',  ( 0.5088915780449567716, 1.561512344857818313, 3.550000000000006484 ) ) ;
#7835 = EDGE_CURVE ( 'NONE', #1557, #7719, #5777, .T. ) ;
#7836 = CARTESIAN_POINT ( 'NONE',  ( -3.560000000000000497, 3.099999999999992539, 5.550000000000011369 ) ) ;
#7837 = AXIS2_PLACEMENT_3D ( 'NONE', #3557, #3600, #8092 ) ;
#7838 = DIRECTION ( 'NONE',  ( -0.0000000000000000000, 1.000000000000000000, 3.491481338843133355E-15 ) ) ;
#7839 = ORIENTED_EDGE ( 'NONE', *, *, #7894, .F. ) ;
#7840 = VERTEX_POINT ( 'NONE', #508 ) ;
#7841 = UNCERTAINTY_MEASURE_WITH_UNIT (LENGTH_MEASURE( 1.000000000000000082E-05 ), #8434, 'distance_accuracy_value', 'NONE');
#7842 = CARTESIAN_POINT ( 'NONE',  ( 0.7700000000000000178, 1.876962652439024604, 3.550000000000007372 ) ) ;
#7843 =( LENGTH_UNIT ( ) NAMED_UNIT ( * ) SI_UNIT ( .MILLI., .METRE. ) );
#7844 = COLOUR_RGB ( '',0.2509803921568627416, 0.2509803921568627416, 0.2509803921568627416 ) ;
#7845 = VERTEX_POINT ( 'NONE', #7681 ) ;
#7846 = CARTESIAN_POINT ( 'NONE',  ( 0.6973498347226291250, 1.781099805549463788, 3.550000000000007816 ) ) ;
#7847 = CARTESIAN_POINT ( 'NONE',  ( 2.401985117133101255, -5.200000000000004619, 4.661985117133083278 ) ) ;
#7848 = ADVANCED_FACE ( 'NONE', ( #3134 ), #4479, .T. ) ;
#7849 = DIRECTION ( 'NONE',  ( -0.0000000000000000000, 1.000000000000000000, 3.491481338843133355E-15 ) ) ;
#7850 = DIRECTION ( 'NONE',  ( 0.0000000000000000000, 1.000000000000000000, 3.491481338843133750E-15 ) ) ;
#7851 = MECHANICAL_DESIGN_GEOMETRIC_PRESENTATION_REPRESENTATION (  '', ( #5914 ), #3320 ) ;
#7852 = ADVANCED_FACE ( 'NONE', ( #4382 ), #1910, .F. ) ;
#7853 = UNCERTAINTY_MEASURE_WITH_UNIT (LENGTH_MEASURE( 1.000000000000000082E-05 ), #2803, 'distance_accuracy_value', 'NONE');
#7854 = DIRECTION ( 'NONE',  ( -0.7071067811865473507, -2.468850131082266527E-15, 0.7071067811865477948 ) ) ;
#7855 = ORIENTED_EDGE ( 'NONE', *, *, #1022, .T. ) ;
#7856 = DIRECTION ( 'NONE',  ( 0.0000000000000000000, 0.0000000000000000000, -1.000000000000000000 ) ) ;
#7857 = VECTOR ( 'NONE', #3018, 1000.000000000000000 ) ;
#7858 = STYLED_ITEM ( 'NONE', ( #2544 ), #2725 ) ;
#7859 = SURFACE_STYLE_FILL_AREA ( #711 ) ;
#7860 = EDGE_CURVE ( 'NONE', #1611, #2856, #5168, .T. ) ;
#7861 = DIRECTION ( 'NONE',  ( 0.0000000000000000000, 1.000000000000000000, 3.491481338843133355E-15 ) ) ;
#7862 = MECHANICAL_DESIGN_GEOMETRIC_PRESENTATION_REPRESENTATION (  '', ( #1174 ), #2264 ) ;
#7863 = CARTESIAN_POINT ( 'NONE',  ( 0.7629973064254100823, 2.254140144503266718, 3.550000000000010481 ) ) ;
#7864 = UNCERTAINTY_MEASURE_WITH_UNIT (LENGTH_MEASURE( 1.000000000000000082E-05 ), #455, 'distance_accuracy_value', 'NONE');
#7865 =( NAMED_UNIT ( * ) SI_UNIT ( $, .STERADIAN. ) SOLID_ANGLE_UNIT ( ) );
#7866 = ORIENTED_EDGE ( 'NONE', *, *, #5296, .F. ) ;
#7867 = SURFACE_STYLE_USAGE ( .BOTH. , #7818 ) ;
#7868 = CARTESIAN_POINT ( 'NONE',  ( 3.560000000000000497, 3.299999999999993161, 5.550000000000012257 ) ) ;
#7869 = CARTESIAN_POINT ( 'NONE',  ( 2.678014882866899260, -5.200000000000002842, 4.479999999999982663 ) ) ;
#7870 = DIRECTION ( 'NONE',  ( -1.000000000000000000, -0.0000000000000000000, -0.0000000000000000000 ) ) ;
#7871 = AXIS2_PLACEMENT_3D ( 'NONE', #8201, #1151, #3579 ) ;
#7872 = CARTESIAN_POINT ( 'NONE',  ( 0.5846516763340824374, 1.719614414072799580, 3.550000000000006928 ) ) ;
#7873 = PRESENTATION_STYLE_ASSIGNMENT (( #1357 ) ) ;
#7874 = UNCERTAINTY_MEASURE_WITH_UNIT (LENGTH_MEASURE( 1.000000000000000082E-05 ), #8057, 'distance_accuracy_value', 'NONE');
#7875 = VERTEX_POINT ( 'NONE', #7847 ) ;
#7876 = MECHANICAL_DESIGN_GEOMETRIC_PRESENTATION_REPRESENTATION (  '', ( #1866 ), #758 ) ;
#7877 = DIRECTION ( 'NONE',  ( -0.0000000000000000000, 3.491481338843133355E-15, -1.000000000000000000 ) ) ;
#7878 = VECTOR ( 'NONE', #2415, 1000.000000000000000 ) ;
#7879 = SURFACE_STYLE_USAGE ( .BOTH. , #4688 ) ;
#7880 = DIRECTION ( 'NONE',  ( 1.000000000000000000, 0.0000000000000000000, -0.0000000000000000000 ) ) ;
#7881 = SURFACE_STYLE_USAGE ( .BOTH. , #3949 ) ;
#7882 = CARTESIAN_POINT ( 'NONE',  ( 0.4663664667453168433, 2.303695630837243158, 3.550000000000009148 ) ) ;
#7883 = ORIENTED_EDGE ( 'NONE', *, *, #8197, .F. ) ;
#7884 = VERTEX_POINT ( 'NONE', #3918 ) ;
#7885 = EDGE_CURVE ( 'NONE', #438, #4789, #4655, .T. ) ;
#7886 = CARTESIAN_POINT ( 'NONE',  ( 0.7379577983572884747, 1.773196050581376859, 3.550000000000007372 ) ) ;
#7887 =( NAMED_UNIT ( * ) PLANE_ANGLE_UNIT ( ) SI_UNIT ( $, .RADIAN. ) );
#7888 = ORIENTED_EDGE ( 'NONE', *, *, #1673, .F. ) ;
#7889 = PRESENTATION_STYLE_ASSIGNMENT (( #5247 ) ) ;
#7890 = DIRECTION ( 'NONE',  ( -0.0000000000000000000, 3.491481338843133355E-15, -1.000000000000000000 ) ) ;
#7891 = MECHANICAL_DESIGN_GEOMETRIC_PRESENTATION_REPRESENTATION (  '', ( #6787 ), #654 ) ;
#7892 = VERTEX_POINT ( 'NONE', #6074 ) ;
#7893 = PLANE ( 'NONE',  #7723 ) ;
#7894 = EDGE_CURVE ( 'NONE', #1496, #7395, #6715, .T. ) ;
#7895 = PRESENTATION_LAYER_ASSIGNMENT (  '', '', ( #1460 ) ) ;
#7896 = SURFACE_STYLE_USAGE ( .BOTH. , #4663 ) ;
#7897 = CARTESIAN_POINT ( 'NONE',  ( -2.220000000000000195, 0.7999999999999953815, 4.800000000000004263 ) ) ;
#7898 = EDGE_LOOP ( 'NONE', ( #5713, #1057, #2778, #5400 ) ) ;
#7899 = CARTESIAN_POINT ( 'NONE',  ( 0.7130434264851827075, 1.796686258761218680, 3.551000000000007262 ) ) ;
#7900 = LINE ( 'NONE', #5349, #8179 ) ;
#7901 = DIRECTION ( 'NONE',  ( 0.3236155771181811747, 0.8891264907159914799, -0.3236155771181792873 ) ) ;
#7902 = EDGE_CURVE ( 'NONE', #6774, #2455, #6023, .T. ) ;
#7903 = CARTESIAN_POINT ( 'NONE',  ( 0.7709906405035390486, 2.284374246498951155, 3.551000000000008150 ) ) ;
#7904 = ORIENTED_EDGE ( 'NONE', *, *, #5376, .F. ) ;
#7905 = VECTOR ( 'NONE', #7946, 1000.000000000000000 ) ;
#7906 = AXIS2_PLACEMENT_3D ( 'NONE', #6014, #5239, #7997 ) ;
#7907 =( NAMED_UNIT ( * ) PLANE_ANGLE_UNIT ( ) SI_UNIT ( $, .RADIAN. ) );
#7908 = DIRECTION ( 'NONE',  ( -0.7071067811865473507, -2.468850131082266527E-15, 0.7071067811865477948 ) ) ;
#7909 = MECHANICAL_DESIGN_GEOMETRIC_PRESENTATION_REPRESENTATION (  '', ( #7506 ), #2428 ) ;
#7910 = ORIENTED_EDGE ( 'NONE', *, *, #6316, .T. ) ;
#7911 = CARTESIAN_POINT ( 'NONE',  ( 0.6858536585365855309, 1.498647103658536928, 3.550000000000006484 ) ) ;
#7912 = COLOUR_RGB ( '',0.2509803921568627416, 0.2509803921568627416, 0.2509803921568627416 ) ;
#7913 = PRESENTATION_LAYER_ASSIGNMENT (  '', '', ( #2286 ) ) ;
#7914 = COLOUR_RGB ( '',0.7529411764705882248, 0.7529411764705882248, 0.7529411764705882248 ) ;
#7915 = SURFACE_STYLE_FILL_AREA ( #4585 ) ;
#7916 = PRODUCT ( 'HDR-TH_03P-P2.54-H-M-W10.4-N', 'HDR-TH_03P-P2.54-H-M-W10.4-N', '', ( #792 ) ) ;
#7917 = SURFACE_STYLE_FILL_AREA ( #1530 ) ;
#7918 = MECHANICAL_DESIGN_GEOMETRIC_PRESENTATION_REPRESENTATION (  '', ( #953 ), #2865 ) ;
#7919 = FILL_AREA_STYLE_COLOUR ( '', #3179 ) ;
#7920 = FILL_AREA_STYLE_COLOUR ( '', #6921 ) ;
#7921 = DIRECTION ( 'NONE',  ( 0.0000000000000000000, -1.000000000000000000, -9.878286460423457847E-15 ) ) ;
#7922 = PRESENTATION_STYLE_ASSIGNMENT (( #8405 ) ) ;
#7923 = EDGE_CURVE ( 'NONE', #1048, #4658, #199, .T. ) ;
#7924 = SURFACE_SIDE_STYLE ('',( #5291 ) ) ;
#7925 = EDGE_LOOP ( 'NONE', ( #4300, #507, #2804, #3749 ) ) ;
#7926 = ORIENTED_EDGE ( 'NONE', *, *, #3031, .F. ) ;
#7927 = ORIENTED_EDGE ( 'NONE', *, *, #995, .F. ) ;
#7928 = CARTESIAN_POINT ( 'NONE',  ( -3.310000000000000497, 0.7999999999999997113, 3.550000000000003819 ) ) ;
#7929 = VERTEX_POINT ( 'NONE', #2158 ) ;
#7930 = LINE ( 'NONE', #2074, #2514 ) ;
#7931 = PRESENTATION_STYLE_ASSIGNMENT (( #2796 ) ) ;
#7932 = EDGE_CURVE ( 'NONE', #1095, #2455, #1098, .T. ) ;
#7933 = ORIENTED_EDGE ( 'NONE', *, *, #3801, .T. ) ;
#7934 = CARTESIAN_POINT ( 'NONE',  ( 0.7091026387866171676, 2.390412034066093039, 3.550000000000011369 ) ) ;
#7935 = DIRECTION ( 'NONE',  ( 0.0000000000000000000, -1.000000000000000000, -3.823852823389738749E-15 ) ) ;
#7936 = DIRECTION ( 'NONE',  ( -0.0000000000000000000, 1.000000000000000000, 3.491481338843133355E-15 ) ) ;
#7937 = ORIENTED_EDGE ( 'NONE', *, *, #1053, .F. ) ;
#7938 = DIRECTION ( 'NONE',  ( 0.0000000000000000000, 1.000000000000000000, 1.913297951445010284E-15 ) ) ;
#7939 = DIRECTION ( 'NONE',  ( 0.0000000000000000000, -1.000000000000000000, -3.491481338843133355E-15 ) ) ;
#7940 = EDGE_CURVE ( 'NONE', #469, #1665, #2031, .T. ) ;
#7941 = PLANE ( 'NONE',  #212 ) ;
#7942 = ORIENTED_EDGE ( 'NONE', *, *, #521, .T. ) ;
#7943 = CARTESIAN_POINT ( 'NONE',  ( 1.519999999999999574, 3.299999999999993161, 5.550000000000012257 ) ) ;
#7944 = EDGE_CURVE ( 'NONE', #362, #4002, #246, .T. ) ;
#7945 = VECTOR ( 'NONE', #6698, 1000.000000000000000 ) ;
#7946 = DIRECTION ( 'NONE',  ( 0.0000000000000000000, -1.000000000000000000, -3.491481338843133355E-15 ) ) ;
#7947 = DIRECTION ( 'NONE',  ( 0.0000000000000000000, 3.491481338843133355E-15, -1.000000000000000000 ) ) ;
#7948 =( NAMED_UNIT ( * ) SI_UNIT ( $, .STERADIAN. ) SOLID_ANGLE_UNIT ( ) );
#7949 = UNCERTAINTY_MEASURE_WITH_UNIT (LENGTH_MEASURE( 1.000000000000000082E-05 ), #4371, 'distance_accuracy_value', 'NONE');
#7950 = ADVANCED_FACE ( 'NONE', ( #2677 ), #3327, .F. ) ;
#7951 = CARTESIAN_POINT ( 'NONE',  ( 0.5721720569815927915, 2.411913239750977933, 3.550000000000011369 ) ) ;
#7952 = VERTEX_POINT ( 'NONE', #2709 ) ;
#7953 = STYLED_ITEM ( 'NONE', ( #3491 ), #7244 ) ;
#7954 = CARTESIAN_POINT ( 'NONE',  ( 0.5431513744527264320, 1.734218356083071733, 3.550000000000008260 ) ) ;
#7955 = FILL_AREA_STYLE ('',( #16 ) ) ;
#7956 = SURFACE_STYLE_USAGE ( .BOTH. , #144 ) ;
#7957 = FILL_AREA_STYLE_COLOUR ( '', #4910 ) ;
#7958 = DIRECTION ( 'NONE',  ( 1.000000000000000000, 0.0000000000000000000, 0.0000000000000000000 ) ) ;
#7959 = CARTESIAN_POINT ( 'NONE',  ( 0.4752860973414685386, 2.243841956118739933, 3.551000000000009482 ) ) ;
#7960 = COLOUR_RGB ( '',0.7529411764705882248, 0.7529411764705882248, 0.7529411764705882248 ) ;
#7961 = ORIENTED_EDGE ( 'NONE', *, *, #2991, .T. ) ;
#7962 = SURFACE_STYLE_FILL_AREA ( #2876 ) ;
#7963 = B_SPLINE_CURVE_WITH_KNOTS ( 'NONE', 3,
 ( #6611, #6006, #6534, #2055, #4584, #688, #2769, #4635, #1320, #3270, #7240 ),
 .UNSPECIFIED., .F., .F.,
 ( 4, 1, 1, 1, 1, 1, 1, 1, 4 ),
 ( 0.0000000000000000000, 0.1451868664724703939, 0.2834426109197282218, 0.4165243659288264122, 0.5431811235350816336, 0.6651530826377147765, 0.7813602063127152997, 0.8927566556418067290, 1.000000000000000000 ),
 .UNSPECIFIED. ) ;
#7964 = ORIENTED_EDGE ( 'NONE', *, *, #5635, .T. ) ;
#7965 = CARTESIAN_POINT ( 'NONE',  ( 0.7370731707317075276, 2.137804878048779944, 3.550000000000008260 ) ) ;
#7966 = FILL_AREA_STYLE_COLOUR ( '', #6386 ) ;
#7967 = VERTEX_POINT ( 'NONE', #5302 ) ;
#7968 = MECHANICAL_DESIGN_GEOMETRIC_PRESENTATION_REPRESENTATION (  '', ( #6880 ), #3847 ) ;
#7969 = PRESENTATION_STYLE_ASSIGNMENT (( #5339 ) ) ;
#7970 = ORIENTED_EDGE ( 'NONE', *, *, #4793, .F. ) ;
#7971 = MECHANICAL_DESIGN_GEOMETRIC_PRESENTATION_REPRESENTATION (  '', ( #3853 ), #8247 ) ;
#7972 = CARTESIAN_POINT ( 'NONE',  ( 0.7700000000000000178, 0.7999999999999997113, 3.550000000000003819 ) ) ;
#7973 =( GEOMETRIC_REPRESENTATION_CONTEXT ( 3 ) GLOBAL_UNCERTAINTY_ASSIGNED_CONTEXT ( ( #6922 ) ) GLOBAL_UNIT_ASSIGNED_CONTEXT ( ( #5303, #184, #1035 ) ) REPRESENTATION_CONTEXT ( 'NONE', 'WORKASPACE' ) );
#7974 = LINE ( 'NONE', #4088, #107 ) ;
#7975 = ORIENTED_EDGE ( 'NONE', *, *, #1743, .T. ) ;
#7976 = CARTESIAN_POINT ( 'NONE',  ( 0.7700000000000001288, 2.178048780487804148, 3.551000000000009038 ) ) ;
#7977 =( NAMED_UNIT ( * ) PLANE_ANGLE_UNIT ( ) SI_UNIT ( $, .RADIAN. ) );
#7978 = COLOUR_RGB ( '',0.7529411764705882248, 0.7529411764705882248, 0.7529411764705882248 ) ;
#7979 =( GEOMETRIC_REPRESENTATION_CONTEXT ( 3 ) GLOBAL_UNCERTAINTY_ASSIGNED_CONTEXT ( ( #927 ) ) GLOBAL_UNIT_ASSIGNED_CONTEXT ( ( #6020, #7330, #5378 ) ) REPRESENTATION_CONTEXT ( 'NONE', 'WORKASPACE' ) );
#7980 = CARTESIAN_POINT ( 'NONE',  ( 0.7700000000000000178, 1.876962652439024604, 3.551000000000007706 ) ) ;
#7981 =( NAMED_UNIT ( * ) PLANE_ANGLE_UNIT ( ) SI_UNIT ( $, .RADIAN. ) );
#7982 = APPLICATION_PROTOCOL_DEFINITION ( 'draft international standard', 'automotive_design', 1998, #8321 ) ;
#7983 =( GEOMETRIC_REPRESENTATION_CONTEXT ( 3 ) GLOBAL_UNCERTAINTY_ASSIGNED_CONTEXT ( ( #7787 ) ) GLOBAL_UNIT_ASSIGNED_CONTEXT ( ( #1622, #4974, #8199 ) ) REPRESENTATION_CONTEXT ( 'NONE', 'WORKASPACE' ) );
#7984 =( GEOMETRIC_REPRESENTATION_CONTEXT ( 3 ) GLOBAL_UNCERTAINTY_ASSIGNED_CONTEXT ( ( #2812 ) ) GLOBAL_UNIT_ASSIGNED_CONTEXT ( ( #5595, #1809, #3756 ) ) REPRESENTATION_CONTEXT ( 'NONE', 'WORKASPACE' ) );
#7985 = CARTESIAN_POINT ( 'NONE',  ( 0.7370731707317074166, 1.918292682926829418, 3.551000000000007706 ) ) ;
#7986 = LINE ( 'NONE', #2137, #5888 ) ;
#7987 = FACE_OUTER_BOUND ( 'NONE', #3210, .T. ) ;
#7988 = VECTOR ( 'NONE', #2595, 1000.000000000000000 ) ;
#7989 = STYLED_ITEM ( 'NONE', ( #5121 ), #2565 ) ;
#7990 = PRESENTATION_STYLE_ASSIGNMENT (( #3440 ) ) ;
#7991 = LINE ( 'NONE', #7360, #6885 ) ;
#7992 = ADVANCED_FACE ( 'NONE', ( #1419 ), #1456, .T. ) ;
#7993 = CARTESIAN_POINT ( 'NONE',  ( 0.6001548527464827254, 1.717425296246301025, 3.551000000000007262 ) ) ;
#7994 =( NAMED_UNIT ( * ) PLANE_ANGLE_UNIT ( ) SI_UNIT ( $, .RADIAN. ) );
#7995 = CARTESIAN_POINT ( 'NONE',  ( 2.860000000000000320, -5.200000000000002842, 4.479999999999982663 ) ) ;
#7996 = STYLED_ITEM ( 'NONE', ( #1394 ), #2831 ) ;
#7997 = DIRECTION ( 'NONE',  ( 1.445602896647339163E-16, 3.491481338843133355E-15, -1.000000000000000000 ) ) ;
#7998 = EDGE_CURVE ( 'NONE', #7952, #6468, #6245, .T. ) ;
#7999 = SURFACE_STYLE_FILL_AREA ( #7371 ) ;
#8000 = LINE ( 'NONE', #2786, #8389 ) ;
#8001 = EDGE_LOOP ( 'NONE', ( #3620, #7326, #8077, #1178 ) ) ;
#8002 = MECHANICAL_DESIGN_GEOMETRIC_PRESENTATION_REPRESENTATION (  '', ( #8285 ), #1397 ) ;
#8003 = ORIENTED_EDGE ( 'NONE', *, *, #5159, .T. ) ;
#8004 = PLANE ( 'NONE',  #1006 ) ;
#8005 = CARTESIAN_POINT ( 'NONE',  ( 2.860000000000000320, 3.879999999999999005, 3.800000000000013589 ) ) ;
#8006 = ORIENTED_EDGE ( 'NONE', *, *, #6525, .F. ) ;
#8007 = CARTESIAN_POINT ( 'NONE',  ( 1.769999999999999796, 0.7999999999999910516, 6.050000000000003375 ) ) ;
#8008 = CARTESIAN_POINT ( 'NONE',  ( 0.5099749744355515091, 2.416837323862053299, 3.551000000000009038 ) ) ;
#8009 = CARTESIAN_POINT ( 'NONE',  ( -1.020000000000000462, 3.299999999999992273, 5.800000000000012257 ) ) ;
#8010 = SURFACE_SIDE_STYLE ('',( #3962 ) ) ;
#8011 = CARTESIAN_POINT ( 'NONE',  ( 0.5183943994532249633, 1.565120989196856272, 3.551000000000006818 ) ) ;
#8012 = ORIENTED_EDGE ( 'NONE', *, *, #3757, .F. ) ;
#8013 = LINE ( 'NONE', #2038, #4600 ) ;
#8014 = LINE ( 'NONE', #5259, #7687 ) ;
#8015 = ORIENTED_EDGE ( 'NONE', *, *, #5484, .F. ) ;
#8016 = CARTESIAN_POINT ( 'NONE',  ( 0.7328434151274620945, 1.837419171218074743, 3.550000000000007816 ) ) ;
#8017 = CARTESIAN_POINT ( 'NONE',  ( 0.7700000000000000178, 1.876962652439024604, 3.550000000000007372 ) ) ;
#8018 =( LENGTH_UNIT ( ) NAMED_UNIT ( * ) SI_UNIT ( .MILLI., .METRE. ) );
#8019 = EDGE_LOOP ( 'NONE', ( #5692, #7199, #6222, #3937 ) ) ;
#8020 = CARTESIAN_POINT ( 'NONE',  ( 0.7675868479071559225, 2.365336349490770651, 3.550000000000008704 ) ) ;
#8021 = FACE_OUTER_BOUND ( 'NONE', #2030, .T. ) ;
#8022 = CARTESIAN_POINT ( 'NONE',  ( -0.3200000000000000067, 5.199999999999997513, 3.800000000000018474 ) ) ;
#8023 = VERTEX_POINT ( 'NONE', #416 ) ;
#8024 = CARTESIAN_POINT ( 'NONE',  ( 0.7370731707317074166, 1.918292682926829418, 3.551000000000007706 ) ) ;
#8025 = STYLED_ITEM ( 'NONE', ( #3209 ), #4672 ) ;
#8026 = SURFACE_STYLE_FILL_AREA ( #4676 ) ;
#8027 = VECTOR ( 'NONE', #1739, 1000.000000000000000 ) ;
#8028 = STYLED_ITEM ( 'NONE', ( #7819 ), #2092 ) ;
#8029 = DIRECTION ( 'NONE',  ( -1.000000000000000000, -0.0000000000000000000, 0.0000000000000000000 ) ) ;
#8030 = EDGE_CURVE ( 'NONE', #1386, #5970, #1282, .T. ) ;
#8031 = STYLED_ITEM ( 'NONE', ( #1799 ), #5021 ) ;
#8032 = UNCERTAINTY_MEASURE_WITH_UNIT (LENGTH_MEASURE( 1.000000000000000082E-05 ), #975, 'distance_accuracy_value', 'NONE');
#8033 = CARTESIAN_POINT ( 'NONE',  ( 0.5963628385421508860, 2.417780838733138538, 3.550000000000009592 ) ) ;
#8034 = CARTESIAN_POINT ( 'NONE',  ( 0.6107888136961554526, 1.717192318184356026, 3.550000000000008704 ) ) ;
#8035 = STYLED_ITEM ( 'NONE', ( #4587 ), #605 ) ;
#8036 = DIRECTION ( 'NONE',  ( -0.0000000000000000000, 1.000000000000000000, 3.491481338843133355E-15 ) ) ;
#8037 = VERTEX_POINT ( 'NONE', #1731 ) ;
#8038 = CARTESIAN_POINT ( 'NONE',  ( -2.220000000000000195, -4.700000000000001066, 5.119999999999984119 ) ) ;
#8039 =( LENGTH_UNIT ( ) NAMED_UNIT ( * ) SI_UNIT ( .MILLI., .METRE. ) );
#8040 = DIRECTION ( 'NONE',  ( 1.000000000000000000, 0.0000000000000000000, 0.0000000000000000000 ) ) ;
#8041 = FILL_AREA_STYLE_COLOUR ( '', #5807 ) ;
#8042 =( LENGTH_UNIT ( ) NAMED_UNIT ( * ) SI_UNIT ( .MILLI., .METRE. ) );
#8043 = ADVANCED_FACE ( 'NONE', ( #2960 ), #6286, .T. ) ;
#8044 = DIRECTION ( 'NONE',  ( 0.0000000000000000000, -3.491481338843133355E-15, 1.000000000000000000 ) ) ;
#8045 = STYLED_ITEM ( 'NONE', ( #6362 ), #1783 ) ;
#8046 = CARTESIAN_POINT ( 'NONE',  ( 0.4700000000000000844, 1.873875762195122308, 3.550000000000007372 ) ) ;
#8047 =( GEOMETRIC_REPRESENTATION_CONTEXT ( 3 ) GLOBAL_UNCERTAINTY_ASSIGNED_CONTEXT ( ( #7402 ) ) GLOBAL_UNIT_ASSIGNED_CONTEXT ( ( #6445, #2043, #2805 ) ) REPRESENTATION_CONTEXT ( 'NONE', 'WORKASPACE' ) );
#8048 = CARTESIAN_POINT ( 'NONE',  ( 0.6218936317837764349, 1.717193720906152965, 3.550000000000006928 ) ) ;
#8049 = MECHANICAL_DESIGN_GEOMETRIC_PRESENTATION_REPRESENTATION (  '', ( #4764 ), #5712 ) ;
#8050 = EDGE_LOOP ( 'NONE', ( #6496, #8015, #1641, #7883, #2215, #8365 ) ) ;
#8051 = ORIENTED_EDGE ( 'NONE', *, *, #974, .F. ) ;
#8052 = CARTESIAN_POINT ( 'NONE',  ( -0.3200000000000000067, 3.879999999999999005, 3.800000000000013589 ) ) ;
#8053 = STYLED_ITEM ( 'NONE', ( #7889 ), #7950 ) ;
#8054 = CARTESIAN_POINT ( 'NONE',  ( 0.7700000000000000178, 1.958536585365853844, 3.551000000000008150 ) ) ;
#8055 = DIRECTION ( 'NONE',  ( 1.000000000000000000, 0.0000000000000000000, 0.0000000000000000000 ) ) ;
#8056 = B_SPLINE_CURVE_WITH_KNOTS ( 'NONE', 3,
 ( #6519, #670, #4522, #5172, #5254, #7258, #6556, #2636, #1303, #4569, #3221 ),
 .UNSPECIFIED., .F., .F.,
 ( 4, 1, 1, 1, 1, 1, 1, 1, 4 ),
 ( 0.0000000000000000000, 0.1352946047634291382, 0.2667656579247463244, 0.3948160188358715295, 0.5200516544342442815, 0.6421757029708204945, 0.7626518205584249532, 0.8818340043804996364, 1.000000000000000000 ),
 .UNSPECIFIED. ) ;
#8057 =( LENGTH_UNIT ( ) NAMED_UNIT ( * ) SI_UNIT ( .MILLI., .METRE. ) );
#8058 = FILL_AREA_STYLE_COLOUR ( '', #6804 ) ;
#8059 = EDGE_CURVE ( 'NONE', #460, #7395, #2817, .T. ) ;
#8060 = DIRECTION ( 'NONE',  ( 0.0000000000000000000, 1.000000000000000000, 3.491481338843133355E-15 ) ) ;
#8061 = DIRECTION ( 'NONE',  ( 0.0000000000000000000, 1.000000000000000000, 1.913297951445010284E-15 ) ) ;
#8062 = FILL_AREA_STYLE ('',( #875 ) ) ;
#8063 = ORIENTED_EDGE ( 'NONE', *, *, #4356, .F. ) ;
#8064 = CARTESIAN_POINT ( 'NONE',  ( 0.7700000000000000178, 0.7999999999999997113, 3.550000000000003819 ) ) ;
#8065 =( GEOMETRIC_REPRESENTATION_CONTEXT ( 3 ) GLOBAL_UNCERTAINTY_ASSIGNED_CONTEXT ( ( #8367 ) ) GLOBAL_UNIT_ASSIGNED_CONTEXT ( ( #4968, #6298, #192 ) ) REPRESENTATION_CONTEXT ( 'NONE', 'WORKASPACE' ) );
#8066 = CARTESIAN_POINT ( 'NONE',  ( 0.7703604263448790013, 2.353666061411142429, 3.550360426344887799 ) ) ;
#8067 = LINE ( 'NONE', #977, #1111 ) ;
#8068 = EDGE_CURVE ( 'NONE', #1173, #438, #2442, .T. ) ;
#8069 = ORIENTED_EDGE ( 'NONE', *, *, #7051, .F. ) ;
#8070 = CARTESIAN_POINT ( 'NONE',  ( 3.560000000000000497, 3.299999999999992273, 5.800000000000012257 ) ) ;
#8071 = LINE ( 'NONE', #8024, #3842 ) ;
#8072 = LINE ( 'NONE', #4065, #7945 ) ;
#8073 = CARTESIAN_POINT ( 'NONE',  ( 0.7130434264851827075, 1.796686258761218680, 3.551000000000007262 ) ) ;
#8074 = CARTESIAN_POINT ( 'NONE',  ( 0.7580902540602987294, 2.389242553809542535, 3.551000000000009926 ) ) ;
#8075 =( LENGTH_UNIT ( ) NAMED_UNIT ( * ) SI_UNIT ( .MILLI., .METRE. ) );
#8076 = CARTESIAN_POINT ( 'NONE',  ( 1.770000000000000018, 3.299999999999999822, 3.550000000000012257 ) ) ;
#8077 = ORIENTED_EDGE ( 'NONE', *, *, #3596, .T. ) ;
#8078 = SURFACE_SIDE_STYLE ('',( #7404 ) ) ;
#8079 = EDGE_CURVE ( 'NONE', #469, #1238, #8313, .T. ) ;
#8080 =( GEOMETRIC_REPRESENTATION_CONTEXT ( 3 ) GLOBAL_UNCERTAINTY_ASSIGNED_CONTEXT ( ( #1223 ) ) GLOBAL_UNIT_ASSIGNED_CONTEXT ( ( #2180, #3482, #4932 ) ) REPRESENTATION_CONTEXT ( 'NONE', 'WORKASPACE' ) );
#8081 = FILL_AREA_STYLE ('',( #4113 ) ) ;
#8082 = PRESENTATION_STYLE_ASSIGNMENT (( #276 ) ) ;
#8083 =( NAMED_UNIT ( * ) SI_UNIT ( $, .STERADIAN. ) SOLID_ANGLE_UNIT ( ) );
#8084 = DIRECTION ( 'NONE',  ( 0.0000000000000000000, 1.000000000000000000, 1.913297951445010284E-15 ) ) ;
#8085 = STYLED_ITEM ( 'NONE', ( #5643 ), #7235 ) ;
#8086 = ORIENTED_EDGE ( 'NONE', *, *, #3603, .F. ) ;
#8087 = EDGE_CURVE ( 'NONE', #7001, #2853, #2531, .T. ) ;
#8088 = FACE_OUTER_BOUND ( 'NONE', #5417, .T. ) ;
#8089 = CARTESIAN_POINT ( 'NONE',  ( 0.6820379732661328021, 2.408267093156977179, 3.551000000000008594 ) ) ;
#8090 = SURFACE_STYLE_USAGE ( .BOTH. , #6119 ) ;
#8091 = DIRECTION ( 'NONE',  ( 1.000000000000000000, 0.0000000000000000000, 0.0000000000000000000 ) ) ;
#8092 = DIRECTION ( 'NONE',  ( 0.7071067811865479058, -2.468850131082264949E-15, 0.7071067811865472397 ) ) ;
#8093 = FILL_AREA_STYLE ('',( #2843 ) ) ;
#8094 = UNCERTAINTY_MEASURE_WITH_UNIT (LENGTH_MEASURE( 1.000000000000000082E-05 ), #2175, 'distance_accuracy_value', 'NONE');
#8095 = EDGE_CURVE ( 'NONE', #3452, #3703, #7755, .T. ) ;
#8096 = DIRECTION ( 'NONE',  ( -0.9396926207859098712, -0.3420201433256647716, -1.194156947930012438E-15 ) ) ;
#8097 = ORIENTED_EDGE ( 'NONE', *, *, #6270, .T. ) ;
#8098 = FILL_AREA_STYLE ('',( #2287 ) ) ;
#8099 = EDGE_CURVE ( 'NONE', #858, #80, #1767, .T. ) ;
#8100 = CARTESIAN_POINT ( 'NONE',  ( 0.7699999995299525724, 2.355314253319456874, 3.550000000000008704 ) ) ;
#8101 = VECTOR ( 'NONE', #6702, 1000.000000000000000 ) ;
#8102 = ORIENTED_EDGE ( 'NONE', *, *, #87, .T. ) ;
#8103 =( NAMED_UNIT ( * ) SI_UNIT ( $, .STERADIAN. ) SOLID_ANGLE_UNIT ( ) );
#8104 = CARTESIAN_POINT ( 'NONE',  ( 0.7580902540602987294, 2.389242553809542535, 3.551000000000151591 ) ) ;
#8105 = VERTEX_POINT ( 'NONE', #4992 ) ;
#8106 = CARTESIAN_POINT ( 'NONE',  ( 0.5276219512195123862, 1.567701981707317227, 3.551000000000006818 ) ) ;
#8107 = CARTESIAN_POINT ( 'NONE',  ( 0.7700000000000001288, 2.178048780487804148, 3.550000000000008704 ) ) ;
#8108 = VECTOR ( 'NONE', #2864, 1000.000000000000000 ) ;
#8109 = ORIENTED_EDGE ( 'NONE', *, *, #2166, .T. ) ;
#8110 = SURFACE_SIDE_STYLE ('',( #8153 ) ) ;
#8111 = DIRECTION ( 'NONE',  ( -0.0000000000000000000, 3.491481338843133355E-15, -1.000000000000000000 ) ) ;
#8112 = DIRECTION ( 'NONE',  ( 0.0000000000000000000, -3.491481338843133355E-15, 1.000000000000000000 ) ) ;
#8113 = DIRECTION ( 'NONE',  ( 0.0000000000000000000, 1.000000000000000000, 3.491481338843133355E-15 ) ) ;
#8114 = PRESENTATION_LAYER_ASSIGNMENT (  '', '', ( #3200 ) ) ;
#8115 = VECTOR ( 'NONE', #3635, 1000.000000000000000 ) ;
#8116 = UNCERTAINTY_MEASURE_WITH_UNIT (LENGTH_MEASURE( 1.000000000000000082E-05 ), #4415, 'distance_accuracy_value', 'NONE');
#8117 = AXIS2_PLACEMENT_3D ( 'NONE', #6420, #2530, #3162 ) ;
#8118 = CARTESIAN_POINT ( 'NONE',  ( 0.6437343904432795139, 1.759043133931803560, 3.550000000000007816 ) ) ;
#8119 = SURFACE_SIDE_STYLE ('',( #1626 ) ) ;
#8120 = EDGE_LOOP ( 'NONE', ( #7062, #4580, #7454, #7816 ) ) ;
#8121 = FILL_AREA_STYLE ('',( #6621 ) ) ;
#8122 = PRESENTATION_LAYER_ASSIGNMENT (  '', '', ( #1292 ) ) ;
#8123 = COLOUR_RGB ( '',0.7529411764705882248, 0.7529411764705882248, 0.7529411764705882248 ) ;
#8124 = LINE ( 'NONE', #952, #1206 ) ;
#8125 = ORIENTED_EDGE ( 'NONE', *, *, #1892, .T. ) ;
#8126 = CARTESIAN_POINT ( 'NONE',  ( 1.270000000000000240, 0.7999999999999979350, 4.050000000000003375 ) ) ;
#8127 = CARTESIAN_POINT ( 'NONE',  ( -3.560000000000000497, 1.084435562925354368, 5.800000000000005151 ) ) ;
#8128 = ORIENTED_EDGE ( 'NONE', *, *, #7686, .F. ) ;
#8129 = MECHANICAL_DESIGN_GEOMETRIC_PRESENTATION_REPRESENTATION (  '', ( #6916 ), #754 ) ;
#8130 = PLANE ( 'NONE',  #7734 ) ;
#8131 = FACE_OUTER_BOUND ( 'NONE', #5770, .T. ) ;
#8132 = CARTESIAN_POINT ( 'NONE',  ( 0.6486573455358947138, 2.417867600495954505, 3.551000000000009038 ) ) ;
#8133 = SURFACE_SIDE_STYLE ('',( #1733 ) ) ;
#8134 = CARTESIAN_POINT ( 'NONE',  ( -1.020000000000000462, 3.099999999999992539, 5.550000000000011369 ) ) ;
#8135 = VERTEX_POINT ( 'NONE', #1896 ) ;
#8136 = CARTESIAN_POINT ( 'NONE',  ( 0.6170846036585366789, 1.757317073170731936, 3.551000000000007262 ) ) ;
#8137 = VECTOR ( 'NONE', #4977, 1000.000000000000000 ) ;
#8138 = EDGE_CURVE ( 'NONE', #2392, #3223, #5080, .T. ) ;
#8139 =( GEOMETRIC_REPRESENTATION_CONTEXT ( 3 ) GLOBAL_UNCERTAINTY_ASSIGNED_CONTEXT ( ( #180 ) ) GLOBAL_UNIT_ASSIGNED_CONTEXT ( ( #6670, #2147, #6850 ) ) REPRESENTATION_CONTEXT ( 'NONE', 'WORKASPACE' ) );
#8140 = LINE ( 'NONE', #1698, #2488 ) ;
#8141 = LINE ( 'NONE', #4871, #1208 ) ;
#8142 = EDGE_LOOP ( 'NONE', ( #870, #8012, #4070, #5816 ) ) ;
#8143 = FACE_OUTER_BOUND ( 'NONE', #5933, .T. ) ;
#8144 = DIRECTION ( 'NONE',  ( -1.000000000000000000, -0.0000000000000000000, 0.0000000000000000000 ) ) ;
#8145 = ADVANCED_FACE ( 'NONE', ( #4332 ), #7710, .F. ) ;
#8146 = DIRECTION ( 'NONE',  ( 0.0000000000000000000, 0.3420201433256692680, -0.9396926207859083169 ) ) ;
#8147 = ORIENTED_EDGE ( 'NONE', *, *, #165, .T. ) ;
#8148 = CARTESIAN_POINT ( 'NONE',  ( 0.7510300332775421417, 2.400881156313377840, 3.550000000000008704 ) ) ;
#8149 = FILL_AREA_STYLE_COLOUR ( '', #6099 ) ;
#8150 = EDGE_CURVE ( 'NONE', #7587, #1044, #6508, .T. ) ;
#8151 = ORIENTED_EDGE ( 'NONE', *, *, #4268, .T. ) ;
#8152 = ORIENTED_EDGE ( 'NONE', *, *, #6795, .T. ) ;
#8153 = SURFACE_STYLE_FILL_AREA ( #2819 ) ;
#8154 = B_SPLINE_CURVE_WITH_KNOTS ( 'NONE', 3,
 ( #4923, #7562, #7086, #3727, #1104, #6964, #4967 ),
 .UNSPECIFIED., .F., .F.,
 ( 4, 1, 1, 1, 4 ),
 ( 0.0000000000000000000, 0.1744817153170496182, 0.3982857591281089849, 0.6738978473986669826, 1.000000000000000000 ),
 .UNSPECIFIED. ) ;
#8155 = FACE_OUTER_BOUND ( 'NONE', #1771, .T. ) ;
#8156 = MECHANICAL_DESIGN_GEOMETRIC_PRESENTATION_REPRESENTATION (  '', ( #4578 ), #5268 ) ;
#8157 = CARTESIAN_POINT ( 'NONE',  ( 0.6782586744472806073, 1.769336829329118510, 3.550000000000006928 ) ) ;
#8158 = COLOUR_RGB ( '',0.7529411764705882248, 0.7529411764705882248, 0.7529411764705882248 ) ;
#8159 =( LENGTH_UNIT ( ) NAMED_UNIT ( * ) SI_UNIT ( .MILLI., .METRE. ) );
#8160 = ORIENTED_EDGE ( 'NONE', *, *, #929, .F. ) ;
#8161 = CARTESIAN_POINT ( 'NONE',  ( 0.5127672432389367430, 1.563882989720425831, 3.551000000000007706 ) ) ;
#8162 = VECTOR ( 'NONE', #6192, 1000.000000000000000 ) ;
#8163 = PRESENTATION_LAYER_ASSIGNMENT (  '', '', ( #3365 ) ) ;
#8164 = CARTESIAN_POINT ( 'NONE',  ( 0.5785168313925826977, 1.761586438414781242, 3.550000000000010036 ) ) ;
#8165 = COLOUR_RGB ( '',0.7529411764705882248, 0.7529411764705882248, 0.7529411764705882248 ) ;
#8166 = CARTESIAN_POINT ( 'NONE',  ( 0.09004833910515740170, 4.789951660894853802, 0.4182130041253482311 ) ) ;
#8167 = DIRECTION ( 'NONE',  ( 0.9315776194850602376, -0.3635424856527064152, -1.346691305179436037E-15 ) ) ;
#8168 = ORIENTED_EDGE ( 'NONE', *, *, #2655, .F. ) ;
#8169 = ORIENTED_EDGE ( 'NONE', *, *, #1683, .T. ) ;
#8170 = VECTOR ( 'NONE', #7838, 1000.000000000000000 ) ;
#8171 = ORIENTED_EDGE ( 'NONE', *, *, #7447, .F. ) ;
#8172 = LINE ( 'NONE', #1089, #93 ) ;
#8173 = EDGE_CURVE ( 'NONE', #1144, #4041, #6989, .T. ) ;
#8174 = SURFACE_STYLE_USAGE ( .BOTH. , #5594 ) ;
#8175 = VECTOR ( 'NONE', #3218, 1000.000000000000114 ) ;
#8176 = ORIENTED_EDGE ( 'NONE', *, *, #329, .T. ) ;
#8177 = SURFACE_SIDE_STYLE ('',( #4294 ) ) ;
#8178 = CARTESIAN_POINT ( 'NONE',  ( -2.220000000000000195, -4.699999999999999289, 4.479999999999984439 ) ) ;
#8179 = VECTOR ( 'NONE', #4056, 1000.000000000000000 ) ;
#8180 = FILL_AREA_STYLE ('',( #963 ) ) ;
#8181 = DIRECTION ( 'NONE',  ( 0.0000000000000000000, 1.000000000000000000, 3.491481338843133355E-15 ) ) ;
#8182 = PRESENTATION_LAYER_ASSIGNMENT (  '', '', ( #799 ) ) ;
#8183 = FILL_AREA_STYLE ('',( #1770 ) ) ;
#8184 = EDGE_LOOP ( 'NONE', ( #998, #2225, #4497, #6250 ) ) ;
#8185 = COLOUR_RGB ( '',0.7529411764705882248, 0.7529411764705882248, 0.7529411764705882248 ) ;
#8186 = PLANE ( 'NONE',  #7002 ) ;
#8187 = CARTESIAN_POINT ( 'NONE',  ( 2.220000000000000195, 0.7999999999999953815, 4.800000000000004263 ) ) ;
#8188 = ORIENTED_EDGE ( 'NONE', *, *, #8138, .T. ) ;
#8189 = EDGE_CURVE ( 'NONE', #6095, #2690, #5719, .T. ) ;
#8190 = SURFACE_STYLE_FILL_AREA ( #3726 ) ;
#8191 = CARTESIAN_POINT ( 'NONE',  ( 0.7710000000001417941, 2.350335587582120134, 3.551000000000150703 ) ) ;
#8192 = LINE ( 'NONE', #217, #4935 ) ;
#8193 = UNCERTAINTY_MEASURE_WITH_UNIT (LENGTH_MEASURE( 1.000000000000000082E-05 ), #5922, 'distance_accuracy_value', 'NONE');
#8194 = ORIENTED_EDGE ( 'NONE', *, *, #1138, .F. ) ;
#8195 = CARTESIAN_POINT ( 'NONE',  ( -0.7700000000000002398, 0.7999999999999910516, 6.050000000000003375 ) ) ;
#8196 = ORIENTED_EDGE ( 'NONE', *, *, #5938, .F. ) ;
#8197 = EDGE_CURVE ( 'NONE', #7929, #6770, #4420, .T. ) ;
#8198 = FILL_AREA_STYLE ('',( #5402 ) ) ;
#8199 =( NAMED_UNIT ( * ) SI_UNIT ( $, .STERADIAN. ) SOLID_ANGLE_UNIT ( ) );
#8200 = CARTESIAN_POINT ( 'NONE',  ( -2.860000000000000320, 4.560000000000008491, 1.050000000000020473 ) ) ;
#8201 = CARTESIAN_POINT ( 'NONE',  ( 2.860000000000000320, 4.741985117133110883, 0.5500000000000174749 ) ) ;
#8202 = VERTEX_POINT ( 'NONE', #623 ) ;
#8203 = DIRECTION ( 'NONE',  ( 0.0000000000000000000, -1.000000000000000000, -4.322805698920368627E-15 ) ) ;
#8204 = PRESENTATION_STYLE_ASSIGNMENT (( #5537 ) ) ;
#8205 = FILL_AREA_STYLE ('',( #5491 ) ) ;
#8206 = CARTESIAN_POINT ( 'NONE',  ( 0.5139310957264052737, 1.816435146554143287, 3.550000000000010925 ) ) ;
#8207 =( NAMED_UNIT ( * ) SI_UNIT ( $, .STERADIAN. ) SOLID_ANGLE_UNIT ( ) );
#8208 = LINE ( 'NONE', #4724, #2173 ) ;
#8209 = ORIENTED_EDGE ( 'NONE', *, *, #6615, .T. ) ;
#8210 = EDGE_CURVE ( 'NONE', #413, #858, #3208, .T. ) ;
#8211 = CARTESIAN_POINT ( 'NONE',  ( 0.6790415143094963302, 1.728019774363149574, 3.550000000000008704 ) ) ;
#8212 = CARTESIAN_POINT ( 'NONE',  ( 1.020000000000000462, 3.299999999999992273, 5.800000000000012257 ) ) ;
#8213 = DIRECTION ( 'NONE',  ( -0.9406672605435404400, 0.3393303772748775815, 0.0000000000000000000 ) ) ;
#8214 = ORIENTED_EDGE ( 'NONE', *, *, #296, .F. ) ;
#8215 = DIRECTION ( 'NONE',  ( -1.000000000000000000, 0.0000000000000000000, 0.0000000000000000000 ) ) ;
#8216 = STYLED_ITEM ( 'NONE', ( #5215 ), #7644 ) ;
#8217 = CARTESIAN_POINT ( 'NONE',  ( 0.5963628385421508860, 2.417780838733138538, 3.550000000000008260 ) ) ;
#8218 = CARTESIAN_POINT ( 'NONE',  ( 0.7364782883880025555, 2.346557666218005433, 3.551000000000009482 ) ) ;
#8219 =( NAMED_UNIT ( * ) SI_UNIT ( $, .STERADIAN. ) SOLID_ANGLE_UNIT ( ) );
#8220 = DIRECTION ( 'NONE',  ( 0.9315776194850602376, -0.3635424856527064152, -1.346691305179436037E-15 ) ) ;
#8221 = CARTESIAN_POINT ( 'NONE',  ( 0.6216993714160369278, 1.757420600224206764, 3.550000000000006484 ) ) ;
#8222 = VECTOR ( 'NONE', #3606, 1000.000000000000000 ) ;
#8223 = CARTESIAN_POINT ( 'NONE',  ( -1.770000000000000018, 0.7999999999999997113, 3.550000000000003819 ) ) ;
#8224 = ORIENTED_EDGE ( 'NONE', *, *, #2255, .F. ) ;
#8225 = LINE ( 'NONE', #7075, #4280 ) ;
#8226 = PRESENTATION_STYLE_ASSIGNMENT (( #3012 ) ) ;
#8227 = LINE ( 'NONE', #2365, #7219 ) ;
#8228 = AXIS2_PLACEMENT_3D ( 'NONE', #442, #7019, #8251 ) ;
#8229 = ORIENTED_EDGE ( 'NONE', *, *, #6087, .F. ) ;
#8230 = DIRECTION ( 'NONE',  ( -1.000000000000000000, 0.0000000000000000000, 0.0000000000000000000 ) ) ;
#8231 = FILL_AREA_STYLE ('',( #2498 ) ) ;
#8232 = CARTESIAN_POINT ( 'NONE',  ( 0.7404373822243758285, 2.325006003298983881, 3.550000000000008704 ) ) ;
#8233 = UNCERTAINTY_MEASURE_WITH_UNIT (LENGTH_MEASURE( 1.000000000000000082E-05 ), #7124, 'distance_accuracy_value', 'NONE');
#8234 = MECHANICAL_DESIGN_GEOMETRIC_PRESENTATION_REPRESENTATION (  '', ( #8378 ), #2493 ) ;
#8235 = LINE ( 'NONE', #6296, #6487 ) ;
#8236 = VECTOR ( 'NONE', #5401, 999.9999999999998863 ) ;
#8237 = AXIS2_PLACEMENT_3D ( 'NONE', #96, #6076, #6768 ) ;
#8238 = ORIENTED_EDGE ( 'NONE', *, *, #267, .F. ) ;
#8239 = CARTESIAN_POINT ( 'NONE',  ( 0.7637295098056954279, 2.376740434698439763, 3.551000000000150258 ) ) ;
#8240 = CARTESIAN_POINT ( 'NONE',  ( 0.5018281051884747601, 2.279010535097945933, 3.551000000000008594 ) ) ;
#8241 =( NAMED_UNIT ( * ) SI_UNIT ( $, .STERADIAN. ) SOLID_ANGLE_UNIT ( ) );
#8242 = ORIENTED_EDGE ( 'NONE', *, *, #2554, .T. ) ;
#8243 = FILL_AREA_STYLE ('',( #4197 ) ) ;
#8244 =( LENGTH_UNIT ( ) NAMED_UNIT ( * ) SI_UNIT ( .MILLI., .METRE. ) );
#8245 = DIRECTION ( 'NONE',  ( 0.0000000000000000000, -1.000000000000000000, -3.491481338843133355E-15 ) ) ;
#8246 = EDGE_CURVE ( 'NONE', #5083, #7892, #3083, .T. ) ;
#8247 =( GEOMETRIC_REPRESENTATION_CONTEXT ( 3 ) GLOBAL_UNCERTAINTY_ASSIGNED_CONTEXT ( ( #1625 ) ) GLOBAL_UNIT_ASSIGNED_CONTEXT ( ( #6273, #4279, #4890 ) ) REPRESENTATION_CONTEXT ( 'NONE', 'WORKASPACE' ) );
#8248 = VECTOR ( 'NONE', #7491, 1000.000000000000114 ) ;
#8249 =( NAMED_UNIT ( * ) PLANE_ANGLE_UNIT ( ) SI_UNIT ( $, .RADIAN. ) );
#8250 = SURFACE_STYLE_FILL_AREA ( #5796 ) ;
#8251 = DIRECTION ( 'NONE',  ( 0.0000000000000000000, 1.000000000000000000, 3.491481338843133355E-15 ) ) ;
#8252 = DIRECTION ( 'NONE',  ( 0.0000000000000000000, 1.000000000000000000, 3.891802140991627604E-15 ) ) ;
#8253 = CARTESIAN_POINT ( 'NONE',  ( 0.5098813418763359362, 1.826736534192438866, 3.550000000000009592 ) ) ;
#8254 = DIRECTION ( 'NONE',  ( -1.000000000000000000, 0.0000000000000000000, 0.0000000000000000000 ) ) ;
#8255 = CARTESIAN_POINT ( 'NONE',  ( 0.6017073170731709331, 2.137804878048779944, 3.551000000000008594 ) ) ;
#8256 = MECHANICAL_DESIGN_GEOMETRIC_PRESENTATION_REPRESENTATION (  '', ( #5364 ), #7979 ) ;
#8257 = ORIENTED_EDGE ( 'NONE', *, *, #4993, .F. ) ;
#8258 = DIRECTION ( 'NONE',  ( 0.0000000000000000000, -3.891802140991627604E-15, 1.000000000000000000 ) ) ;
#8259 = LINE ( 'NONE', #6416, #300 ) ;
#8260 = ORIENTED_EDGE ( 'NONE', *, *, #3768, .T. ) ;
#8261 = LINE ( 'NONE', #6123, #4321 ) ;
#8262 = DIRECTION ( 'NONE',  ( -0.0000000000000000000, 1.000000000000000000, 3.491481338843133355E-15 ) ) ;
#8263 = LINE ( 'NONE', #4329, #7585 ) ;
#8264 =( GEOMETRIC_REPRESENTATION_CONTEXT ( 3 ) GLOBAL_UNCERTAINTY_ASSIGNED_CONTEXT ( ( #1531 ) ) GLOBAL_UNIT_ASSIGNED_CONTEXT ( ( #4984, #5589, #3037 ) ) REPRESENTATION_CONTEXT ( 'NONE', 'WORKASPACE' ) );
#8265 = MECHANICAL_DESIGN_GEOMETRIC_PRESENTATION_REPRESENTATION (  '', ( #6065 ), #359 ) ;
#8266 = PLANE ( 'NONE',  #6264 ) ;
#8267 = EDGE_CURVE ( 'NONE', #7884, #5819, #7651, .T. ) ;
#8268 = ORIENTED_EDGE ( 'NONE', *, *, #6955, .T. ) ;
#8269 = DIRECTION ( 'NONE',  ( 0.0000000000000000000, -3.491481338843133355E-15, 1.000000000000000000 ) ) ;
#8270 = PLANE ( 'NONE',  #5799 ) ;
#8271 = PRESENTATION_STYLE_ASSIGNMENT (( #3636 ) ) ;
#8272 = VERTEX_POINT ( 'NONE', #5973 ) ;
#8273 = DIRECTION ( 'NONE',  ( -0.7071067811865477948, 2.468850131082265344E-15, -0.7071067811865473507 ) ) ;
#8274 = VECTOR ( 'NONE', #5188, 1000.000000000000000 ) ;
#8275 = AXIS2_PLACEMENT_3D ( 'NONE', #1961, #1310, #3263 ) ;
#8276 = CARTESIAN_POINT ( 'NONE',  ( 0.6107888136961554526, 1.717192318184356026, 3.551000000000007706 ) ) ;
#8277 = STYLED_ITEM ( 'NONE', ( #536 ), #6370 ) ;
#8278 = UNCERTAINTY_MEASURE_WITH_UNIT (LENGTH_MEASURE( 1.000000000000000082E-05 ), #1121, 'distance_accuracy_value', 'NONE');
#8279 = CARTESIAN_POINT ( 'NONE',  ( 0.5018281051884747601, 2.279010535097945933, 3.551000000000008594 ) ) ;
#8280 = CARTESIAN_POINT ( 'NONE',  ( -2.860000000000000320, 3.879999999999996785, 4.480000000000012861 ) ) ;
#8281 =( NAMED_UNIT ( * ) SI_UNIT ( $, .STERADIAN. ) SOLID_ANGLE_UNIT ( ) );
#8282 = CARTESIAN_POINT ( 'NONE',  ( 2.860000000000000320, 3.879999999999994564, 5.120000000000012541 ) ) ;
#8283 = ORIENTED_EDGE ( 'NONE', *, *, #3838, .F. ) ;
#8284 =( NAMED_UNIT ( * ) PLANE_ANGLE_UNIT ( ) SI_UNIT ( $, .RADIAN. ) );
#8285 = STYLED_ITEM ( 'NONE', ( #1816 ), #2893 ) ;
#8286 = CARTESIAN_POINT ( 'NONE',  ( 0.6017073170731709331, 2.137804878048779944, 3.550000000000008260 ) ) ;
#8287 = CARTESIAN_POINT ( 'NONE',  ( 0.7407317073170731625, 2.313586128048780388, 3.550000000000009148 ) ) ;
#8288 =( GEOMETRIC_REPRESENTATION_CONTEXT ( 3 ) GLOBAL_UNCERTAINTY_ASSIGNED_CONTEXT ( ( #7197 ) ) GLOBAL_UNIT_ASSIGNED_CONTEXT ( ( #8449, #1904, #2028 ) ) REPRESENTATION_CONTEXT ( 'NONE', 'WORKASPACE' ) );
#8289 =( LENGTH_UNIT ( ) NAMED_UNIT ( * ) SI_UNIT ( .MILLI., .METRE. ) );
#8290 = MECHANICAL_DESIGN_GEOMETRIC_PRESENTATION_REPRESENTATION (  '', ( #2685 ), #1736 ) ;
#8291 = UNCERTAINTY_MEASURE_WITH_UNIT (LENGTH_MEASURE( 1.000000000000000082E-05 ), #5169, 'distance_accuracy_value', 'NONE');
#8292 = EDGE_LOOP ( 'NONE', ( #7400, #7287, #1831, #6719 ) ) ;
#8293 = LINE ( 'NONE', #8195, #3086 ) ;
#8294 = ORIENTED_EDGE ( 'NONE', *, *, #7709, .T. ) ;
#8295 = CARTESIAN_POINT ( 'NONE',  ( 0.4700000000000001954, 1.581707317073171026, 3.551000000000006818 ) ) ;
#8296 =( GEOMETRIC_REPRESENTATION_CONTEXT ( 3 ) GLOBAL_UNCERTAINTY_ASSIGNED_CONTEXT ( ( #97 ) ) GLOBAL_UNIT_ASSIGNED_CONTEXT ( ( #7142, #5873, #7102 ) ) REPRESENTATION_CONTEXT ( 'NONE', 'WORKASPACE' ) );
#8297 = DIRECTION ( 'NONE',  ( 0.3236155771181820628, -0.3236155771181854490, 0.8891264907159890374 ) ) ;
#8298 = SURFACE_SIDE_STYLE ('',( #4350 ) ) ;
#8299 = CARTESIAN_POINT ( 'NONE',  ( 0.6170846036585366789, 1.757317073170731936, 3.550000000000007372 ) ) ;
#8300 = ORIENTED_EDGE ( 'NONE', *, *, #4859, .F. ) ;
#8301 = ORIENTED_EDGE ( 'NONE', *, *, #704, .T. ) ;
#8302 = ADVANCED_FACE ( 'NONE', ( #5853, #2146, #5329, #1492 ), #6582, .F. ) ;
#8303 = STYLED_ITEM ( 'NONE', ( #7803 ), #868 ) ;
#8304 = CARTESIAN_POINT ( 'NONE',  ( 2.860000000000000320, -5.200000000000006395, 5.119999999999982343 ) ) ;
#8305 = FILL_AREA_STYLE_COLOUR ( '', #8165 ) ;
#8306 =( NAMED_UNIT ( * ) PLANE_ANGLE_UNIT ( ) SI_UNIT ( $, .RADIAN. ) );
#8307 = ORIENTED_EDGE ( 'NONE', *, *, #6999, .F. ) ;
#8308 = EDGE_LOOP ( 'NONE', ( #3827, #7078, #5952, #1694 ) ) ;
#8309 = CARTESIAN_POINT ( 'NONE',  ( 0.5012100544121134149, 2.330523925317369738, 3.550000000000009592 ) ) ;
#8310 = COLOUR_RGB ( '',0.2509803921568627416, 0.2509803921568627416, 0.2509803921568627416 ) ;
#8311 = CARTESIAN_POINT ( 'NONE',  ( 0.1380148828668992245, 5.018014882866909332, 0.5500000000000183631 ) ) ;
#8312 = ORIENTED_EDGE ( 'NONE', *, *, #7316, .T. ) ;
#8313 = LINE ( 'NONE', #1205, #1352 ) ;
#8314 = AXIS2_PLACEMENT_3D ( 'NONE', #240, #106, #1449 ) ;
#8315 = ADVANCED_FACE ( 'NONE', ( #1978 ), #1403, .F. ) ;
#8316 =( NAMED_UNIT ( * ) PLANE_ANGLE_UNIT ( ) SI_UNIT ( $, .RADIAN. ) );
#8317 = CARTESIAN_POINT ( 'NONE',  ( 0.7352702152831365190, 1.849516008320988725, 3.550000000000006928 ) ) ;
#8318 = VECTOR ( 'NONE', #1114, 1000.000000000000000 ) ;
#8319 = EDGE_LOOP ( 'NONE', ( #4969, #7961, #8379, #3971, #5592, #8224, #7037, #4892 ) ) ;
#8320 = CARTESIAN_POINT ( 'NONE',  ( 0.5039824551148485154, 2.270121926599691253, 3.551000000000009482 ) ) ;
#8321 = APPLICATION_CONTEXT ( 'automotive_design' ) ;
#8322 = DIRECTION ( 'NONE',  ( -0.7071067811865473507, -2.468850131082266527E-15, 0.7071067811865477948 ) ) ;
#8323 = AXIS2_PLACEMENT_3D ( 'NONE', #7729, #4571, #5311 ) ;
#8324 = CARTESIAN_POINT ( 'NONE',  ( 0.7215243902439024692, 2.236585365853658303, 3.551000000000009038 ) ) ;
#8325 = VECTOR ( 'NONE', #5440, 1000.000000000000000 ) ;
#8326 = FILL_AREA_STYLE ('',( #3090 ) ) ;
#8327 = ORIENTED_EDGE ( 'NONE', *, *, #2706, .T. ) ;
#8328 = DIRECTION ( 'NONE',  ( -0.0000000000000000000, 3.491481338843133355E-15, -1.000000000000000000 ) ) ;
#8329 = SURFACE_STYLE_USAGE ( .BOTH. , #2370 ) ;
#8330 = CARTESIAN_POINT ( 'NONE',  ( 0.5121692604690215589, 2.362088321807528590, 3.551000000000009926 ) ) ;
#8331 = VECTOR ( 'NONE', #394, 1000.000000000000114 ) ;
#8332 = SURFACE_STYLE_FILL_AREA ( #596 ) ;
#8333 = DIRECTION ( 'NONE',  ( 0.0000000000000000000, 1.000000000000000000, 3.491481338843133355E-15 ) ) ;
#8334 = COLOUR_RGB ( '',0.7529411764705882248, 0.7529411764705882248, 0.7529411764705882248 ) ;
#8335 =( GEOMETRIC_REPRESENTATION_CONTEXT ( 3 ) GLOBAL_UNCERTAINTY_ASSIGNED_CONTEXT ( ( #2931 ) ) GLOBAL_UNIT_ASSIGNED_CONTEXT ( ( #2973, #7559, #3644 ) ) REPRESENTATION_CONTEXT ( 'NONE', 'WORKASPACE' ) );
#8336 = EDGE_CURVE ( 'NONE', #1158, #1232, #188, .T. ) ;
#8337 = CARTESIAN_POINT ( 'NONE',  ( 0.7407317073170731625, 2.313586128048780388, 3.550000000000009148 ) ) ;
#8338 = ORIENTED_EDGE ( 'NONE', *, *, #5147, .T. ) ;
#8339 = FILL_AREA_STYLE ('',( #5827 ) ) ;
#8340 = ORIENTED_EDGE ( 'NONE', *, *, #365, .F. ) ;
#8341 = STYLED_ITEM ( 'NONE', ( #1091 ), #8043 ) ;
#8342 = DIRECTION ( 'NONE',  ( -0.0000000000000000000, 3.491481338843133355E-15, -1.000000000000000000 ) ) ;
#8343 = EDGE_CURVE ( 'NONE', #4849, #261, #2019, .T. ) ;
#8344 = LINE ( 'NONE', #5143, #206 ) ;
#8345 = DIRECTION ( 'NONE',  ( 0.0000000000000000000, 3.491481338843133355E-15, -1.000000000000000000 ) ) ;
#8346 = ORIENTED_EDGE ( 'NONE', *, *, #5755, .T. ) ;
#8347 = DIRECTION ( 'NONE',  ( 1.000000000000000000, 0.0000000000000000000, -0.0000000000000000000 ) ) ;
#8348 =( NAMED_UNIT ( * ) SI_UNIT ( $, .STERADIAN. ) SOLID_ANGLE_UNIT ( ) );
#8349 = SURFACE_STYLE_USAGE ( .BOTH. , #525 ) ;
#8350 = EDGE_LOOP ( 'NONE', ( #6647, #6912, #6871, #4133 ) ) ;
#8351 = FILL_AREA_STYLE_COLOUR ( '', #4661 ) ;
#8352 = FACE_OUTER_BOUND ( 'NONE', #3917, .T. ) ;
#8353 = CARTESIAN_POINT ( 'NONE',  ( -3.310000000000000497, 3.299999999999999822, 3.550000000000012257 ) ) ;
#8354 = PRESENTATION_LAYER_ASSIGNMENT (  '', '', ( #2467 ) ) ;
#8355 = DIRECTION ( 'NONE',  ( 0.0000000000000000000, -3.491481338843133355E-15, 1.000000000000000000 ) ) ;
#8356 = EDGE_CURVE ( 'NONE', #5083, #6240, #3317, .T. ) ;
#8357 = CARTESIAN_POINT ( 'NONE',  ( 0.3200000000000000067, 3.099999999999994316, 5.120000000000010765 ) ) ;
#8358 = DIRECTION ( 'NONE',  ( 0.7071067811865474617, 2.468850131082265738E-15, -0.7071067811865474617 ) ) ;
#8359 = SURFACE_STYLE_USAGE ( .BOTH. , #4330 ) ;
#8360 = SURFACE_STYLE_FILL_AREA ( #4466 ) ;
#8361 = CARTESIAN_POINT ( 'NONE',  ( -2.220000000000000195, 5.200000000000008171, 1.050000000000023581 ) ) ;
#8362 = CARTESIAN_POINT ( 'NONE',  ( 0.4700000000000001954, 1.581707317073171026, 3.551000000000006818 ) ) ;
#8363 = B_SPLINE_CURVE_WITH_KNOTS ( 'NONE', 3,
 ( #2763, #838, #3569, #2982, #6877, #2258, #8240, #1709, #4927, #3618, #2378 ),
 .UNSPECIFIED., .F., .F.,
 ( 4, 1, 1, 1, 1, 1, 1, 1, 4 ),
 ( 0.0000000000000000000, 0.1252796967356279434, 0.2494199707420534651, 0.3733567994928204126, 0.4966812787822857400, 0.6202029157439824525, 0.7450863201614601472, 0.8712691950191007173, 0.9999999999999998890 ),
 .UNSPECIFIED. ) ;
#8364 = EDGE_LOOP ( 'NONE', ( #2015, #4541, #2397, #7188, #7550, #3038, #4345, #4702, #5776, #6763, #5638, #8102, #2570, #1248, #7469, #1125, #1818, #7730, #5530, #2808 ) ) ;
#8365 = ORIENTED_EDGE ( 'NONE', *, *, #640, .T. ) ;
#8366 = EDGE_CURVE ( 'NONE', #6356, #3759, #3062, .T. ) ;
#8367 = UNCERTAINTY_MEASURE_WITH_UNIT (LENGTH_MEASURE( 1.000000000000000082E-05 ), #4968, 'distance_accuracy_value', 'NONE');
#8368 = CARTESIAN_POINT ( 'NONE',  ( 0.0000000000000000000, 3.099999999999994316, 5.120000000000010765 ) ) ;
#8369 = DIRECTION ( 'NONE',  ( -0.0000000000000000000, 3.491481338843133355E-15, -1.000000000000000000 ) ) ;
#8370 = VERTEX_POINT ( 'NONE', #3584 ) ;
#8371 = FACE_OUTER_BOUND ( 'NONE', #436, .T. ) ;
#8372 = PRESENTATION_LAYER_ASSIGNMENT (  '', '', ( #7405 ) ) ;
#8373 = LINE ( 'NONE', #5731, #6600 ) ;
#8374 = CARTESIAN_POINT ( 'NONE',  ( 2.358239695114664691, 5.061760304885345008, 0.6701895592001851920 ) ) ;
#8375 = DIRECTION ( 'NONE',  ( 0.0000000000000000000, -3.491481338843133355E-15, 1.000000000000000000 ) ) ;
#8376 = EDGE_CURVE ( 'NONE', #1386, #4276, #2908, .T. ) ;
#8377 = AXIS2_PLACEMENT_3D ( 'NONE', #4379, #3946, #7077 ) ;
#8378 = STYLED_ITEM ( 'NONE', ( #2075 ), #3237 ) ;
#8379 = ORIENTED_EDGE ( 'NONE', *, *, #6911, .F. ) ;
#8380 = SURFACE_SIDE_STYLE ('',( #1921 ) ) ;
#8381 = EDGE_CURVE ( 'NONE', #1238, #1922, #1633, .T. ) ;
#8382 = PLANE ( 'NONE',  #624 ) ;
#8383 = CARTESIAN_POINT ( 'NONE',  ( 0.7215243902439024692, 2.236585365853658303, 3.550000000000008704 ) ) ;
#8384 = SURFACE_STYLE_USAGE ( .BOTH. , #1315 ) ;
#8385 = CARTESIAN_POINT ( 'NONE',  ( 0.5029268292682927965, 1.918292682926829418, 3.550000000000007372 ) ) ;
#8386 = LINE ( 'NONE', #1932, #3242 ) ;
#8387 = VERTEX_POINT ( 'NONE', #4770 ) ;
#8388 = CARTESIAN_POINT ( 'NONE',  ( 0.5335956557956923474, 2.435769204743353900, 3.551000000000009038 ) ) ;
#8389 = VECTOR ( 'NONE', #6753, 1000.000000000000000 ) ;
#8390 = CARTESIAN_POINT ( 'NONE',  ( 0.5074130513654628860, 2.352157592667488473, 3.550000000000010481 ) ) ;
#8391 = CARTESIAN_POINT ( 'NONE',  ( 0.7685280243635650432, 2.272044929303144833, 3.550000000000009592 ) ) ;
#8392 = LINE ( 'NONE', #2618, #2139 ) ;
#8393 = VERTEX_POINT ( 'NONE', #238 ) ;
#8394 = DIRECTION ( 'NONE',  ( 0.0000000000000000000, -3.491481338843133355E-15, 1.000000000000000000 ) ) ;
#8395 =( NAMED_UNIT ( * ) PLANE_ANGLE_UNIT ( ) SI_UNIT ( $, .RADIAN. ) );
#8396 = PRESENTATION_LAYER_ASSIGNMENT (  '', '', ( #7163 ) ) ;
#8397 = COLOUR_RGB ( '',0.7529411764705882248, 0.7529411764705882248, 0.7529411764705882248 ) ;
#8398 = CARTESIAN_POINT ( 'NONE',  ( 1.270000000000000240, 3.099999999999992539, 5.550000000000011369 ) ) ;
#8399 = CARTESIAN_POINT ( 'NONE',  ( 3.310000000000000497, 0.7999999999999997113, 3.550000000000003819 ) ) ;
#8400 =( GEOMETRIC_REPRESENTATION_CONTEXT ( 3 ) GLOBAL_UNCERTAINTY_ASSIGNED_CONTEXT ( ( #4151 ) ) GLOBAL_UNIT_ASSIGNED_CONTEXT ( ( #7059, #1880, #5745 ) ) REPRESENTATION_CONTEXT ( 'NONE', 'WORKASPACE' ) );
#8401 = ORIENTED_EDGE ( 'NONE', *, *, #628, .T. ) ;
#8402 = COLOUR_RGB ( '',0.7529411764705882248, 0.7529411764705882248, 0.7529411764705882248 ) ;
#8403 = CARTESIAN_POINT ( 'NONE',  ( 0.7172983205343077540, 1.751144178569174592, 3.550000000000008260 ) ) ;
#8404 = FACE_OUTER_BOUND ( 'NONE', #5367, .T. ) ;
#8405 = SURFACE_STYLE_USAGE ( .BOTH. , #1906 ) ;
#8406 = CARTESIAN_POINT ( 'NONE',  ( -1.269999999999999352, 3.099999999999997868, 4.050000000000012257 ) ) ;
#8407 = FILL_AREA_STYLE ('',( #6996 ) ) ;
#8408 = LINE ( 'NONE', #1181, #1840 ) ;
#8409 = COLOUR_RGB ( '',0.7529411764705882248, 0.7529411764705882248, 0.7529411764705882248 ) ;
#8410 = LINE ( 'NONE', #3769, #8175 ) ;
#8411 = EDGE_CURVE ( 'NONE', #685, #1627, #7448, .T. ) ;
#8412 = UNCERTAINTY_MEASURE_WITH_UNIT (LENGTH_MEASURE( 1.000000000000000082E-05 ), #2135, 'distance_accuracy_value', 'NONE');
#8413 = CARTESIAN_POINT ( 'NONE',  ( 0.5233078150327843403, 1.566251423742852200, 3.550000000000006928 ) ) ;
#8414 = LINE ( 'NONE', #5823, #4336 ) ;
#8415 = DIRECTION ( 'NONE',  ( 0.0000000000000000000, 1.000000000000000000, 3.491481338843133355E-15 ) ) ;
#8416 = DIRECTION ( 'NONE',  ( 0.3236155771181821184, -0.3236155771181787322, -0.8891264907159913689 ) ) ;
#8417 = CARTESIAN_POINT ( 'NONE',  ( 0.7405903649754754792, 2.302820628330825237, 3.550000000000009592 ) ) ;
#8418 = ORIENTED_EDGE ( 'NONE', *, *, #7735, .F. ) ;
#8419 = ORIENTED_EDGE ( 'NONE', *, *, #1883, .F. ) ;
#8420 = EDGE_CURVE ( 'NONE', #7628, #6446, #902, .T. ) ;
#8421 = CARTESIAN_POINT ( 'NONE',  ( 0.7538460923732178687, 1.798870163349097551, 3.551000000000007262 ) ) ;
#8422 =( GEOMETRIC_REPRESENTATION_CONTEXT ( 3 ) GLOBAL_UNCERTAINTY_ASSIGNED_CONTEXT ( ( #3902 ) ) GLOBAL_UNIT_ASSIGNED_CONTEXT ( ( #3277, #5372, #3999 ) ) REPRESENTATION_CONTEXT ( 'NONE', 'WORKASPACE' ) );
#8423 = FILL_AREA_STYLE_COLOUR ( '', #64 ) ;
#8424 = AXIS2_PLACEMENT_3D ( 'NONE', #7200, #7830, #1974 ) ;
#8425 =( NAMED_UNIT ( * ) SI_UNIT ( $, .STERADIAN. ) SOLID_ANGLE_UNIT ( ) );
#8426 = EDGE_CURVE ( 'NONE', #4986, #2441, #3447, .T. ) ;
#8427 = CARTESIAN_POINT ( 'NONE',  ( 0.7663286590084975591, 2.263682824380140790, 3.551000000000009038 ) ) ;
#8428 = ORIENTED_EDGE ( 'NONE', *, *, #7944, .T. ) ;
#8429 = CARTESIAN_POINT ( 'NONE',  ( -0.3200000000000000067, -4.699999999999997513, 4.479999999999984439 ) ) ;
#8430 = DIRECTION ( 'NONE',  ( 0.0000000000000000000, -1.000000000000000000, -3.491481338843133355E-15 ) ) ;
#8431 = ORIENTED_EDGE ( 'NONE', *, *, #2336, .F. ) ;
#8432 = DIRECTION ( 'NONE',  ( 0.0000000000000000000, -1.000000000000000000, -3.614007241618350743E-15 ) ) ;
#8433 = DIRECTION ( 'NONE',  ( 0.0000000000000000000, -1.000000000000000000, -3.491481338843133355E-15 ) ) ;
#8434 =( LENGTH_UNIT ( ) NAMED_UNIT ( * ) SI_UNIT ( .MILLI., .METRE. ) );
#8435 = MECHANICAL_DESIGN_GEOMETRIC_PRESENTATION_REPRESENTATION (  '', ( #2955 ), #3760 ) ;
#8436 = FACE_OUTER_BOUND ( 'NONE', #2112, .T. ) ;
#8437 = PLANE ( 'NONE',  #5145 ) ;
#8438 = ORIENTED_EDGE ( 'NONE', *, *, #3387, .F. ) ;
#8439 = EDGE_CURVE ( 'NONE', #6468, #4405, #470, .T. ) ;
#8440 = CARTESIAN_POINT ( 'NONE',  ( 0.4701228475784284822, 1.868364202959133857, 3.551000000000007706 ) ) ;
#8441 = SURFACE_STYLE_USAGE ( .BOTH. , #5809 ) ;
#8442 = CARTESIAN_POINT ( 'NONE',  ( 0.4993161548618285095, 2.303675062306684840, 3.550000000000008704 ) ) ;
#8443 = SURFACE_STYLE_FILL_AREA ( #4132 ) ;
#8444 = CARTESIAN_POINT ( 'NONE',  ( 0.4692414986806841548, 2.268299699951660031, 3.551000000000008594 ) ) ;
#8445 = CARTESIAN_POINT ( 'NONE',  ( 0.5184756097560976329, 2.236585365853658303, 3.550000000000008704 ) ) ;
#8446 = COLOUR_RGB ( '',0.2509803921568627416, 0.2509803921568627416, 0.2509803921568627416 ) ;
#8447 = EDGE_CURVE ( 'NONE', #5314, #1144, #2829, .T. ) ;
#8448 = UNCERTAINTY_MEASURE_WITH_UNIT (LENGTH_MEASURE( 1.000000000000000082E-05 ), #5763, 'distance_accuracy_value', 'NONE');
#8449 =( LENGTH_UNIT ( ) NAMED_UNIT ( * ) SI_UNIT ( .MILLI., .METRE. ) );
#8450 = LINE ( 'NONE', #5642, #3894 ) ;
#8451 = VECTOR ( 'NONE', #4900, 1000.000000000000000 ) ;
#8452 = ORIENTED_EDGE ( 'NONE', *, *, #1190, .T. ) ;
#8453 = SURFACE_SIDE_STYLE ('',( #7169 ) ) ;
#8454 = CARTESIAN_POINT ( 'NONE',  ( 0.6198228588349938839, 2.459624815614104065, 3.550000000000011369 ) ) ;
#8455 =( GEOMETRIC_REPRESENTATION_CONTEXT ( 3 ) GLOBAL_UNCERTAINTY_ASSIGNED_CONTEXT ( ( #6204 ) ) GLOBAL_UNIT_ASSIGNED_CONTEXT ( ( #1660, #2124, #921 ) ) REPRESENTATION_CONTEXT ( 'NONE', 'WORKASPACE' ) );
#8456 = DIRECTION ( 'NONE',  ( -1.000000000000000000, -0.0000000000000000000, 0.0000000000000000000 ) ) ;
#8457 = MECHANICAL_DESIGN_GEOMETRIC_PRESENTATION_REPRESENTATION (  '', ( #8031 ), #4447 ) ;
#8458 = CARTESIAN_POINT ( 'NONE',  ( 0.7329908408300706002, 2.356470571933711788, 3.550000000000009148 ) ) ;
#8459 = B_SPLINE_CURVE_WITH_KNOTS ( 'NONE', 3,
 ( #8136, #1507, #5467, #966, #7470, #6868, #1550, #3558, #820, #6162, #2923, #3602, #7513, #1655, #6720, #1008, #377, #3421, #6033 ),
 .UNSPECIFIED., .F., .F.,
 ( 4, 1, 1, 1, 1, 1, 1, 1, 1, 1, 1, 1, 1, 1, 1, 1, 4 ),
 ( 0.0000000000000000000, 0.07429619169027838754, 0.1443788321467839031, 0.2104779521626760075, 0.2735146103050155042, 0.3337905786993325963, 0.3923332665120532470, 0.4498851578508359372, 0.5076124060056994569, 0.5652508075195166182, 0.6231872918394520955, 0.6813298109894397880, 0.7409400148196153557, 0.8018760316168771496, 0.8652550298431297415, 0.9309487249441322776, 1.000000000000000000 ),
 .UNSPECIFIED. ) ;
#8460 = UNCERTAINTY_MEASURE_WITH_UNIT (LENGTH_MEASURE( 1.000000000000000082E-05 ), #3185, 'distance_accuracy_value', 'NONE');
#8461 = PRESENTATION_LAYER_ASSIGNMENT (  '', '', ( #2172 ) ) ;
#8462 = VECTOR ( 'NONE', #5103, 1000.000000000000000 ) ;
#8463 = VERTEX_POINT ( 'NONE', #2267 ) ;
#8464 = EDGE_CURVE ( 'NONE', #7024, #1864, #1145, .T. ) ;
#8465 = DIRECTION ( 'NONE',  ( 0.0000000000000000000, -1.000000000000000000, -3.491481338843133355E-15 ) ) ;
#8466 = LINE ( 'NONE', #7897, #2291 ) ;
#8467 = STYLED_ITEM ( 'NONE', ( #7969 ), #4570 ) ;
#8468 = DIRECTION ( 'NONE',  ( 0.0000000000000000000, -3.491481338843133355E-15, 1.000000000000000000 ) ) ;
#8469 = COLOUR_RGB ( '',0.7529411764705882248, 0.7529411764705882248, 0.7529411764705882248 ) ;
ENDSEC;
END-ISO-10303-21;
